ticket,open_time,type,lots,open_price,close_time,close_price,profit,day_of_week,duration_minutes
1,2020.02.17 08:29,buy,0.03,1579.37,2020.02.17 10:18,1580.64,3.6,Monday,109.0
2,2020.02.18 05:08,buy,0.03,1586.69,2020.02.18 08:04,1587.59,2.49,Tuesday,176.0
3,2020.02.19 19:58,buy,0.03,1606.84,2020.02.19 21:00,1611.39,13.44,Wednesday,62.0
4,2020.02.20 05:19,buy,0.03,1609.28,2020.02.20 08:35,1609.55,0.6,Thursday,196.0
5,2020.02.20 17:24,buy,0.03,1621.32,2020.02.20 23:47,1622.13,2.22,Thursday,383.0
6,2020.02.24 03:05,buy,0.02,1662.47,2020.02.24 05:06,1662.64,0.2,Monday,121.0
7,2020.02.24 12:24,buy,0.02,1680.21,2020.02.24 14:18,1682.39,4.22,Monday,114.0
8,2020.02.26 10:31,buy,0.02,1647.92,2020.02.26 19:48,1648.09,0.2,Wednesday,557.0
9,2020.02.27 07:30,buy,0.02,1645.95,2020.02.27 08:56,1646.19,0.34,Thursday,86.0
10,2020.02.27 15:10,buy,0.02,1655.26,2020.02.27 15:36,1658.62,6.58,Thursday,26.0
11,2020.03.02 09:55,sell,0.02,1609.81,2020.03.02 11:41,1604.84,9.8,Monday,106.0
12,2020.03.02 16:29,sell,0.02,1593.15,2020.03.02 18:42,1592.07,2.02,Monday,133.0
13,2020.03.03 03:01,sell,0.02,1598.31,2020.03.03 06:18,1596.6,3.28,Tuesday,197.0
14,2020.03.03 09:06,sell,0.02,1596.73,2020.03.05 16:00,1660.13,-123.6,Tuesday,3294.0
15,2020.03.03 17:23,buy,0.02,1642.82,2020.03.03 17:37,1647.71,9.64,Tuesday,14.0
16,2020.03.04 12:07,buy,0.02,1644.24,2020.03.04 12:20,1647.11,5.6,Wednesday,13.0
17,2020.03.04 19:38,buy,0.02,1638.37,2020.03.05 01:04,1639.13,-2.2,Wednesday,326.0
18,2020.03.05 11:33,buy,0.02,1647.48,2020.03.05 12:27,1652.84,10.58,Thursday,54.0
19,2020.03.09 04:05,buy,0.02,1678.43,2020.03.09 07:22,1679.33,1.66,Monday,197.0
20,2020.03.10 07:57,buy,0.02,1662.05,2020.03.10 08:12,1662.22,0.2,Tuesday,15.0
21,2020.03.10 12:15,buy,0.02,1664.82,2020.03.10 12:18,1665.61,1.44,Tuesday,3.0
22,2020.03.10 18:49,buy,0.02,1651.93,2020.03.10 22:34,1652.65,1.3,Tuesday,225.0
23,2020.03.11 13:55,buy,0.02,1661.9,2020.03.12 13:46,1585.92,-155.68,Wednesday,1431.0
24,2020.03.12 05:18,sell,0.02,1634.99,2020.03.12 05:36,1632.96,3.92,Thursday,18.0
25,2020.03.12 08:48,sell,0.02,1642.48,2020.03.12 09:44,1636.88,11.06,Thursday,56.0
26,2020.03.12 12:11,sell,0.02,1623.86,2020.03.12 12:25,1614.88,17.82,Thursday,14.0
27,2020.03.12 16:20,sell,0.01,1570.37,2020.03.12 19:40,1569.42,0.88,Thursday,200.0
28,2020.03.16 09:11,sell,0.01,1536.11,2020.03.16 09:34,1524.71,11.33,Monday,23.0
29,2020.03.16 20:13,sell,0.01,1500.21,2020.03.17 01:07,1499.24,1.32,Monday,294.0
30,2020.03.17 04:48,sell,0.01,1502.29,2020.03.17 05:40,1497.77,4.45,Tuesday,52.0
31,2020.03.17 13:50,sell,0.01,1492.4,2020.03.18 08:49,1490.16,2.59,Tuesday,1139.0
32,2020.03.18 11:07,sell,0.01,1499.06,2020.03.18 13:00,1497.83,1.16,Wednesday,113.0
33,2020.03.18 18:16,sell,0.01,1485.29,2020.03.18 20:55,1485.08,0.14,Wednesday,159.0
34,2020.03.19 05:43,sell,0.01,1472.64,2020.03.19 12:11,1471.07,1.5,Thursday,388.0
35,2020.03.19 17:24,sell,0.01,1478.7,2020.03.19 17:54,1470.5,8.13,Thursday,30.0
36,2020.03.19 20:06,sell,0.01,1471.2,2020.03.19 22:09,1459.1,12.03,Thursday,123.0
37,2020.03.23 06:31,sell,0.01,1491.88,2020.03.23 06:55,1486.68,5.13,Monday,24.0
38,2020.03.23 16:04,buy,0.01,1541.49,2020.03.23 16:05,1541.66,0.1,Monday,1.0
39,2020.03.23 18:33,buy,0.01,1552.8,2020.03.23 19:52,1553.05,0.18,Monday,79.0
40,2020.03.25 09:25,buy,0.01,1609.15,2020.03.25 09:41,1611.69,2.47,Wednesday,16.0
41,2020.03.25 19:13,buy,0.01,1612.09,2020.03.25 22:00,1614.9,2.74,Wednesday,167.0
42,2020.03.26 05:04,buy,0.01,1604.12,2020.03.26 07:52,1604.87,0.68,Thursday,168.0
43,2020.03.26 11:27,buy,0.01,1615.8,2020.03.26 11:33,1616.28,0.41,Thursday,6.0
44,2020.03.26 16:58,buy,0.01,1636.85,2020.03.26 16:59,1637.02,0.1,Thursday,1.0
45,2020.03.26 22:42,buy,0.01,1625.99,2020.03.26 23:29,1626.28,0.22,Thursday,47.0
46,2020.03.30 08:05,buy,0.01,1619.7,2020.03.30 08:24,1619.94,0.17,Monday,19.0
47,2020.03.30 12:54,buy,0.01,1618.34,2020.03.30 13:53,1621.99,3.58,Monday,59.0
48,2020.03.31 04:05,buy,0.01,1614.01,2020.03.31 06:59,1617.95,3.87,Tuesday,174.0
49,2020.03.31 20:06,sell,0.01,1576.99,2020.03.31 20:11,1575.89,1.03,Tuesday,5.0
50,2020.04.01 10:02,buy,0.01,1594.27,2020.04.02 07:07,1594.44,-1.69,Wednesday,1265.0
51,2020.04.01 13:11,sell,0.01,1584.25,2020.04.01 13:21,1580.1,4.08,Wednesday,10.0
52,2020.04.01 15:39,sell,0.01,1585.88,2020.04.01 16:57,1583.44,2.37,Wednesday,78.0
53,2020.04.01 22:22,sell,0.01,1591.84,2020.04.02 00:31,1590.03,2.99,Wednesday,129.0
54,2020.04.02 18:49,buy,0.01,1612.85,2020.04.02 19:05,1616.0,3.08,Thursday,16.0
55,2020.04.06 03:06,buy,0.01,1619.57,2020.04.06 06:08,1620.6,0.96,Monday,182.0
56,2020.04.06 08:26,buy,0.01,1632.4,2020.04.06 08:48,1633.03,0.56,Monday,22.0
57,2020.04.06 13:27,buy,0.01,1638.8,2020.04.06 14:00,1648.71,9.84,Monday,33.0
58,2020.04.06 20:51,buy,0.01,1657.6,2020.04.06 22:17,1661.05,3.38,Monday,86.0
59,2020.04.07 10:00,buy,0.01,1650.64,2020.04.07 11:00,1654.32,3.61,Tuesday,60.0
60,2020.04.07 13:31,buy,0.01,1650.56,2020.04.07 14:35,1654.25,3.62,Tuesday,64.0
61,2020.04.07 17:18,buy,0.01,1653.95,2020.04.07 19:49,1656.4,2.38,Tuesday,151.0
62,2020.04.08 06:06,buy,0.01,1645.63,2020.04.08 07:23,1653.35,7.65,Wednesday,77.0
63,2020.04.08 10:35,buy,0.01,1651.48,2020.04.08 12:47,1653.22,1.67,Wednesday,132.0
64,2020.04.08 15:32,buy,0.01,1649.62,2020.04.08 16:33,1649.79,0.1,Wednesday,61.0
65,2020.04.08 22:58,buy,0.01,1647.28,2020.04.09 04:15,1647.47,-1.67,Wednesday,317.0
66,2020.04.09 08:53,buy,0.01,1657.19,2020.04.09 09:05,1660.62,3.36,Thursday,12.0
67,2020.04.09 11:09,buy,0.01,1661.34,2020.04.09 11:50,1662.65,1.24,Thursday,41.0
68,2020.04.13 22:12,buy,0.01,1712.29,2020.04.13 23:11,1717.14,4.78,Monday,59.0
69,2020.04.14 04:43,buy,0.01,1715.86,2020.04.14 07:57,1723.47,7.54,Tuesday,194.0
70,2020.04.14 20:23,buy,0.01,1726.99,2020.04.15 00:50,1728.43,0.77,Tuesday,267.0
71,2020.04.15 09:33,buy,0.01,1713.09,2020.04.15 10:06,1717.58,4.42,Wednesday,33.0
72,2020.04.15 15:30,buy,0.01,1718.16,2020.04.15 18:05,1718.33,0.1,Wednesday,155.0
73,2020.04.16 10:06,buy,0.01,1721.9,2020.04.16 10:43,1726.13,4.16,Thursday,37.0
74,2020.04.16 13:09,buy,0.01,1724.23,2020.04.16 13:50,1726.2,1.9,Thursday,41.0
75,2020.04.20 09:45,sell,0.01,1682.35,2020.04.20 10:27,1678.54,3.74,Monday,42.0
76,2020.04.20 14:23,buy,0.01,1685.31,2020.04.20 15:09,1695.83,10.45,Monday,46.0
77,2020.04.20 17:10,buy,0.01,1694.26,2020.04.20 19:36,1694.98,0.65,Monday,146.0
78,2020.04.21 08:18,buy,0.01,1693.49,2020.04.22 07:51,1696.69,2.53,Tuesday,1413.0
79,2020.04.21 15:59,sell,0.01,1677.71,2020.04.21 16:01,1677.54,0.1,Tuesday,2.0
80,2020.04.22 18:11,buy,0.01,1714.88,2020.04.22 20:03,1717.06,2.11,Wednesday,112.0
81,2020.04.23 06:52,buy,0.01,1716.32,2020.04.23 08:05,1718.27,1.88,Thursday,73.0
82,2020.04.23 13:42,buy,0.01,1730.05,2020.04.23 14:12,1732.31,2.19,Thursday,30.0
83,2020.04.23 16:15,buy,0.01,1728.48,2020.04.23 16:45,1728.68,0.13,Thursday,30.0
84,2020.04.27 03:26,buy,0.01,1722.3,2020.05.01 19:00,1702.62,-23.33,Monday,6694.0
85,2020.04.28 09:43,sell,0.01,1710.81,2020.04.28 10:29,1710.64,0.1,Tuesday,46.0
86,2020.04.28 16:44,sell,0.01,1705.14,2020.04.28 19:33,1704.74,0.33,Tuesday,169.0
87,2020.04.29 19:06,sell,0.01,1705.23,2020.04.30 12:42,1696.11,10.3,Wednesday,1056.0
88,2020.05.04 17:39,buy,0.01,1706.3,2020.05.04 18:08,1706.47,0.1,Monday,29.0
89,2020.05.04 20:36,buy,0.01,1703.49,2020.05.05 08:08,1703.66,-0.5,Monday,692.0
90,2020.05.05 05:31,sell,0.01,1701.19,2020.05.05 07:03,1699.14,1.98,Tuesday,92.0
91,2020.05.05 14:11,sell,0.01,1697.09,2020.05.06 12:52,1696.48,0.96,Tuesday,1361.0
92,2020.05.06 03:04,buy,0.01,1702.84,2020.05.06 05:01,1703.01,0.1,Wednesday,117.0
93,2020.05.07 05:37,sell,0.01,1690.98,2020.05.07 06:01,1687.76,3.15,Thursday,24.0
94,2020.05.11 04:01,buy,0.01,1708.12,2020.05.12 15:02,1708.88,0.09,Monday,2101.0
95,2020.05.11 20:39,sell,0.01,1698.05,2020.05.11 22:56,1696.6,1.38,Monday,137.0
96,2020.05.12 22:22,sell,0.01,1704.43,2020.05.13 01:58,1703.6,1.18,Tuesday,216.0
97,2020.05.13 06:47,buy,0.01,1703.67,2020.05.13 10:22,1703.84,0.1,Wednesday,215.0
98,2020.05.13 12:29,buy,0.01,1710.15,2020.05.13 12:47,1711.26,1.04,Wednesday,18.0
99,2020.05.13 20:23,buy,0.01,1715.42,2020.05.13 23:42,1717.4,1.91,Wednesday,199.0
100,2020.05.14 03:54,buy,0.01,1713.35,2020.05.14 06:27,1714.96,1.54,Thursday,153.0
101,2020.05.14 10:59,buy,0.01,1715.5,2020.05.14 12:54,1718.07,2.5,Thursday,115.0
102,2020.05.14 17:18,buy,0.01,1731.02,2020.05.14 19:06,1732.74,1.65,Thursday,108.0
103,2020.05.14 22:17,buy,0.01,1729.42,2020.05.14 23:30,1732.02,2.53,Thursday,73.0
104,2020.05.18 07:23,buy,0.01,1760.92,2020.05.18 10:22,1763.11,2.12,Monday,179.0
105,2020.05.19 03:50,buy,0.01,1736.9,2020.05.19 09:20,1737.12,0.15,Tuesday,330.0
106,2020.05.19 22:25,buy,0.02,1744.62,2020.05.20 00:17,1744.85,-0.87,Tuesday,112.0
107,2020.05.20 07:33,buy,0.02,1751.29,2020.05.20 12:08,1751.66,0.6,Wednesday,275.0
108,2020.05.20 17:22,buy,0.02,1747.71,2020.05.20 17:45,1749.78,4.0,Wednesday,23.0
109,2020.05.20 20:08,buy,0.02,1749.51,2020.05.22 19:00,1734.99,-33.95,Wednesday,2812.0
110,2020.05.21 17:21,sell,0.02,1723.27,2020.05.21 17:58,1723.1,0.2,Thursday,37.0
111,2020.05.21 20:03,sell,0.02,1725.53,2020.05.22 19:00,1735.19,-18.62,Thursday,1377.0
112,2020.05.25 07:25,sell,0.02,1726.84,2020.05.25 13:38,1723.57,6.4,Monday,373.0
113,2020.05.26 08:22,sell,0.02,1728.32,2020.05.26 08:42,1727.32,1.86,Tuesday,20.0
114,2020.05.26 15:03,sell,0.02,1712.09,2020.05.26 15:16,1710.72,2.6,Tuesday,13.0
115,2020.05.26 18:30,sell,0.02,1713.52,2020.05.26 19:39,1710.84,5.22,Tuesday,69.0
116,2020.05.27 16:52,sell,0.02,1706.2,2020.05.29 19:00,1731.16,-46.72,Wednesday,3008.0
117,2020.06.01 10:31,buy,0.02,1735.67,2020.06.01 14:54,1736.49,1.5,Monday,263.0
118,2020.06.02 05:46,buy,0.02,1738.48,2020.06.02 06:00,1738.78,0.46,Tuesday,14.0
119,2020.06.02 15:19,buy,0.02,1738.48,2020.06.03 20:00,1697.45,-83.39,Tuesday,1721.0
120,2020.06.02 17:04,sell,0.02,1725.01,2020.06.03 00:01,1722.16,6.4,Tuesday,417.0
121,2020.06.03 05:41,sell,0.02,1723.5,2020.06.03 06:36,1723.33,0.2,Wednesday,55.0
122,2020.06.03 19:59,sell,0.02,1697.61,2020.06.05 12:30,1694.05,10.32,Wednesday,2431.0
123,2020.06.09 04:51,sell,0.02,1695.99,2020.06.09 06:28,1694.29,3.26,Tuesday,97.0
124,2020.06.09 15:39,buy,0.02,1718.0,2020.06.10 06:00,1718.17,-0.99,Tuesday,861.0
125,2020.06.10 15:25,buy,0.02,1716.27,2020.06.10 18:14,1726.86,21.04,Wednesday,169.0
126,2020.06.11 10:26,buy,0.02,1732.05,2020.06.11 12:56,1732.44,0.64,Thursday,150.0
127,2020.06.11 16:09,buy,0.02,1736.52,2020.06.12 10:50,1736.69,-0.99,Thursday,1121.0
128,2020.06.15 03:23,buy,0.02,1729.49,2020.06.16 02:30,1730.34,0.37,Monday,1387.0
129,2020.06.15 12:30,sell,0.02,1710.57,2020.06.15 12:35,1709.59,1.82,Monday,5.0
130,2020.06.16 06:53,buy,0.02,1725.82,2020.06.16 07:46,1728.14,4.5,Tuesday,53.0
131,2020.06.16 18:45,buy,0.02,1726.88,2020.06.17 00:30,1727.17,-0.75,Tuesday,345.0
132,2020.06.17 12:30,sell,0.02,1717.42,2020.06.19 19:00,1741.04,-44.04,Wednesday,3270.0
133,2020.06.17 20:28,buy,0.02,1728.2,2020.06.18 08:56,1730.12,0.12,Wednesday,748.0
134,2020.06.22 03:05,buy,0.02,1751.43,2020.06.22 05:31,1752.39,1.78,Monday,146.0
135,2020.06.22 22:16,buy,0.02,1754.4,2020.06.22 23:36,1754.99,1.04,Monday,80.0
136,2020.06.23 22:29,buy,0.02,1768.99,2020.06.24 00:24,1771.74,4.17,Tuesday,115.0
137,2020.06.24 05:41,buy,0.02,1770.88,2020.06.24 08:24,1772.04,2.18,Wednesday,163.0
138,2020.06.24 13:50,buy,0.02,1770.78,2020.06.24 14:53,1772.72,3.74,Wednesday,63.0
139,2020.06.25 14:30,buy,0.02,1760.23,2020.06.25 16:11,1762.45,4.3,Thursday,101.0
140,2020.06.25 19:47,buy,0.02,1763.09,2020.06.25 23:20,1764.7,3.08,Thursday,213.0
141,2020.06.30 04:50,buy,0.02,1771.65,2020.06.30 06:34,1772.14,0.84,Tuesday,104.0
142,2020.06.30 10:12,buy,0.02,1771.1,2020.06.30 14:19,1773.21,4.08,Tuesday,247.0
143,2020.06.30 16:42,buy,0.02,1783.15,2020.07.01 03:55,1783.32,-0.99,Tuesday,673.0
144,2020.07.01 12:48,buy,0.02,1778.8,2020.07.06 12:21,1781.54,-0.62,Wednesday,7173.0
145,2020.07.06 16:48,buy,0.02,1782.67,2020.07.06 18:43,1784.62,3.76,Monday,115.0
146,2020.07.07 06:42,buy,0.02,1784.45,2020.07.07 13:58,1784.82,0.6,Tuesday,436.0
147,2020.07.07 22:50,buy,0.02,1794.75,2020.07.08 08:08,1797.91,4.99,Tuesday,558.0
148,2020.07.08 15:46,buy,0.02,1810.6,2020.07.08 17:25,1812.13,2.92,Wednesday,99.0
149,2020.07.09 06:36,buy,0.02,1810.74,2020.07.09 09:00,1814.45,7.28,Thursday,144.0
150,2020.07.09 22:14,buy,0.02,1802.13,2020.07.09 23:59,1803.63,2.86,Thursday,105.0
151,2020.07.13 12:59,buy,0.02,1808.04,2020.07.13 13:16,1808.99,1.76,Monday,17.0
152,2020.07.13 17:24,buy,0.02,1810.51,2020.07.15 08:36,1812.97,2.39,Monday,2352.0
153,2020.07.15 13:01,buy,0.02,1807.76,2020.07.15 14:41,1810.77,5.88,Wednesday,100.0
154,2020.07.15 17:47,buy,0.02,1812.03,2020.07.16 00:06,1812.45,-2.88,Wednesday,379.0
155,2020.07.16 09:53,buy,0.02,1805.08,2020.07.16 11:37,1805.9,1.5,Thursday,104.0
156,2020.07.16 15:03,buy,0.02,1808.05,2020.07.17 13:24,1808.27,-0.89,Thursday,1341.0
157,2020.07.20 08:00,buy,0.02,1810.11,2020.07.20 09:19,1810.74,1.12,Monday,79.0
158,2020.07.20 11:52,buy,0.02,1814.38,2020.07.20 12:35,1815.91,2.92,Monday,43.0
159,2020.07.20 20:32,buy,0.02,1818.0,2020.07.21 03:26,1818.55,-0.23,Monday,414.0
160,2020.07.22 07:58,buy,0.02,1854.09,2020.07.22 10:05,1855.16,2.0,Wednesday,127.0
161,2020.07.23 10:39,buy,0.02,1881.55,2020.07.23 14:41,1888.09,12.94,Thursday,242.0
162,2020.07.23 18:59,buy,0.02,1888.21,2020.07.23 22:12,1888.38,0.2,Thursday,193.0
163,2020.07.27 10:58,buy,0.02,1942.66,2020.07.27 11:03,1943.62,1.78,Monday,5.0
164,2020.07.27 13:20,buy,0.02,1936.25,2020.07.27 13:50,1942.12,11.6,Monday,30.0
165,2020.07.27 16:35,buy,0.02,1937.92,2020.07.27 18:01,1939.31,2.64,Monday,86.0
166,2020.07.28 10:39,buy,0.02,1929.97,2020.07.28 11:38,1931.48,2.88,Tuesday,59.0
167,2020.07.28 17:09,buy,0.02,1947.39,2020.07.28 18:00,1952.91,10.9,Tuesday,51.0
168,2020.07.29 05:11,buy,0.02,1951.65,2020.07.29 06:16,1954.99,6.54,Wednesday,65.0
169,2020.07.29 09:19,buy,0.02,1958.87,2020.07.29 13:06,1960.0,2.12,Wednesday,227.0
170,2020.07.30 10:22,buy,0.02,1952.32,2020.07.30 10:46,1954.09,3.4,Thursday,24.0
171,2020.07.30 18:50,buy,0.02,1953.39,2020.07.30 19:35,1955.07,3.22,Thursday,45.0
172,2020.08.03 07:14,buy,0.02,1972.41,2020.08.03 14:54,1972.77,0.58,Monday,460.0
173,2020.08.04 04:16,buy,0.02,1973.04,2020.08.04 06:07,1975.33,4.44,Tuesday,111.0
174,2020.08.04 16:41,buy,0.02,1995.46,2020.08.04 17:16,2003.17,15.28,Tuesday,35.0
175,2020.08.05 11:58,buy,0.02,2042.79,2020.08.05 13:42,2044.58,3.44,Wednesday,104.0
176,2020.08.05 16:48,buy,0.02,2033.87,2020.08.05 17:30,2034.43,0.98,Wednesday,42.0
177,2020.08.05 22:50,buy,0.02,2039.51,2020.08.06 01:01,2041.57,0.4,Wednesday,131.0
178,2020.08.06 04:40,buy,0.02,2043.64,2020.08.06 05:10,2044.94,2.46,Thursday,30.0
179,2020.08.06 12:51,buy,0.02,2056.9,2020.08.06 13:18,2057.17,0.4,Thursday,27.0
180,2020.08.06 20:04,buy,0.02,2063.2,2020.08.06 20:51,2065.04,3.54,Thursday,47.0
181,2020.08.10 08:16,buy,0.02,2032.08,2020.08.10 08:32,2032.79,1.28,Monday,16.0
182,2020.08.10 11:40,buy,0.02,2030.95,2020.08.10 12:06,2032.55,3.06,Monday,26.0
183,2020.08.11 09:47,sell,0.02,1994.3,2020.08.11 10:06,1991.82,4.82,Tuesday,19.0
184,2020.08.12 10:08,sell,0.01,1931.32,2020.08.12 11:23,1930.26,0.99,Wednesday,75.0
185,2020.08.13 06:20,sell,0.01,1930.39,2020.08.13 07:38,1930.06,0.26,Thursday,78.0
186,2020.08.13 19:21,sell,0.01,1946.68,2020.08.14 02:58,1946.47,0.56,Thursday,457.0
187,2020.08.17 05:04,sell,0.01,1943.4,2020.08.19 18:17,1940.4,3.77,Monday,3673.0
188,2020.08.17 18:18,buy,0.01,1982.59,2020.08.17 20:00,1983.71,1.05,Monday,102.0
189,2020.08.17 22:29,buy,0.01,1981.48,2020.08.18 01:02,1985.83,3.68,Monday,153.0
190,2020.08.18 05:06,buy,0.01,1991.36,2020.08.18 05:50,1997.49,6.06,Tuesday,44.0
191,2020.08.20 06:27,sell,0.01,1949.63,2020.08.20 06:51,1943.93,5.63,Thursday,24.0
192,2020.08.20 15:15,sell,0.01,1941.62,2020.08.20 17:15,1939.0,2.55,Thursday,120.0
193,2020.08.24 03:04,sell,0.01,1935.52,2020.08.24 04:06,1932.6,2.85,Monday,62.0
194,2020.08.24 13:17,sell,0.01,1945.24,2020.08.24 13:22,1943.49,1.68,Monday,5.0
195,2020.08.25 07:38,sell,0.01,1933.06,2020.08.25 08:26,1926.5,6.49,Tuesday,48.0
196,2020.08.25 13:24,sell,0.01,1928.66,2020.08.25 13:46,1926.72,1.87,Tuesday,22.0
197,2020.08.25 20:31,sell,0.01,1927.85,2020.08.26 00:53,1927.68,0.52,Tuesday,262.0
198,2020.08.26 06:51,sell,0.01,1918.88,2020.08.26 07:11,1915.64,3.17,Wednesday,20.0
199,2020.08.26 09:20,sell,0.01,1921.14,2020.08.26 12:23,1911.1,9.97,Wednesday,183.0
200,2020.08.26 22:34,buy,0.01,1951.71,2020.08.27 13:15,1963.02,9.45,Wednesday,881.0
201,2020.08.27 16:08,sell,0.01,1928.99,2020.08.27 17:02,1923.26,5.66,Thursday,54.0
202,2020.08.27 20:04,sell,0.01,1930.17,2020.08.27 20:56,1929.0,1.1,Thursday,52.0
203,2020.08.31 18:32,buy,0.01,1968.31,2020.09.01 00:24,1968.89,-0.09,Monday,352.0
204,2020.09.01 06:50,buy,0.01,1985.41,2020.09.01 07:09,1987.8,2.32,Tuesday,19.0
205,2020.09.01 09:34,buy,0.01,1988.01,2020.09.01 10:41,1988.94,0.86,Tuesday,67.0
206,2020.09.01 13:27,buy,0.01,1989.73,2020.09.04 19:00,1935.8,-56.98,Tuesday,4653.0
207,2020.09.02 18:50,sell,0.01,1940.58,2020.09.03 05:03,1937.55,4.21,Wednesday,613.0
208,2020.09.03 12:58,sell,0.01,1932.23,2020.09.03 15:21,1924.86,7.3,Thursday,143.0
209,2020.09.03 20:41,sell,0.01,1929.79,2020.09.03 23:59,1927.7,2.02,Thursday,198.0
210,2020.09.07 22:23,sell,0.01,1930.88,2020.09.08 00:41,1926.96,4.27,Monday,138.0
211,2020.09.08 05:17,sell,0.01,1925.82,2020.09.08 09:04,1924.18,1.57,Tuesday,227.0
212,2020.09.08 11:06,sell,0.01,1916.68,2020.09.08 11:50,1912.83,3.78,Tuesday,44.0
213,2020.09.10 03:44,buy,0.01,1946.5,2020.09.10 05:31,1947.13,0.56,Thursday,107.0
214,2020.09.10 15:12,buy,0.01,1957.7,2020.09.11 19:00,1940.89,-17.48,Thursday,1668.0
215,2020.09.14 05:15,buy,0.01,1946.42,2020.09.14 12:13,1947.09,0.6,Monday,418.0
216,2020.09.14 22:10,buy,0.01,1957.28,2020.09.15 00:10,1957.45,-0.5,Monday,120.0
217,2020.09.15 18:27,buy,0.01,1954.58,2020.09.15 22:45,1954.75,0.1,Tuesday,258.0
218,2020.09.16 06:31,buy,0.01,1958.05,2020.09.16 07:30,1963.33,5.21,Wednesday,59.0
219,2020.09.16 09:55,buy,0.01,1964.25,2020.09.16 12:13,1965.61,1.29,Wednesday,138.0
220,2020.09.16 16:28,buy,0.01,1966.07,2020.09.16 18:42,1968.47,2.33,Wednesday,134.0
221,2020.09.17 04:45,sell,0.01,1939.15,2020.09.17 09:37,1938.98,0.1,Thursday,292.0
222,2020.09.17 16:54,sell,0.01,1943.94,2020.09.18 19:00,1951.64,-7.35,Thursday,1566.0
223,2020.09.21 05:34,buy,0.01,1952.63,2020.09.21 07:17,1953.14,0.44,Monday,103.0
224,2020.09.21 17:53,sell,0.01,1909.1,2020.09.21 18:50,1908.9,0.13,Monday,57.0
225,2020.09.21 22:20,sell,0.01,1913.16,2020.09.22 01:21,1908.97,4.54,Monday,181.0
226,2020.09.22 04:29,sell,0.01,1914.1,2020.09.22 05:47,1910.19,3.84,Tuesday,78.0
227,2020.09.22 09:15,sell,0.01,1903.68,2020.09.22 15:01,1901.96,1.65,Tuesday,346.0
228,2020.09.23 07:26,sell,0.01,1880.69,2020.09.23 07:56,1876.8,3.82,Wednesday,30.0
229,2020.09.23 15:40,sell,0.01,1867.3,2020.09.23 15:45,1866.33,0.9,Wednesday,5.0
230,2020.09.24 10:24,sell,0.01,1853.87,2020.09.24 12:47,1853.7,0.1,Thursday,143.0
231,2020.09.28 05:59,sell,0.01,1856.78,2020.09.28 08:25,1855.54,1.17,Monday,146.0
232,2020.09.28 10:44,sell,0.01,1858.06,2020.10.02 19:00,1903.32,-42.82,Monday,6256.0
233,2020.09.29 18:16,buy,0.01,1896.15,2020.09.29 20:43,1897.71,1.49,Tuesday,147.0
234,2020.10.01 11:42,buy,0.01,1899.52,2020.10.01 11:48,1900.72,1.13,Thursday,6.0
235,2020.10.01 18:13,buy,0.01,1905.68,2020.10.01 19:22,1905.85,0.1,Thursday,69.0
236,2020.10.05 09:57,buy,0.01,1900.85,2020.10.05 12:16,1904.61,3.69,Monday,139.0
237,2020.10.06 06:40,buy,0.01,1910.7,2020.10.06 07:11,1912.76,1.99,Tuesday,31.0
238,2020.10.06 15:40,buy,0.01,1910.36,2020.10.09 03:45,1911.37,-2.04,Tuesday,3605.0
239,2020.10.07 06:05,sell,0.01,1885.83,2020.10.07 11:11,1884.54,1.22,Wednesday,306.0
240,2020.10.07 17:12,sell,0.01,1886.64,2020.10.08 00:10,1885.38,2.44,Wednesday,418.0
241,2020.10.08 04:40,sell,0.01,1885.07,2020.10.08 14:33,1884.9,0.1,Thursday,593.0
242,2020.10.08 19:08,sell,0.01,1892.46,2020.10.09 19:00,1928.26,-35.45,Thursday,1432.0
243,2020.10.12 04:08,buy,0.01,1927.36,2020.10.12 04:50,1929.09,1.66,Monday,42.0
244,2020.10.12 07:48,buy,0.01,1924.67,2020.10.12 12:20,1925.49,0.75,Monday,272.0
245,2020.10.12 20:45,buy,0.01,1922.85,2020.10.12 23:00,1923.65,0.73,Monday,135.0
246,2020.10.13 06:55,buy,0.01,1917.38,2020.10.13 07:54,1919.01,1.56,Tuesday,59.0
247,2020.10.13 10:04,buy,0.01,1920.84,2020.10.13 12:23,1921.54,0.63,Tuesday,139.0
248,2020.10.13 17:41,sell,0.01,1890.27,2020.10.14 01:22,1884.86,5.76,Tuesday,461.0
249,2020.10.14 09:19,sell,0.02,1897.79,2020.10.14 09:50,1896.73,1.98,Wednesday,31.0
250,2020.10.15 04:01,sell,0.02,1897.83,2020.10.15 06:08,1897.66,0.2,Thursday,127.0
251,2020.10.15 12:55,sell,0.02,1895.12,2020.10.16 19:00,1903.71,-16.48,Thursday,1805.0
252,2020.10.15 17:23,buy,0.02,1904.06,2020.10.15 17:45,1906.61,4.96,Thursday,22.0
253,2020.10.19 09:27,buy,0.02,1910.45,2020.10.19 10:43,1911.58,2.12,Monday,76.0
254,2020.10.19 18:20,buy,0.02,1906.23,2020.10.20 09:47,1906.45,-0.89,Monday,927.0
255,2020.10.19 20:41,sell,0.02,1903.42,2020.10.19 23:45,1903.12,0.46,Monday,184.0
256,2020.10.20 05:16,sell,0.02,1902.41,2020.10.20 05:51,1901.32,2.04,Tuesday,35.0
257,2020.10.20 20:07,buy,0.02,1909.82,2020.10.20 23:03,1910.9,2.02,Tuesday,176.0
258,2020.10.21 05:49,buy,0.02,1916.97,2020.10.21 06:49,1918.58,3.08,Wednesday,60.0
259,2020.10.22 08:35,buy,0.02,1918.76,2020.10.23 19:00,1902.01,-34.83,Thursday,2065.0
260,2020.10.22 16:29,sell,0.02,1901.74,2020.10.23 14:26,1901.4,1.38,Thursday,1317.0
261,2020.10.26 07:05,sell,0.02,1897.73,2020.10.28 10:45,1897.56,1.87,Monday,3100.0
262,2020.10.27 19:31,buy,0.02,1906.8,2020.10.28 05:10,1907.79,0.65,Tuesday,579.0
263,2020.10.28 15:33,sell,0.02,1876.92,2020.10.28 20:24,1876.64,0.42,Wednesday,291.0
264,2020.10.29 03:39,sell,0.02,1880.51,2020.10.29 08:09,1879.83,1.22,Thursday,270.0
265,2020.10.29 11:10,sell,0.02,1877.97,2020.10.29 11:44,1876.79,2.22,Thursday,34.0
266,2020.10.29 13:49,sell,0.02,1865.85,2020.10.30 19:00,1879.99,-27.58,Thursday,1751.0
267,2020.11.02 09:27,sell,0.02,1886.33,2020.11.04 01:00,1882.34,9.51,Monday,2373.0
268,2020.11.03 09:22,buy,0.02,1897.42,2020.11.03 09:41,1898.28,1.58,Tuesday,19.0
269,2020.11.04 05:58,buy,0.02,1897.86,2020.11.04 12:04,1902.65,9.44,Wednesday,366.0
270,2020.11.04 09:02,sell,0.02,1893.73,2020.11.04 10:47,1888.93,9.46,Wednesday,105.0
271,2020.11.05 10:14,buy,0.02,1916.85,2020.11.05 10:30,1917.02,0.2,Thursday,16.0
272,2020.11.10 03:59,sell,0.02,1880.9,2020.11.10 05:50,1880.5,0.66,Tuesday,111.0
273,2020.11.10 11:36,sell,0.02,1876.8,2020.11.10 13:41,1875.18,3.1,Tuesday,125.0
274,2020.11.10 16:30,sell,0.02,1884.23,2020.11.10 18:37,1876.32,15.68,Tuesday,127.0
275,2020.11.11 06:00,sell,0.02,1881.89,2020.11.11 07:17,1878.97,5.7,Wednesday,77.0
276,2020.11.11 15:50,sell,0.02,1864.47,2020.11.11 17:34,1863.08,2.64,Wednesday,104.0
277,2020.11.12 07:56,sell,0.02,1869.17,2020.11.12 08:27,1864.8,8.6,Thursday,31.0
278,2020.11.12 11:41,sell,0.02,1871.73,2020.11.12 13:08,1870.72,1.88,Thursday,87.0
279,2020.11.16 04:06,buy,0.02,1895.24,2020.11.20 19:00,1873.64,-50.5,Monday,6654.0
280,2020.11.17 10:21,sell,0.02,1889.82,2020.11.17 10:39,1887.71,4.08,Tuesday,18.0
281,2020.11.18 04:41,sell,0.02,1879.31,2020.11.18 06:15,1877.79,2.9,Wednesday,94.0
282,2020.11.19 04:10,sell,0.02,1868.12,2020.11.19 05:45,1859.75,16.6,Thursday,95.0
283,2020.11.19 12:31,sell,0.02,1861.92,2020.11.19 13:40,1854.27,15.16,Thursday,69.0
284,2020.11.23 12:22,sell,0.02,1868.17,2020.11.23 13:32,1865.21,5.78,Monday,70.0
285,2020.11.23 17:23,sell,0.02,1838.41,2020.11.23 19:35,1838.24,0.2,Monday,132.0
286,2020.11.24 03:51,sell,0.02,1825.29,2020.11.24 09:00,1825.12,0.2,Tuesday,309.0
287,2020.11.24 15:09,sell,0.02,1803.42,2020.11.24 15:15,1803.25,0.2,Tuesday,6.0
288,2020.11.24 20:00,sell,0.02,1803.77,2020.11.25 04:17,1803.52,1.2,Tuesday,497.0
289,2020.11.25 12:12,sell,0.02,1812.37,2020.11.25 15:11,1812.2,0.2,Wednesday,179.0
290,2020.11.26 03:19,sell,0.02,1811.16,2020.11.26 04:41,1810.48,1.22,Thursday,82.0
291,2020.11.26 11:35,sell,0.02,1814.0,2020.11.26 12:45,1813.15,1.56,Thursday,70.0
292,2020.11.26 15:52,sell,0.02,1809.29,2020.11.27 02:59,1809.12,1.04,Thursday,667.0
293,2020.11.30 04:53,sell,0.02,1771.27,2020.11.30 05:06,1768.88,4.64,Monday,13.0
294,2020.11.30 07:08,sell,0.02,1774.9,2020.11.30 09:53,1774.21,1.24,Monday,165.0
295,2020.11.30 19:05,sell,0.02,1779.94,2020.11.30 20:42,1777.54,4.66,Monday,97.0
296,2020.12.02 04:05,sell,0.02,1810.0,2020.12.02 05:15,1809.08,1.7,Wednesday,70.0
297,2020.12.02 15:56,sell,0.02,1826.04,2020.12.02 18:02,1825.87,0.2,Wednesday,126.0
298,2020.12.03 09:54,buy,0.02,1837.31,2020.12.03 11:38,1840.19,5.62,Thursday,104.0
299,2020.12.03 20:38,buy,0.02,1839.52,2020.12.03 21:15,1841.29,3.4,Thursday,37.0
300,2020.12.07 10:20,buy,0.02,1832.11,2020.12.07 10:23,1832.48,0.6,Monday,3.0
301,2020.12.07 17:44,buy,0.02,1865.17,2020.12.08 02:27,1865.34,-0.99,Monday,523.0
302,2020.12.08 05:54,buy,0.02,1867.84,2020.12.08 13:47,1868.67,1.52,Tuesday,473.0
303,2020.12.09 12:20,buy,0.02,1857.55,2020.12.09 13:12,1860.89,6.54,Wednesday,52.0
304,2020.12.09 15:06,sell,0.02,1841.74,2020.12.09 15:24,1840.65,2.04,Wednesday,18.0
305,2020.12.10 14:29,buy,0.02,1842.41,2020.12.10 14:41,1847.19,9.42,Thursday,12.0
306,2020.12.14 12:04,sell,0.02,1827.76,2020.12.14 13:00,1824.97,5.44,Monday,56.0
307,2020.12.14 18:43,sell,0.02,1827.95,2020.12.14 20:14,1826.61,2.54,Monday,91.0
308,2020.12.15 11:24,buy,0.02,1843.71,2020.12.16 04:00,1857.28,25.81,Tuesday,996.0
309,2020.12.16 06:16,buy,0.02,1856.25,2020.12.16 06:47,1857.13,1.62,Wednesday,31.0
310,2020.12.16 12:55,buy,0.02,1857.93,2020.12.16 20:01,1861.64,7.28,Wednesday,426.0
311,2020.12.17 06:34,buy,0.02,1870.81,2020.12.17 07:26,1871.48,1.2,Thursday,52.0
312,2020.12.17 16:34,buy,0.02,1887.98,2020.12.18 13:43,1888.15,-0.99,Thursday,1269.0
313,2020.12.21 19:47,buy,0.02,1878.41,2020.12.21 23:25,1879.58,2.2,Monday,218.0
314,2020.12.23 15:39,buy,0.02,1874.55,2020.12.24 02:47,1878.31,3.8,Wednesday,668.0
315,2020.12.24 06:16,buy,0.02,1875.93,2020.12.24 07:05,1876.1,0.2,Thursday,49.0
316,2020.12.24 11:22,buy,0.02,1874.8,2020.12.24 12:08,1874.99,0.24,Thursday,46.0
317,2020.12.24 16:27,buy,0.02,1878.73,2020.12.24 17:30,1879.07,0.54,Thursday,63.0
318,2020.12.28 07:02,buy,0.02,1886.92,2020.12.28 14:05,1887.09,0.2,Monday,423.0
319,2020.12.29 06:05,buy,0.02,1876.77,2020.12.29 08:09,1880.12,6.56,Tuesday,124.0
320,2020.12.29 10:44,buy,0.02,1876.62,2020.12.29 13:46,1876.79,0.2,Tuesday,182.0
321,2020.12.29 21:45,buy,0.02,1877.85,2020.12.30 01:23,1880.73,4.43,Tuesday,218.0
322,2020.12.30 20:24,buy,0.02,1891.59,2020.12.30 21:01,1892.12,0.92,Wednesday,37.0
323,2020.12.31 09:45,buy,0.02,1894.95,2020.12.31 13:35,1896.47,2.9,Thursday,230.0
324,2021.01.04 05:40,buy,0.02,1920.99,2021.01.04 10:26,1929.83,17.54,Monday,286.0
325,2021.01.04 13:06,buy,0.02,1930.91,2021.01.04 14:36,1936.87,11.78,Monday,90.0
326,2021.01.05 04:29,buy,0.02,1938.34,2021.01.05 12:48,1946.47,16.12,Tuesday,499.0
327,2021.01.05 16:09,buy,0.02,1944.94,2021.01.05 20:28,1948.42,6.82,Tuesday,259.0
328,2021.01.06 11:50,buy,0.02,1950.45,2021.01.08 08:00,1876.84,-152.13,Wednesday,2650.0
329,2021.01.11 04:51,buy,0.02,1831.92,2021.01.11 06:39,1844.92,25.86,Monday,108.0
330,2021.01.11 10:44,buy,0.02,1849.35,2021.01.12 08:16,1857.65,15.27,Monday,1292.0
331,2021.01.12 12:32,buy,0.02,1860.15,2021.01.15 20:00,1828.4,-69.6,Tuesday,4768.0
332,2021.01.19 07:47,buy,0.02,1838.95,2021.01.20 10:15,1852.65,26.07,Tuesday,1588.0
333,2021.01.20 13:37,buy,0.02,1840.82,2021.01.20 14:47,1860.47,39.16,Wednesday,70.0
334,2021.01.21 07:59,buy,0.02,1868.12,2021.01.21 10:31,1868.29,0.2,Thursday,152.0
335,2021.01.21 13:17,buy,0.02,1867.82,2021.01.22 19:00,1856.01,-24.95,Thursday,1783.0
336,2021.01.25 03:12,buy,0.02,1854.8,2021.01.25 11:18,1861.86,13.98,Monday,486.0
337,2021.01.25 19:39,buy,0.02,1855.29,2021.01.26 04:51,1856.98,2.05,Monday,552.0
338,2021.01.26 09:58,buy,0.02,1852.99,2021.01.26 14:25,1854.66,3.2,Tuesday,267.0
339,2021.01.26 19:59,buy,0.02,1851.66,2021.01.28 14:18,1856.65,5.07,Tuesday,2539.0
340,2021.02.01 06:05,buy,0.02,1859.55,2021.02.01 07:00,1862.96,6.68,Monday,55.0
341,2021.02.01 10:34,buy,0.02,1858.58,2021.02.01 12:21,1865.43,13.56,Monday,107.0
342,2021.02.01 15:21,buy,0.02,1866.61,2021.02.04 13:26,1813.89,-111.54,Monday,4205.0
343,2021.02.04 20:41,buy,0.02,1795.14,2021.02.05 09:08,1806.3,20.99,Thursday,747.0
344,2021.02.08 04:15,buy,0.02,1810.99,2021.02.08 08:15,1812.66,3.2,Monday,240.0
345,2021.02.08 10:28,buy,0.02,1813.48,2021.02.08 13:09,1821.55,16.0,Monday,161.0
346,2021.02.08 19:15,buy,0.02,1830.82,2021.02.09 05:33,1839.14,15.31,Monday,618.0
347,2021.02.09 08:26,buy,0.02,1840.49,2021.02.09 10:48,1843.99,6.86,Tuesday,142.0
348,2021.02.09 17:00,buy,0.02,1836.06,2021.02.10 06:18,1840.95,8.45,Tuesday,798.0
349,2021.02.10 12:44,buy,0.02,1840.19,2021.02.10 13:53,1850.57,20.62,Wednesday,69.0
350,2021.02.10 17:33,buy,0.02,1840.49,2021.02.10 20:16,1841.14,1.16,Wednesday,163.0
351,2021.02.11 03:35,buy,0.02,1836.08,2021.02.11 10:54,1840.86,9.42,Thursday,439.0
352,2021.02.11 15:47,buy,0.02,1840.75,2021.02.12 19:00,1822.29,-38.25,Thursday,1633.0
353,2021.03.01 09:21,buy,0.02,1749.43,2021.03.04 23:00,1696.9,-111.16,Monday,5139.0
354,2021.03.08 04:34,buy,0.02,1705.14,2021.03.08 06:32,1705.36,0.3,Monday,118.0
355,2021.03.08 08:43,buy,0.02,1695.57,2021.03.09 10:42,1700.54,8.61,Monday,1559.0
356,2021.03.09 15:50,buy,0.02,1713.85,2021.03.09 20:47,1715.59,3.34,Tuesday,297.0
357,2021.03.10 15:53,buy,0.02,1717.92,2021.03.10 18:17,1718.09,0.2,Wednesday,144.0
358,2021.03.11 03:24,buy,0.02,1732.92,2021.03.11 09:33,1734.79,3.6,Thursday,369.0
359,2021.03.11 14:02,buy,0.02,1730.86,2021.03.12 19:00,1724.35,-14.35,Thursday,1738.0
360,2021.03.15 04:59,buy,0.02,1726.73,2021.03.15 14:08,1730.37,7.14,Monday,549.0
361,2021.03.16 07:27,buy,0.02,1728.61,2021.03.16 12:32,1732.31,7.26,Tuesday,305.0
362,2021.03.17 07:46,buy,0.02,1734.7,2021.03.17 18:03,1735.1,0.66,Wednesday,617.0
363,2021.03.17 20:20,buy,0.02,1744.45,2021.03.18 03:15,1751.26,9.9,Wednesday,415.0
364,2021.03.18 08:02,buy,0.02,1739.17,2021.03.19 08:01,1740.93,2.19,Thursday,1439.0
365,2021.03.22 13:42,buy,0.02,1733.78,2021.03.22 15:29,1733.95,0.2,Monday,107.0
366,2021.03.22 20:31,buy,0.02,1739.33,2021.03.30 22:00,1684.67,-119.0,Monday,11609.0
367,2021.03.31 03:20,buy,0.02,1679.12,2021.03.31 07:46,1684.14,9.9,Wednesday,266.0
368,2021.03.31 22:36,buy,0.02,1707.83,2021.04.01 09:06,1714.85,10.32,Wednesday,630.0
369,2021.04.01 17:10,buy,0.02,1726.36,2021.04.05 00:11,1726.53,-2.19,Thursday,4741.0
370,2021.04.05 04:04,buy,0.02,1724.79,2021.04.05 12:52,1725.12,0.52,Monday,528.0
371,2021.04.05 20:43,buy,0.02,1728.34,2021.04.06 06:44,1733.38,8.75,Monday,601.0
372,2021.04.06 17:22,buy,0.02,1741.83,2021.04.08 08:33,1743.55,-1.47,Tuesday,2351.0
373,2021.04.08 15:19,buy,0.02,1754.99,2021.04.09 19:00,1743.07,-25.17,Thursday,1661.0
374,2021.04.12 04:36,buy,0.02,1738.31,2021.04.12 12:51,1740.13,3.5,Monday,495.0
375,2021.04.13 04:20,buy,0.02,1731.43,2021.04.13 12:59,1736.6,10.2,Tuesday,519.0
376,2021.04.14 04:22,buy,0.02,1743.96,2021.04.14 07:28,1744.13,0.2,Wednesday,186.0
377,2021.04.14 09:55,buy,0.02,1742.5,2021.04.14 13:10,1742.67,0.2,Wednesday,195.0
378,2021.04.14 16:49,buy,0.02,1737.06,2021.04.15 12:30,1747.18,16.52,Wednesday,1181.0
379,2021.04.15 16:09,buy,0.02,1768.63,2021.04.16 13:06,1778.65,18.71,Thursday,1257.0
380,2021.04.19 04:10,buy,0.02,1777.34,2021.04.19 11:08,1785.64,16.46,Monday,418.0
381,2021.04.19 13:39,buy,0.02,1772.04,2021.04.19 15:58,1772.25,0.28,Monday,139.0
382,2021.04.19 19:52,buy,0.02,1770.69,2021.04.20 05:25,1770.86,-0.99,Monday,573.0
383,2021.04.20 12:25,buy,0.02,1770.88,2021.04.20 14:47,1772.98,4.06,Tuesday,142.0
384,2021.04.20 17:49,buy,0.02,1778.33,2021.04.21 07:35,1783.32,8.65,Tuesday,826.0
385,2021.04.21 17:08,buy,0.02,1791.28,2021.04.30 19:00,1768.39,-59.04,Wednesday,13072.0
386,2021.05.03 17:11,buy,0.02,1792.75,2021.05.04 14:17,1794.58,2.33,Monday,1266.0
387,2021.05.04 19:29,buy,0.02,1776.74,2021.05.05 05:19,1778.46,2.11,Tuesday,590.0
388,2021.05.05 08:55,buy,0.02,1775.82,2021.05.05 12:26,1775.99,0.2,Wednesday,211.0
389,2021.05.06 04:41,buy,0.02,1788.54,2021.05.06 11:03,1790.22,3.22,Thursday,382.0
390,2021.05.06 17:34,buy,0.02,1815.08,2021.05.07 12:00,1818.49,5.49,Thursday,1106.0
391,2021.05.10 16:58,buy,0.02,1837.63,2021.05.11 12:30,1837.8,-0.99,Monday,1172.0
392,2021.05.11 15:03,buy,0.02,1829.45,2021.05.12 01:04,1832.75,5.27,Tuesday,601.0
393,2021.05.12 08:35,buy,0.02,1830.69,2021.05.12 12:30,1830.86,0.2,Wednesday,235.0
394,2021.05.12 18:24,buy,0.02,1821.65,2021.05.13 15:14,1821.82,-3.38,Wednesday,1250.0
395,2021.05.13 20:39,buy,0.02,1826.81,2021.05.14 07:19,1831.87,8.79,Thursday,640.0
396,2021.05.17 09:52,buy,0.02,1849.06,2021.05.18 02:57,1867.77,36.09,Monday,1025.0
397,2021.05.18 06:33,buy,0.02,1869.83,2021.05.18 12:46,1870.0,0.2,Tuesday,373.0
398,2021.05.18 16:10,buy,0.02,1865.7,2021.05.19 01:17,1867.37,2.01,Tuesday,547.0
399,2021.05.24 03:43,buy,0.02,1883.61,2021.05.25 14:32,1891.0,13.45,Monday,2089.0
400,2021.05.25 22:28,buy,0.02,1898.71,2021.05.26 05:45,1903.59,8.43,Tuesday,437.0
401,2021.05.26 12:11,buy,0.02,1906.8,2021.05.26 12:48,1908.49,3.24,Wednesday,37.0
402,2021.05.26 16:25,buy,0.02,1903.13,2021.05.28 19:00,1901.39,-8.39,Wednesday,3035.0
403,2021.05.31 04:24,buy,0.02,1907.52,2021.06.01 08:12,1911.15,5.93,Monday,1668.0
404,2021.06.02 04:50,buy,0.02,1896.98,2021.06.02 13:57,1903.55,13.0,Wednesday,547.0
405,2021.06.03 06:28,buy,0.02,1898.95,2021.06.04 19:00,1891.47,-16.29,Thursday,2192.0
406,2021.06.07 03:53,buy,0.02,1887.3,2021.06.08 01:56,1898.96,21.99,Monday,1323.0
407,2021.06.08 06:50,buy,0.02,1896.98,2021.06.08 12:44,1898.92,3.74,Tuesday,354.0
408,2021.06.09 04:21,buy,0.02,1893.5,2021.06.09 13:58,1893.87,0.6,Wednesday,577.0
409,2021.06.09 16:29,buy,0.02,1891.24,2021.06.11 08:07,1897.76,8.13,Wednesday,2378.0
410,2021.06.14 10:22,buy,0.02,1856.74,2021.06.14 13:52,1862.81,12.0,Monday,210.0
411,2021.06.17 07:36,buy,0.02,1809.13,2021.06.18 19:00,1770.65,-78.29,Thursday,2124.0
412,2021.06.21 16:22,buy,0.02,1782.9,2021.06.22 00:00,1783.27,-0.59,Monday,458.0
413,2021.06.22 08:32,buy,0.02,1777.31,2021.06.22 11:42,1782.82,10.88,Tuesday,190.0
414,2021.06.22 18:20,buy,0.02,1778.15,2021.06.22 19:33,1778.32,0.2,Tuesday,73.0
415,2021.06.23 04:05,buy,0.02,1781.63,2021.06.23 12:31,1781.8,0.2,Wednesday,506.0
416,2021.06.23 16:52,buy,0.02,1783.97,2021.06.25 12:39,1786.06,-0.73,Wednesday,2627.0
417,2021.06.28 15:16,buy,0.02,1781.68,2021.07.02 12:06,1783.67,-3.32,Monday,5570.0
418,2021.07.05 09:51,buy,0.02,1792.57,2021.07.06 08:11,1804.4,22.33,Monday,1340.0
419,2021.07.06 13:14,buy,0.02,1807.62,2021.07.06 14:24,1807.83,0.28,Tuesday,70.0
420,2021.07.06 18:22,buy,0.02,1795.09,2021.07.07 03:10,1798.32,5.13,Tuesday,528.0
421,2021.07.07 17:03,buy,0.02,1802.04,2021.07.07 18:32,1804.03,3.84,Wednesday,89.0
422,2021.07.08 03:56,buy,0.02,1797.63,2021.07.08 08:02,1806.39,17.38,Thursday,246.0
423,2021.07.08 15:46,buy,0.02,1797.81,2021.07.09 01:01,1799.68,2.41,Thursday,555.0
424,2021.07.12 03:42,buy,0.02,1803.79,2021.07.14 12:46,1825.59,41.07,Monday,3424.0
425,2021.07.14 16:08,buy,0.02,1822.39,2021.07.15 03:10,1824.15,-0.2,Wednesday,662.0
426,2021.07.15 14:39,buy,0.02,1821.98,2021.07.16 01:36,1827.01,8.73,Thursday,657.0
427,2021.07.19 06:30,buy,0.02,1805.49,2021.07.19 13:43,1809.37,7.62,Monday,433.0
428,2021.07.20 06:27,buy,0.02,1816.99,2021.07.20 13:15,1820.47,6.82,Tuesday,408.0
429,2021.07.20 18:54,buy,0.02,1809.09,2021.07.21 07:27,1809.31,-0.89,Tuesday,753.0
430,2021.07.21 13:05,buy,0.02,1798.88,2021.07.21 14:54,1800.67,3.44,Wednesday,109.0
431,2021.07.21 18:11,buy,0.02,1803.15,2021.07.23 02:10,1803.54,-4.13,Wednesday,1919.0
432,2021.07.26 13:05,buy,0.02,1802.7,2021.07.28 07:55,1802.87,-2.19,Monday,2570.0
433,2021.07.28 10:05,buy,0.02,1799.38,2021.07.28 18:54,1800.2,1.5,Wednesday,529.0
434,2021.07.29 20:00,buy,0.02,1828.95,2021.07.30 19:00,1811.89,-35.45,Thursday,1380.0
435,2021.08.02 11:09,buy,0.02,1809.02,2021.08.02 17:55,1815.37,12.56,Monday,406.0
436,2021.08.03 05:35,buy,0.02,1810.98,2021.08.04 08:42,1811.15,-0.99,Tuesday,1627.0
437,2021.08.04 14:50,buy,0.02,1811.8,2021.08.06 20:00,1760.0,-108.51,Wednesday,3190.0
438,2021.08.10 14:01,buy,0.02,1722.61,2021.08.10 23:44,1727.65,9.94,Tuesday,583.0
439,2021.08.11 09:29,buy,0.02,1733.71,2021.08.11 12:21,1735.44,3.32,Wednesday,172.0
440,2021.08.11 16:29,buy,0.02,1748.37,2021.08.12 01:06,1749.5,-1.46,Wednesday,517.0
441,2021.08.12 07:43,buy,0.02,1756.85,2021.08.13 12:17,1757.02,-0.99,Thursday,1714.0
442,2021.08.16 04:35,buy,0.02,1776.21,2021.08.16 14:12,1782.5,12.44,Monday,577.0
443,2021.08.16 17:34,buy,0.02,1787.39,2021.08.17 12:04,1790.63,5.15,Monday,1110.0
444,2021.08.17 14:36,buy,0.02,1785.25,2021.08.18 08:04,1788.65,5.47,Tuesday,1048.0
445,2021.08.18 11:15,buy,0.02,1785.05,2021.08.18 13:22,1786.97,3.7,Wednesday,127.0
446,2021.08.18 16:43,buy,0.02,1784.19,2021.08.18 18:11,1786.3,4.08,Wednesday,88.0
447,2021.08.19 03:24,buy,0.02,1776.28,2021.08.19 08:26,1778.06,3.42,Thursday,302.0
448,2021.08.19 17:51,buy,0.02,1781.05,2021.08.20 08:43,1782.81,2.19,Thursday,892.0
449,2021.08.23 05:54,buy,0.02,1787.47,2021.08.23 13:44,1801.15,27.22,Monday,470.0
450,2021.08.23 17:15,buy,0.02,1802.91,2021.08.24 12:22,1803.08,-0.99,Monday,1147.0
451,2021.08.24 17:59,buy,0.02,1805.61,2021.08.27 19:00,1817.53,17.74,Tuesday,4381.0
452,2021.08.30 17:40,buy,0.02,1809.87,2021.08.31 06:54,1814.81,8.55,Monday,794.0
453,2021.08.31 15:18,buy,0.02,1805.7,2021.09.01 00:51,1812.15,11.57,Tuesday,573.0
454,2021.09.01 07:05,buy,0.02,1816.12,2021.09.03 12:34,1824.31,11.47,Wednesday,3209.0
455,2021.09.06 22:34,buy,0.02,1822.15,2021.09.07 04:17,1822.32,-0.99,Monday,343.0
456,2021.09.07 09:04,buy,0.02,1814.37,2021.09.10 19:00,1790.54,-53.76,Tuesday,4916.0
457,2021.09.13 07:14,buy,0.02,1787.88,2021.09.13 16:22,1792.98,10.06,Monday,548.0
458,2021.09.13 20:59,buy,0.02,1793.48,2021.09.14 13:34,1795.47,2.65,Monday,995.0
459,2021.09.14 19:02,buy,0.02,1803.21,2021.09.17 17:34,1750.73,-111.06,Tuesday,4232.0
460,2021.09.20 03:53,buy,0.02,1746.91,2021.09.20 11:55,1754.86,15.76,Monday,482.0
461,2021.09.20 15:58,buy,0.02,1761.82,2021.09.21 03:53,1761.99,-0.99,Monday,715.0
462,2021.09.21 06:50,buy,0.02,1761.56,2021.09.21 13:36,1769.82,16.38,Tuesday,406.0
463,2021.09.22 04:31,buy,0.02,1776.66,2021.09.22 18:00,1779.19,4.92,Wednesday,809.0
464,2021.09.22 22:27,buy,0.02,1769.04,2021.09.23 10:25,1771.23,0.66,Wednesday,718.0
465,2021.09.23 17:01,buy,0.02,1750.04,2021.09.24 11:15,1753.36,5.31,Thursday,1094.0
466,2021.09.27 06:32,buy,0.02,1757.3,2021.09.30 15:47,1759.28,-2.14,Monday,4875.0
467,2021.09.30 17:56,buy,0.02,1755.93,2021.10.01 14:43,1759.71,6.23,Thursday,1247.0
468,2021.10.04 07:05,buy,0.02,1757.24,2021.10.04 15:01,1766.17,17.72,Monday,476.0
469,2021.10.04 18:15,buy,0.02,1764.27,2021.10.05 00:48,1765.96,2.05,Monday,393.0
470,2021.10.05 08:59,buy,0.02,1756.48,2021.10.05 12:54,1756.65,0.2,Tuesday,235.0
471,2021.10.05 20:33,buy,0.02,1759.81,2021.10.06 14:59,1759.99,-0.97,Tuesday,1106.0
472,2021.10.06 17:56,buy,0.02,1761.67,2021.10.07 08:43,1761.84,-3.38,Wednesday,887.0
473,2021.10.07 12:11,buy,0.02,1762.11,2021.10.08 12:32,1767.07,8.59,Thursday,1461.0
474,2021.10.11 20:14,buy,0.02,1753.98,2021.10.12 07:53,1757.28,5.27,Monday,699.0
475,2021.10.12 18:51,buy,0.02,1759.38,2021.10.13 12:32,1772.48,24.87,Tuesday,1061.0
476,2021.10.13 18:05,buy,0.02,1791.9,2021.10.14 11:58,1796.07,4.62,Wednesday,1073.0
477,2021.10.14 15:21,buy,0.02,1797.32,2021.10.22 15:12,1808.74,13.16,Thursday,11511.0
478,2021.10.25 10:36,buy,0.02,1799.38,2021.10.25 14:00,1805.92,12.94,Monday,204.0
479,2021.10.26 07:03,buy,0.02,1804.31,2021.10.28 13:33,1806.2,-1.13,Tuesday,3270.0
480,2021.11.01 04:05,buy,0.02,1784.13,2021.11.01 13:34,1786.13,3.86,Monday,569.0
481,2021.11.01 16:39,buy,0.02,1792.07,2021.11.02 08:05,1792.24,-0.99,Monday,926.0
482,2021.11.02 10:47,buy,0.02,1792.38,2021.11.04 15:02,1794.53,-0.61,Tuesday,3135.0
483,2021.11.04 17:07,buy,0.02,1791.7,2021.11.05 09:17,1795.1,5.47,Thursday,970.0
484,2021.11.08 09:23,buy,0.02,1814.75,2021.11.08 13:38,1820.05,10.46,Monday,255.0
485,2021.11.08 21:20,buy,0.02,1824.88,2021.11.09 14:57,1825.81,0.53,Monday,1057.0
486,2021.11.10 04:58,buy,0.02,1826.36,2021.11.12 07:55,1855.77,53.91,Wednesday,3057.0
487,2021.11.15 04:19,buy,0.02,1857.2,2021.11.15 08:48,1859.18,3.82,Monday,269.0
488,2021.11.15 11:46,buy,0.02,1863.53,2021.11.15 13:20,1865.27,3.34,Monday,94.0
489,2021.11.15 15:47,buy,0.02,1860.43,2021.11.15 20:25,1863.75,6.5,Monday,278.0
490,2021.11.16 04:56,buy,0.02,1865.63,2021.11.16 12:44,1870.8,10.2,Tuesday,468.0
491,2021.11.17 03:59,buy,0.02,1853.67,2021.11.17 13:38,1860.33,13.18,Wednesday,579.0
492,2021.11.17 20:03,buy,0.02,1863.74,2021.11.18 02:46,1865.55,-0.1,Wednesday,403.0
493,2021.11.18 06:27,buy,0.02,1865.22,2021.11.18 08:39,1865.39,0.2,Thursday,132.0
494,2021.11.18 21:54,buy,0.02,1858.9,2021.11.19 06:56,1859.07,-0.99,Thursday,542.0
495,2021.11.22 14:57,buy,0.02,1821.12,2021.12.02 17:00,1766.64,-123.42,Monday,14523.0
496,2021.12.07 03:30,buy,0.02,1779.44,2021.12.07 09:03,1779.61,0.2,Tuesday,333.0
497,2021.12.09 13:30,buy,0.02,1777.12,2021.12.09 14:34,1779.01,3.64,Thursday,64.0
498,2021.12.09 18:19,buy,0.02,1774.96,2021.12.10 06:07,1775.13,-0.99,Thursday,708.0
499,2021.12.13 05:55,buy,0.02,1785.57,2021.12.13 13:02,1787.24,3.2,Monday,427.0
500,2021.12.14 07:22,buy,0.02,1788.02,2021.12.17 11:10,1805.87,29.6,Tuesday,4548.0
501,2021.12.20 06:46,buy,0.02,1802.0,2021.12.23 12:17,1803.74,-2.62,Monday,4651.0
502,2021.12.23 15:08,buy,0.02,1804.48,2021.12.27 08:41,1806.29,1.09,Thursday,5373.0
503,2021.12.27 07:40,sell,0.02,1808.13,2021.12.27 13:38,1807.96,0.2,Monday,358.0
504,2021.12.27 15:39,sell,0.02,1812.61,2021.12.27 20:40,1810.85,3.38,Monday,301.0
505,2021.12.28 05:34,sell,0.02,1811.27,2021.12.29 14:35,1794.57,34.1,Tuesday,1981.0
506,2021.12.29 17:56,sell,0.02,1803.7,2021.12.30 08:20,1800.39,8.99,Wednesday,864.0
507,2021.12.30 11:01,sell,0.02,1800.9,2021.12.31 19:00,1828.57,-54.64,Thursday,1919.0
508,2022.01.03 11:20,sell,0.02,1825.99,2022.01.03 14:08,1809.78,32.28,Monday,168.0
509,2022.01.03 18:16,sell,0.02,1799.65,2022.01.06 10:27,1797.97,7.4,Monday,3851.0
510,2022.01.05 20:50,buy,0.02,1810.43,2022.01.07 19:00,1796.29,-33.19,Wednesday,2770.0
511,2022.01.06 14:52,sell,0.02,1794.13,2022.01.06 16:10,1792.06,4.0,Thursday,78.0
512,2022.01.06 20:48,sell,0.02,1788.82,2022.01.07 13:42,1786.84,4.66,Thursday,1014.0
513,2022.01.10 04:51,sell,0.02,1792.64,2022.01.14 19:00,1817.25,-44.34,Monday,6609.0
514,2022.01.11 11:28,buy,0.02,1805.59,2022.01.12 01:16,1818.93,25.35,Tuesday,828.0
515,2022.01.12 06:59,buy,0.02,1819.95,2022.01.12 14:00,1820.42,0.8,Wednesday,421.0
516,2022.01.12 16:01,buy,0.02,1824.13,2022.01.14 08:59,1824.3,-4.57,Wednesday,2458.0
517,2022.01.17 03:56,sell,0.02,1818.85,2022.01.18 11:42,1813.76,10.88,Monday,1906.0
518,2022.01.17 06:55,buy,0.02,1819.01,2022.01.17 13:08,1819.18,0.2,Monday,373.0
519,2022.01.18 09:16,buy,0.02,1812.85,2022.01.18 14:15,1814.71,3.58,Tuesday,299.0
520,2022.01.18 15:12,sell,0.02,1816.95,2022.01.18 17:19,1815.28,3.2,Tuesday,127.0
521,2022.01.18 19:30,sell,0.02,1814.89,2022.01.19 06:57,1814.72,1.04,Tuesday,687.0
522,2022.01.19 09:56,sell,0.02,1816.62,2022.01.21 19:00,1832.32,-28.2,Wednesday,3424.0
523,2022.01.19 21:49,buy,0.02,1840.44,2022.01.20 13:45,1842.49,0.38,Wednesday,956.0
524,2022.01.24 11:46,buy,0.02,1839.06,2022.01.25 08:37,1839.23,-0.99,Monday,1251.0
525,2022.01.25 10:45,buy,0.02,1837.37,2022.01.25 15:01,1848.4,21.92,Tuesday,256.0
526,2022.01.25 19:54,buy,0.02,1853.12,2022.01.27 21:00,1794.84,-121.47,Tuesday,2946.0
527,2022.01.27 07:35,sell,0.02,1812.89,2022.01.27 12:06,1812.56,0.52,Thursday,271.0
528,2022.01.31 06:01,sell,0.02,1788.9,2022.02.04 19:00,1807.78,-32.88,Monday,6539.0
529,2022.02.07 03:22,buy,0.02,1809.68,2022.02.07 13:54,1813.06,6.62,Monday,632.0
530,2022.02.07 21:41,buy,0.02,1821.18,2022.02.09 13:44,1828.16,11.43,Monday,2403.0
531,2022.02.09 19:29,buy,0.02,1833.77,2022.02.10 15:55,1836.14,1.02,Wednesday,1226.0
532,2022.02.10 19:00,buy,0.02,1835.4,2022.02.11 18:38,1846.65,21.17,Thursday,1418.0
533,2022.02.14 04:38,buy,0.02,1852.98,2022.02.14 12:42,1853.15,0.2,Monday,484.0
534,2022.02.14 16:29,buy,0.02,1864.59,2022.02.14 19:29,1868.77,8.22,Monday,180.0
535,2022.02.15 04:15,buy,0.02,1878.54,2022.02.17 08:29,1885.56,9.13,Tuesday,3134.0
536,2022.02.17 11:26,buy,0.02,1885.03,2022.02.17 14:01,1892.43,14.66,Thursday,155.0
537,2022.02.21 04:54,buy,0.02,1892.44,2022.02.21 12:00,1894.14,3.26,Monday,426.0
538,2022.02.21 14:54,buy,0.02,1895.49,2022.02.21 23:26,1909.87,28.62,Monday,512.0
539,2022.02.22 15:00,buy,0.03,1901.52,2022.02.22 19:26,1901.69,0.3,Tuesday,266.0
540,2022.02.22 21:34,buy,0.03,1899.29,2022.02.23 13:44,1899.52,-1.31,Tuesday,970.0
541,2022.02.23 18:21,buy,0.03,1908.43,2022.02.24 03:11,1924.42,42.39,Wednesday,530.0
542,2022.02.24 08:36,buy,0.03,1940.47,2022.02.24 09:07,1940.64,0.3,Thursday,31.0
543,2022.02.24 20:35,buy,0.02,1893.14,2022.02.24 21:31,1901.92,17.42,Thursday,56.0
544,2022.02.28 09:37,buy,0.02,1900.35,2022.02.28 11:01,1904.63,8.42,Monday,84.0
545,2022.02.28 17:22,buy,0.02,1892.93,2022.02.28 23:45,1906.18,26.36,Monday,383.0
546,2022.03.01 11:41,buy,0.02,1921.95,2022.03.01 15:00,1922.31,0.58,Tuesday,199.0
547,2022.03.02 10:47,buy,0.02,1924.86,2022.03.02 11:14,1926.66,3.46,Wednesday,27.0
548,2022.03.02 21:34,buy,0.02,1926.97,2022.03.03 08:15,1929.06,0.46,Wednesday,641.0
549,2022.03.03 11:39,buy,0.02,1936.72,2022.03.03 20:59,1936.89,0.2,Thursday,560.0
550,2022.03.07 04:43,buy,0.02,1989.62,2022.03.07 09:56,1997.23,15.08,Monday,313.0
551,2022.03.07 16:20,buy,0.02,1978.4,2022.03.07 17:46,1980.36,3.78,Monday,86.0
552,2022.03.07 21:55,buy,0.02,1997.3,2022.03.08 06:39,2004.54,13.15,Monday,524.0
553,2022.03.08 11:57,buy,0.02,2009.02,2022.03.08 12:48,2011.0,3.82,Tuesday,51.0
554,2022.03.09 08:35,buy,0.01,2046.51,2022.03.10 07:59,1975.51,-72.86,Wednesday,1404.0
555,2022.03.10 12:28,buy,0.01,2001.73,2022.03.10 12:46,2003.87,2.07,Thursday,18.0
556,2022.03.10 21:41,buy,0.01,1995.96,2022.03.11 19:00,1985.89,-10.74,Thursday,1279.0
557,2022.03.14 07:37,buy,0.01,1973.35,2022.03.18 19:00,1923.67,-53.33,Monday,6443.0
558,2022.03.16 05:08,sell,0.01,1916.73,2022.03.16 07:23,1916.56,0.1,Wednesday,135.0
559,2022.03.16 10:22,sell,0.01,1919.94,2022.03.16 12:39,1919.61,0.26,Wednesday,137.0
560,2022.03.16 16:59,sell,0.01,1909.75,2022.03.16 18:01,1907.66,2.02,Wednesday,62.0
561,2022.03.17 03:40,sell,0.01,1936.91,2022.03.17 07:34,1935.1,1.74,Thursday,234.0
562,2022.03.17 11:26,sell,0.01,1943.6,2022.03.17 12:32,1939.59,3.94,Thursday,66.0
563,2022.03.17 19:10,sell,0.01,1940.56,2022.03.17 20:33,1940.39,0.1,Thursday,83.0
564,2022.03.21 03:49,sell,0.01,1926.94,2022.03.21 08:44,1926.77,0.1,Monday,295.0
565,2022.03.21 15:24,sell,0.01,1934.52,2022.03.21 16:33,1934.0,0.45,Monday,69.0
566,2022.03.22 03:24,sell,0.01,1935.42,2022.03.22 08:32,1929.99,5.36,Tuesday,308.0
567,2022.03.22 10:50,sell,0.01,1927.91,2022.03.22 13:50,1924.2,3.64,Tuesday,180.0
568,2022.03.22 16:45,sell,0.01,1921.46,2022.03.23 01:01,1919.73,2.08,Tuesday,496.0
569,2022.03.23 08:35,sell,0.01,1921.6,2022.03.25 19:00,1953.21,-30.01,Wednesday,3505.0
570,2022.03.24 03:01,buy,0.01,1941.57,2022.03.24 08:34,1941.74,0.1,Thursday,333.0
571,2022.03.24 16:24,buy,0.01,1964.37,2022.03.25 19:00,1953.01,-12.03,Thursday,1596.0
572,2022.03.28 04:57,buy,0.01,1943.63,2022.03.31 17:54,1945.37,-1.31,Monday,5097.0
573,2022.03.28 10:25,sell,0.01,1931.49,2022.03.28 11:10,1931.16,0.26,Monday,45.0
574,2022.03.28 16:55,sell,0.01,1938.25,2022.03.28 19:14,1926.16,12.02,Monday,139.0
575,2022.03.28 22:58,sell,0.01,1922.41,2022.03.29 08:41,1914.22,8.54,Monday,583.0
576,2022.03.29 14:26,sell,0.01,1912.03,2022.03.29 15:07,1911.86,0.1,Tuesday,41.0
577,2022.03.29 18:27,sell,0.01,1917.32,2022.04.01 19:00,1925.49,-6.15,Tuesday,4353.0
578,2022.03.31 22:40,buy,0.01,1936.25,2022.04.01 19:00,1925.29,-11.63,Thursday,1220.0
579,2022.04.04 05:35,sell,0.01,1919.22,2022.04.08 19:00,1944.11,-22.45,Monday,6565.0
580,2022.04.07 19:19,buy,0.01,1932.2,2022.04.08 12:27,1934.28,1.41,Thursday,1028.0
581,2022.04.11 04:38,buy,0.01,1942.77,2022.04.11 10:27,1954.67,11.83,Monday,349.0
582,2022.04.11 22:18,buy,0.01,1952.21,2022.04.12 07:09,1955.44,2.56,Monday,531.0
583,2022.04.12 17:30,buy,0.01,1972.25,2022.04.13 11:02,1975.85,2.93,Tuesday,1052.0
584,2022.04.13 16:55,buy,0.01,1979.06,2022.04.18 00:17,1984.28,2.17,Wednesday,6202.0
585,2022.04.18 18:45,buy,0.01,1978.96,2022.04.22 19:00,1932.86,-49.75,Monday,5775.0
586,2022.04.20 07:43,sell,0.01,1942.83,2022.04.21 12:07,1940.83,3.18,Wednesday,1704.0
587,2022.04.21 17:50,sell,0.01,1947.1,2022.04.22 10:47,1934.92,12.53,Thursday,1017.0
588,2022.04.25 07:25,sell,0.01,1918.47,2022.04.25 08:20,1918.3,0.1,Monday,55.0
589,2022.04.25 22:25,sell,0.01,1899.2,2022.04.27 08:13,1890.67,9.3,Monday,2028.0
590,2022.04.27 16:46,sell,0.02,1887.6,2022.04.28 05:49,1876.26,25.05,Wednesday,783.0
591,2022.04.28 17:22,sell,0.02,1890.63,2022.04.29 19:00,1908.24,-34.52,Thursday,1538.0
592,2022.05.02 05:10,sell,0.02,1883.92,2022.05.02 10:55,1881.89,3.92,Monday,345.0
593,2022.05.02 13:37,sell,0.02,1859.99,2022.05.02 14:01,1859.82,0.2,Monday,24.0
594,2022.05.02 18:00,sell,0.02,1866.2,2022.05.03 00:05,1864.48,4.14,Monday,365.0
595,2022.05.03 09:49,sell,0.01,1858.48,2022.05.06 19:00,1882.6,-22.1,Tuesday,4871.0
596,2022.05.05 04:42,buy,0.02,1900.63,2022.05.05 13:16,1904.32,7.24,Thursday,514.0
597,2022.05.05 16:25,buy,0.02,1875.32,2022.05.05 17:27,1875.49,0.2,Thursday,62.0
598,2022.05.09 03:27,sell,0.02,1875.99,2022.05.09 07:30,1870.53,10.78,Monday,243.0
599,2022.05.09 12:17,sell,0.02,1862.63,2022.05.09 14:40,1862.46,0.2,Monday,143.0
600,2022.05.10 05:43,sell,0.02,1862.72,2022.05.10 11:19,1860.48,4.34,Tuesday,336.0
601,2022.05.10 18:46,sell,0.02,1843.46,2022.05.10 20:20,1839.73,7.32,Tuesday,94.0
602,2022.05.11 04:52,sell,0.02,1838.55,2022.05.12 22:32,1814.93,49.61,Wednesday,2500.0
603,2022.05.16 14:56,sell,0.02,1812.83,2022.05.18 06:03,1812.66,1.87,Monday,2347.0
604,2022.05.18 10:02,sell,0.02,1819.3,2022.05.18 12:37,1812.47,13.52,Wednesday,155.0
605,2022.05.18 15:26,sell,0.02,1815.4,2022.05.19 08:40,1815.23,2.71,Wednesday,1034.0
606,2022.05.19 11:03,sell,0.02,1829.14,2022.05.20 19:00,1843.37,-27.76,Thursday,1917.0
607,2022.05.23 10:44,buy,0.02,1862.29,2022.05.24 14:08,1864.27,2.63,Monday,1644.0
608,2022.05.25 10:44,buy,0.02,1855.09,2022.05.27 12:27,1857.25,-0.59,Wednesday,2983.0
609,2022.05.25 19:58,sell,0.02,1855.13,2022.05.26 07:01,1848.44,15.75,Wednesday,663.0
610,2022.05.26 19:33,sell,0.02,1852.49,2022.05.27 01:47,1852.32,1.04,Thursday,374.0
611,2022.05.30 09:48,buy,0.02,1857.72,2022.06.02 13:57,1863.11,4.68,Monday,4569.0
612,2022.05.31 05:54,sell,0.02,1853.61,2022.05.31 12:01,1849.79,7.5,Tuesday,367.0
613,2022.05.31 16:31,sell,0.02,1842.23,2022.06.01 06:23,1835.15,14.86,Tuesday,832.0
614,2022.06.01 08:36,sell,0.02,1834.2,2022.06.01 12:15,1833.57,1.12,Wednesday,219.0
615,2022.06.01 15:15,sell,0.02,1843.46,2022.06.03 19:00,1850.88,-11.64,Wednesday,3105.0
616,2022.06.02 17:23,buy,0.02,1866.94,2022.06.03 03:12,1869.59,3.97,Thursday,589.0
617,2022.06.06 03:07,sell,0.02,1854.73,2022.06.07 01:52,1841.12,27.92,Monday,1365.0
618,2022.06.06 05:48,buy,0.02,1855.15,2022.06.08 16:46,1855.32,-2.19,Monday,3538.0
619,2022.06.07 09:11,sell,0.02,1847.05,2022.06.07 13:31,1846.84,0.28,Tuesday,260.0
620,2022.06.07 16:56,sell,0.02,1850.66,2022.06.08 07:44,1850.49,1.04,Tuesday,888.0
621,2022.06.08 10:26,sell,0.02,1850.13,2022.06.08 12:38,1849.68,0.76,Wednesday,132.0
622,2022.06.09 06:15,buy,0.02,1851.6,2022.06.10 15:01,1855.43,6.33,Thursday,1966.0
623,2022.06.09 22:02,sell,0.02,1847.76,2022.06.10 07:34,1847.59,1.04,Thursday,572.0
624,2022.06.13 08:05,buy,0.02,1856.46,2022.06.17 19:00,1836.58,-47.06,Monday,6415.0
625,2022.06.14 04:26,sell,0.02,1826.57,2022.06.14 11:00,1824.9,3.2,Tuesday,394.0
626,2022.06.14 14:51,sell,0.02,1814.51,2022.06.14 16:44,1814.34,0.2,Tuesday,113.0
627,2022.06.14 22:10,sell,0.02,1807.87,2022.06.17 19:00,1836.78,-53.78,Tuesday,4130.0
628,2022.06.21 03:46,sell,0.02,1840.0,2022.06.21 07:55,1837.78,4.3,Tuesday,249.0
629,2022.06.21 06:28,buy,0.02,1835.46,2022.06.21 13:20,1835.63,0.2,Tuesday,412.0
630,2022.06.21 14:16,sell,0.02,1837.86,2022.06.21 20:17,1832.93,9.72,Tuesday,361.0
631,2022.06.22 19:12,buy,0.02,1837.98,2022.06.23 14:00,1842.24,4.8,Wednesday,1128.0
632,2022.06.23 03:09,sell,0.02,1833.05,2022.06.23 11:46,1828.0,9.96,Thursday,517.0
633,2022.06.23 14:15,sell,0.02,1842.62,2022.06.23 19:26,1827.43,30.24,Thursday,311.0
634,2022.06.23 17:19,buy,0.02,1828.44,2022.06.24 19:00,1828.6,-1.01,Thursday,1541.0
635,2022.06.27 03:09,sell,0.02,1834.96,2022.06.27 13:04,1833.1,3.58,Monday,595.0
636,2022.06.27 18:29,sell,0.02,1824.42,2022.06.28 14:08,1822.68,4.18,Monday,1179.0
637,2022.06.28 19:20,sell,0.02,1820.27,2022.06.29 09:35,1816.18,8.88,Tuesday,855.0
638,2022.06.29 13:12,sell,0.02,1831.36,2022.06.30 00:43,1820.11,24.87,Wednesday,691.0
639,2022.06.30 09:12,sell,0.02,1815.28,2022.06.30 12:34,1807.7,15.02,Thursday,202.0
640,2022.06.30 22:47,sell,0.02,1805.72,2022.07.01 07:28,1797.05,18.04,Thursday,521.0
641,2022.07.04 05:22,sell,0.02,1812.93,2022.07.04 12:06,1808.05,9.62,Monday,404.0
642,2022.07.04 14:12,sell,0.02,1808.42,2022.07.05 09:20,1804.93,7.68,Monday,1148.0
643,2022.07.05 12:30,sell,0.02,1800.42,2022.07.05 14:09,1770.41,59.88,Tuesday,99.0
644,2022.07.05 17:11,sell,0.02,1765.87,2022.07.06 12:07,1764.19,4.06,Tuesday,1136.0
645,2022.07.06 16:52,sell,0.02,1735.36,2022.07.08 19:00,1741.93,-9.94,Wednesday,3008.0
646,2022.07.11 11:46,sell,0.02,1734.15,2022.07.12 01:29,1727.63,13.74,Monday,823.0
647,2022.07.12 07:05,sell,0.02,1734.55,2022.07.12 14:00,1731.24,6.48,Tuesday,415.0
648,2022.07.12 18:42,sell,0.02,1726.2,2022.07.13 12:30,1725.35,2.4,Tuesday,1068.0
649,2022.07.14 17:34,sell,0.02,1708.42,2022.07.15 07:00,1705.02,7.5,Thursday,806.0
650,2022.07.18 07:53,sell,0.02,1718.66,2022.07.18 12:57,1716.9,3.38,Monday,304.0
651,2022.07.19 08:11,sell,0.02,1711.81,2022.07.20 09:15,1710.11,4.1,Tuesday,1504.0
652,2022.07.20 22:05,sell,0.02,1696.47,2022.07.21 07:19,1689.53,16.25,Wednesday,554.0
653,2022.07.21 20:21,sell,0.02,1719.85,2022.07.22 06:23,1718.11,4.18,Thursday,602.0
654,2022.07.25 12:19,buy,0.02,1726.16,2022.07.27 18:58,1733.95,13.05,Monday,3279.0
655,2022.07.25 19:50,sell,0.02,1717.79,2022.07.26 12:27,1717.62,1.04,Monday,997.0
656,2022.07.26 15:19,sell,0.02,1719.25,2022.07.27 05:44,1719.04,1.12,Tuesday,865.0
657,2022.07.27 08:55,sell,0.02,1723.47,2022.07.27 14:55,1716.42,13.96,Wednesday,360.0
658,2022.07.27 19:06,sell,0.02,1735.92,2022.07.29 19:00,1763.99,-52.94,Wednesday,2874.0
659,2022.07.28 10:20,buy,0.02,1741.7,2022.07.28 12:59,1745.35,7.16,Thursday,159.0
660,2022.07.28 15:34,buy,0.02,1755.63,2022.07.29 08:11,1763.78,14.97,Thursday,997.0
661,2022.08.01 05:06,buy,0.02,1760.22,2022.08.01 08:03,1762.2,3.82,Monday,177.0
662,2022.08.01 14:19,buy,0.02,1771.58,2022.08.02 02:46,1775.02,5.55,Monday,747.0
663,2022.08.02 16:28,buy,0.02,1776.16,2022.08.04 12:27,1784.47,11.71,Tuesday,2639.0
664,2022.08.04 20:49,buy,0.02,1791.34,2022.08.05 19:00,1772.52,-38.97,Thursday,1331.0
665,2022.08.08 06:30,buy,0.02,1774.61,2022.08.08 08:20,1774.78,0.2,Monday,110.0
666,2022.08.08 11:52,buy,0.02,1782.5,2022.08.09 01:18,1786.3,6.27,Monday,806.0
667,2022.08.09 10:51,buy,0.02,1793.49,2022.08.09 14:05,1795.55,3.98,Tuesday,194.0
668,2022.08.09 18:11,buy,0.02,1795.08,2022.08.10 12:30,1801.33,11.17,Tuesday,1099.0
669,2022.08.10 15:29,buy,0.02,1799.1,2022.08.12 19:00,1801.19,-0.73,Wednesday,3091.0
670,2022.08.15 04:23,buy,0.02,1794.36,2022.08.19 13:32,1754.28,-87.46,Monday,6309.0
671,2022.08.15 17:31,sell,0.02,1782.56,2022.08.16 02:03,1780.87,4.08,Monday,512.0
672,2022.08.16 18:09,sell,0.02,1776.28,2022.08.17 08:39,1776.11,1.04,Tuesday,870.0
673,2022.08.17 12:59,sell,0.02,1772.07,2022.08.17 18:00,1763.95,16.1,Wednesday,301.0
674,2022.08.17 22:49,sell,0.02,1763.42,2022.08.18 18:56,1759.42,10.37,Wednesday,1207.0
675,2022.08.18 22:46,sell,0.02,1757.58,2022.08.19 05:49,1755.85,4.16,Thursday,423.0
676,2022.08.22 08:07,sell,0.02,1736.92,2022.08.22 09:54,1736.75,0.2,Monday,107.0
677,2022.08.23 03:48,sell,0.02,1738.0,2022.08.23 12:40,1736.05,3.76,Tuesday,532.0
678,2022.08.23 15:40,sell,0.02,1750.98,2022.08.24 08:04,1748.86,4.94,Tuesday,984.0
679,2022.08.24 15:55,sell,0.02,1751.37,2022.08.26 12:30,1748.02,9.9,Wednesday,2675.0
680,2022.08.25 11:20,buy,0.02,1764.75,2022.08.26 19:00,1737.45,-55.93,Thursday,1900.0
681,2022.08.29 07:07,sell,0.02,1723.83,2022.08.31 11:24,1714.07,21.05,Monday,3137.0
682,2022.09.01 03:54,sell,0.02,1704.59,2022.09.01 12:51,1700.31,8.42,Thursday,537.0
683,2022.09.01 20:52,sell,0.02,1696.28,2022.09.02 19:00,1713.63,-34.0,Thursday,1328.0
684,2022.09.05 14:50,sell,0.03,1712.14,2022.09.06 13:24,1709.95,7.61,Monday,1354.0
685,2022.09.06 16:32,sell,0.03,1702.96,2022.09.07 00:54,1697.33,17.93,Tuesday,502.0
686,2022.09.07 04:53,sell,0.03,1693.73,2022.09.09 19:00,1715.71,-61.13,Wednesday,3727.0
687,2022.09.12 03:07,buy,0.03,1713.48,2022.09.12 12:25,1728.56,45.03,Monday,558.0
688,2022.09.12 05:04,sell,0.03,1713.18,2022.09.13 12:37,1712.65,2.63,Monday,1893.0
689,2022.09.12 16:39,buy,0.03,1732.68,2022.09.14 05:45,1701.55,-97.18,Monday,2226.0
690,2022.09.14 03:53,sell,0.03,1701.16,2022.09.14 22:00,1697.81,9.84,Wednesday,1087.0
691,2022.09.15 04:12,sell,0.03,1692.38,2022.09.15 10:01,1690.5,5.43,Thursday,349.0
692,2022.09.15 14:20,sell,0.03,1686.84,2022.09.15 14:59,1668.78,53.97,Thursday,39.0
693,2022.09.15 20:32,sell,0.03,1664.79,2022.09.16 08:49,1659.5,16.91,Thursday,737.0
694,2022.09.19 04:46,sell,0.03,1668.66,2022.09.19 08:37,1664.94,10.95,Monday,231.0
695,2022.09.19 20:01,sell,0.03,1674.46,2022.09.20 06:36,1674.29,1.55,Monday,635.0
696,2022.09.20 22:17,sell,0.03,1664.39,2022.09.21 18:01,1663.05,5.06,Tuesday,1184.0
697,2022.09.21 22:34,buy,0.03,1671.4,2022.09.22 08:22,1672.55,-2.13,Wednesday,588.0
698,2022.09.22 08:33,sell,0.03,1673.22,2022.09.22 09:31,1672.9,0.75,Thursday,58.0
699,2022.09.22 17:14,sell,0.03,1673.97,2022.09.22 19:30,1673.8,0.3,Thursday,136.0
700,2022.09.26 05:36,sell,0.03,1635.8,2022.09.26 18:56,1627.24,25.47,Monday,800.0
701,2022.09.27 06:43,sell,0.03,1635.95,2022.09.27 17:59,1630.79,15.27,Tuesday,676.0
702,2022.09.27 22:13,sell,0.03,1629.43,2022.09.28 07:30,1618.91,32.6,Tuesday,557.0
703,2022.09.28 13:00,sell,0.03,1635.02,2022.09.30 19:00,1662.18,-76.67,Wednesday,3240.0
704,2022.10.03 06:55,buy,0.03,1663.19,2022.10.03 07:26,1663.36,0.3,Monday,31.0
705,2022.10.03 16:54,buy,0.03,1690.38,2022.10.03 19:13,1695.31,14.58,Monday,139.0
706,2022.10.03 22:48,buy,0.03,1700.52,2022.10.04 09:12,1705.49,12.91,Monday,624.0
707,2022.10.05 07:37,buy,0.02,1718.5,2022.10.06 07:00,1720.23,-0.26,Wednesday,1403.0
708,2022.10.06 13:23,buy,0.02,1712.81,2022.10.06 13:45,1713.05,0.34,Thursday,22.0
709,2022.10.06 18:21,buy,0.02,1712.46,2022.10.07 19:00,1696.56,-33.13,Thursday,1479.0
710,2022.10.10 03:03,buy,0.02,1691.6,2022.10.14 17:00,1643.78,-102.94,Monday,6597.0
711,2022.10.10 09:18,sell,0.02,1683.73,2022.10.10 11:57,1678.23,10.86,Monday,159.0
712,2022.10.11 05:35,sell,0.02,1664.14,2022.10.13 12:30,1655.9,19.68,Tuesday,3295.0
713,2022.10.13 17:52,sell,0.02,1671.33,2022.10.14 01:44,1664.47,14.42,Thursday,472.0
714,2022.10.17 05:38,sell,0.02,1651.52,2022.10.17 20:50,1650.84,1.22,Monday,912.0
715,2022.10.18 08:27,sell,0.02,1655.37,2022.10.18 09:04,1653.25,4.1,Tuesday,37.0
716,2022.10.18 12:52,sell,0.02,1656.33,2022.10.18 14:55,1653.06,6.4,Tuesday,123.0
717,2022.10.18 19:46,sell,0.02,1650.81,2022.10.19 07:41,1642.19,17.94,Tuesday,715.0
718,2022.10.20 03:34,sell,0.02,1625.7,2022.10.21 07:23,1622.08,7.94,Thursday,1669.0
719,2022.10.24 08:20,buy,0.02,1648.27,2022.10.24 13:49,1648.44,0.2,Monday,329.0
720,2022.10.24 12:28,sell,0.02,1648.57,2022.10.24 14:32,1648.4,0.2,Monday,124.0
721,2022.10.24 20:21,sell,0.02,1649.06,2022.10.25 11:27,1642.3,14.22,Monday,906.0
722,2022.10.25 15:52,sell,0.02,1656.61,2022.10.25 18:07,1656.44,0.2,Tuesday,135.0
723,2022.10.26 11:12,buy,0.02,1670.11,2022.10.28 19:00,1643.0,-59.13,Wednesday,3348.0
724,2022.10.31 04:27,sell,0.02,1645.16,2022.10.31 09:45,1640.1,9.98,Monday,318.0
725,2022.10.31 20:36,sell,0.02,1632.76,2022.11.03 12:04,1621.45,26.66,Monday,3808.0
726,2022.11.01 13:08,buy,0.02,1654.02,2022.11.02 12:15,1654.58,-0.21,Tuesday,1387.0
727,2022.11.02 14:53,buy,0.02,1648.68,2022.11.02 18:36,1664.24,30.98,Wednesday,223.0
728,2022.11.07 04:31,buy,0.02,1672.48,2022.11.07 11:14,1676.11,7.12,Monday,403.0
729,2022.11.07 14:51,buy,0.02,1680.6,2022.11.08 15:10,1693.56,24.59,Monday,1459.0
730,2022.11.08 19:48,buy,0.02,1711.18,2022.11.09 09:08,1711.35,-0.99,Tuesday,800.0
731,2022.11.09 13:27,buy,0.02,1705.26,2022.11.09 14:51,1712.21,13.76,Wednesday,84.0
732,2022.11.09 19:05,buy,0.02,1704.74,2022.11.10 07:06,1708.15,3.1,Wednesday,721.0
733,2022.11.14 06:19,buy,0.02,1762.19,2022.11.14 15:25,1769.72,14.92,Monday,546.0
734,2022.11.15 06:18,buy,0.02,1770.32,2022.11.15 08:06,1780.21,19.64,Tuesday,108.0
735,2022.11.15 21:10,buy,0.02,1779.23,2022.11.16 11:08,1780.93,2.07,Tuesday,838.0
736,2022.11.16 17:03,buy,0.02,1774.49,2022.11.18 19:00,1748.87,-56.15,Wednesday,2997.0
737,2022.11.21 08:01,buy,0.02,1742.2,2022.11.21 13:43,1742.37,0.2,Monday,342.0
738,2022.11.22 14:34,buy,0.02,1742.9,2022.11.23 14:55,1743.55,-0.03,Tuesday,1461.0
739,2022.11.22 19:40,sell,0.02,1737.75,2022.11.23 06:03,1737.06,2.08,Tuesday,623.0
740,2022.11.23 08:09,sell,0.02,1743.07,2022.11.23 09:55,1739.71,6.58,Wednesday,106.0
741,2022.11.23 12:23,sell,0.02,1738.54,2022.11.23 13:30,1733.05,10.84,Wednesday,67.0
742,2022.11.23 19:18,sell,0.02,1750.15,2022.11.25 14:27,1749.98,3.54,Wednesday,2589.0
743,2022.11.23 21:28,buy,0.02,1750.21,2022.11.24 08:00,1753.5,2.86,Wednesday,632.0
744,2022.11.24 10:44,buy,0.02,1755.47,2022.11.25 06:05,1755.64,-0.99,Thursday,1161.0
745,2022.11.28 04:41,sell,0.02,1751.06,2022.11.28 14:45,1749.11,3.76,Monday,604.0
746,2022.11.28 05:48,buy,0.02,1749.79,2022.11.28 07:37,1749.96,0.2,Monday,109.0
747,2022.11.28 10:16,buy,0.02,1761.41,2022.12.01 01:57,1775.77,22.62,Monday,3821.0
748,2022.12.01 20:47,buy,0.02,1802.96,2022.12.02 19:00,1795.34,-16.57,Thursday,1333.0
749,2022.12.05 04:54,buy,0.02,1809.19,2022.12.09 19:00,1798.28,-29.12,Monday,6606.0
750,2022.12.12 03:55,buy,0.02,1787.49,2022.12.12 12:50,1790.9,6.68,Monday,535.0
751,2022.12.12 16:00,buy,0.02,1785.04,2022.12.13 13:29,1790.74,10.07,Monday,1289.0
752,2022.12.12 21:22,sell,0.02,1780.96,2022.12.15 08:30,1777.81,10.34,Monday,3548.0
753,2022.12.14 08:43,buy,0.02,1808.83,2022.12.14 17:12,1809.0,0.2,Wednesday,509.0
754,2022.12.14 21:50,buy,0.02,1807.38,2022.12.16 19:00,1791.55,-36.57,Wednesday,2710.0
755,2022.12.15 15:14,sell,0.02,1781.59,2022.12.15 15:48,1779.37,4.3,Thursday,34.0
756,2022.12.19 05:47,buy,0.02,1791.59,2022.12.19 12:34,1793.52,3.72,Monday,407.0
757,2022.12.21 04:57,buy,0.02,1813.97,2022.12.21 15:52,1818.93,9.78,Wednesday,655.0
758,2022.12.22 05:43,buy,0.02,1819.9,2022.12.23 19:00,1795.65,-49.83,Thursday,2237.0
759,2022.12.27 03:50,buy,0.02,1804.4,2022.12.27 13:26,1806.26,3.58,Tuesday,576.0
760,2022.12.27 16:49,buy,0.02,1820.03,2022.12.30 14:15,1820.2,-5.76,Tuesday,4166.0
761,2023.01.03 05:12,buy,0.02,1840.72,2023.01.03 07:50,1845.56,9.54,Tuesday,158.0
762,2023.01.03 10:44,buy,0.02,1836.53,2023.01.03 14:05,1836.7,0.2,Tuesday,201.0
763,2023.01.04 10:42,buy,0.02,1858.43,2023.01.04 11:41,1858.6,0.2,Wednesday,59.0
764,2023.01.04 18:15,buy,0.02,1852.52,2023.01.05 02:23,1854.26,-0.24,Wednesday,488.0
765,2023.01.05 04:43,buy,0.02,1851.29,2023.01.05 06:58,1851.55,0.38,Thursday,135.0
766,2023.01.05 12:14,buy,0.02,1846.13,2023.01.06 14:07,1847.88,2.17,Thursday,1553.0
767,2023.01.09 04:08,buy,0.02,1877.35,2023.01.09 14:58,1877.52,0.2,Monday,650.0
768,2023.01.10 03:05,buy,0.02,1872.59,2023.01.10 12:17,1873.0,0.68,Tuesday,552.0
769,2023.01.10 20:03,buy,0.02,1876.59,2023.01.11 12:11,1881.67,8.83,Tuesday,968.0
770,2023.01.11 14:35,buy,0.02,1877.64,2023.01.12 13:30,1885.98,12.96,Wednesday,1375.0
771,2023.01.12 20:59,buy,0.02,1898.21,2023.01.13 09:22,1905.43,13.11,Thursday,743.0
772,2023.01.16 10:42,buy,0.02,1916.57,2023.01.18 13:33,1919.54,3.41,Monday,3051.0
773,2023.01.18 15:34,buy,0.02,1917.38,2023.01.19 15:49,1919.13,-0.22,Wednesday,1455.0
774,2023.01.23 04:17,buy,0.02,1930.82,2023.01.24 04:03,1932.49,2.01,Monday,1426.0
775,2023.01.24 09:29,buy,0.02,1936.47,2023.01.25 20:15,1943.95,13.63,Tuesday,2086.0
776,2023.01.26 12:35,buy,0.02,1936.19,2023.01.26 14:25,1938.32,4.12,Thursday,110.0
777,2023.01.26 20:59,buy,0.02,1929.5,2023.01.27 01:59,1929.67,-0.99,Thursday,300.0
778,2023.01.30 03:29,buy,0.02,1925.63,2023.01.30 07:20,1929.15,6.9,Monday,231.0
779,2023.01.30 17:06,buy,0.02,1924.13,2023.02.01 01:21,1925.91,1.03,Monday,1935.0
780,2023.01.30 21:40,sell,0.02,1923.01,2023.01.31 12:45,1906.07,34.58,Monday,905.0
781,2023.02.01 05:02,buy,0.02,1926.04,2023.02.01 13:35,1927.86,3.5,Wednesday,513.0
782,2023.02.02 05:33,buy,0.02,1953.94,2023.02.02 09:14,1954.23,0.44,Thursday,221.0
783,2023.02.06 05:21,sell,0.02,1876.68,2023.02.06 09:29,1874.45,4.32,Monday,248.0
784,2023.02.06 18:53,sell,0.02,1867.17,2023.02.09 17:56,1867.0,4.38,Monday,4263.0
785,2023.02.09 21:41,sell,0.02,1861.54,2023.02.10 05:53,1857.97,7.84,Thursday,492.0
786,2023.02.13 06:03,sell,0.02,1859.66,2023.02.13 10:24,1857.89,3.4,Monday,261.0
787,2023.02.13 21:19,sell,0.02,1854.08,2023.02.14 14:37,1847.45,13.96,Monday,1038.0
788,2023.02.14 17:22,sell,0.02,1849.55,2023.02.15 09:09,1836.51,26.78,Tuesday,947.0
789,2023.02.15 11:53,sell,0.03,1834.44,2023.02.16 13:50,1831.77,11.56,Wednesday,1557.0
790,2023.02.20 04:40,sell,0.03,1844.28,2023.02.21 08:57,1835.87,26.27,Monday,1697.0
791,2023.02.21 17:46,sell,0.03,1835.9,2023.02.21 20:04,1835.73,0.3,Tuesday,138.0
792,2023.02.22 04:45,sell,0.03,1835.47,2023.02.22 15:20,1835.3,0.3,Wednesday,635.0
793,2023.02.23 12:25,sell,0.03,1825.41,2023.02.23 13:35,1824.27,3.21,Thursday,70.0
794,2023.02.23 15:38,sell,0.03,1823.57,2023.02.23 18:50,1823.4,0.3,Thursday,192.0
795,2023.02.27 05:55,sell,0.03,1808.86,2023.02.28 08:25,1808.69,1.55,Monday,1590.0
796,2023.02.28 16:00,sell,0.03,1823.98,2023.03.03 19:00,1850.19,-72.57,Tuesday,4500.0
797,2023.03.01 10:03,buy,0.03,1831.82,2023.03.01 13:10,1836.85,14.88,Wednesday,187.0
798,2023.03.02 14:10,buy,0.03,1833.81,2023.03.02 15:21,1834.02,0.42,Thursday,71.0
799,2023.03.06 04:18,buy,0.03,1855.76,2023.03.07 21:00,1813.92,-127.52,Monday,2442.0
800,2023.03.07 20:22,sell,0.03,1814.77,2023.03.08 07:18,1814.6,1.55,Tuesday,656.0
801,2023.03.09 08:00,sell,0.03,1814.67,2023.03.10 15:26,1864.57,-148.66,Thursday,1886.0
802,2023.03.13 07:30,buy,0.02,1873.36,2023.03.13 09:49,1889.7,32.54,Monday,139.0
803,2023.03.13 16:14,buy,0.02,1905.62,2023.03.13 19:11,1908.89,6.4,Monday,177.0
804,2023.03.14 04:12,buy,0.02,1903.37,2023.03.14 06:21,1908.74,10.6,Tuesday,129.0
805,2023.03.14 16:21,buy,0.02,1903.46,2023.03.14 19:08,1905.24,3.42,Tuesday,167.0
806,2023.03.15 06:32,buy,0.02,1899.3,2023.03.15 11:45,1914.85,30.96,Wednesday,313.0
807,2023.03.15 17:41,buy,0.02,1926.09,2023.03.16 12:30,1926.26,-3.38,Wednesday,1129.0
808,2023.03.16 16:02,buy,0.02,1918.62,2023.03.17 06:03,1928.15,17.73,Thursday,841.0
809,2023.03.20 10:20,buy,0.02,1986.18,2023.03.23 18:55,1997.82,17.18,Monday,4835.0
810,2023.03.27 13:18,buy,0.02,1948.34,2023.03.27 16:55,1955.34,13.86,Monday,217.0
811,2023.03.27 19:45,buy,0.02,1957.4,2023.03.28 02:26,1959.18,2.23,Monday,401.0
812,2023.03.28 07:35,buy,0.02,1955.84,2023.03.28 13:00,1963.3,14.78,Tuesday,325.0
813,2023.03.28 20:48,buy,0.02,1973.55,2023.03.30 17:25,1978.97,5.93,Tuesday,2677.0
814,2023.04.03 04:11,sell,0.02,1951.03,2023.04.04 22:00,2020.29,-137.82,Monday,2509.0
815,2023.04.03 17:28,buy,0.02,1984.64,2023.04.04 14:11,2007.37,44.13,Monday,1243.0
816,2023.04.04 20:52,buy,0.02,2020.9,2023.04.05 08:53,2024.26,5.39,Tuesday,721.0
817,2023.04.06 12:33,buy,0.02,2017.29,2023.04.12 12:30,2017.46,-4.57,Thursday,8637.0
818,2023.04.10 19:17,sell,0.02,1990.66,2023.04.14 19:00,2006.47,-26.74,Monday,5743.0
819,2023.04.12 17:13,buy,0.02,2008.05,2023.04.12 19:58,2013.12,10.0,Wednesday,165.0
820,2023.04.13 03:32,buy,0.02,2017.18,2023.04.13 12:30,2032.51,30.52,Thursday,538.0
821,2023.04.13 15:02,buy,0.02,2035.01,2023.04.13 18:41,2038.61,7.06,Thursday,219.0
822,2023.04.17 03:40,sell,0.02,2004.66,2023.04.17 12:52,2003.59,2.0,Monday,552.0
823,2023.04.18 03:50,sell,0.02,1999.78,2023.04.18 13:41,1996.35,6.72,Tuesday,591.0
824,2023.04.18 18:02,buy,0.02,2004.27,2023.04.20 12:36,2006.39,-0.67,Tuesday,2554.0
825,2023.04.19 12:56,sell,0.02,1979.59,2023.04.21 13:57,1977.5,7.38,Wednesday,2941.0
826,2023.04.24 06:39,sell,0.02,1981.23,2023.04.24 13:38,1978.99,4.34,Monday,419.0
827,2023.04.24 17:38,sell,0.02,1989.65,2023.04.25 12:17,1980.77,18.46,Monday,1119.0
828,2023.04.25 04:28,buy,0.02,1992.33,2023.04.25 07:42,1992.5,0.2,Tuesday,194.0
829,2023.04.25 14:24,sell,0.02,1985.36,2023.04.27 13:50,1979.38,15.16,Tuesday,2846.0
830,2023.04.26 04:09,buy,0.02,1994.82,2023.04.26 11:41,1996.89,4.0,Wednesday,452.0
831,2023.04.27 08:14,buy,0.02,1998.84,2023.04.27 12:30,1999.26,0.7,Thursday,256.0
832,2023.04.27 20:15,sell,0.02,1987.87,2023.04.28 10:21,1984.32,7.8,Thursday,846.0
833,2023.05.01 05:01,sell,0.02,1983.93,2023.05.01 09:18,1982.2,3.32,Monday,257.0
834,2023.05.01 22:04,sell,0.02,1981.61,2023.05.03 22:00,2054.35,-143.95,Monday,2876.0
835,2023.05.02 19:10,buy,0.02,2016.13,2023.05.03 15:37,2022.7,11.81,Tuesday,1227.0
836,2023.05.04 07:49,buy,0.01,2032.93,2023.05.04 12:17,2039.94,6.94,Thursday,268.0
837,2023.05.04 18:17,buy,0.01,2046.21,2023.05.05 02:18,2048.03,1.15,Thursday,481.0
838,2023.05.08 06:44,buy,0.01,2021.7,2023.05.08 13:19,2021.88,0.11,Monday,395.0
839,2023.05.08 19:00,buy,0.01,2021.67,2023.05.09 07:01,2023.36,1.02,Monday,721.0
840,2023.05.09 19:28,buy,0.01,2034.55,2023.05.10 12:34,2041.7,6.48,Tuesday,1026.0
841,2023.05.10 15:33,buy,0.02,2024.08,2023.05.10 19:33,2029.21,10.12,Wednesday,240.0
842,2023.05.11 03:50,buy,0.02,2032.26,2023.05.11 12:16,2034.63,4.6,Thursday,506.0
843,2023.05.11 14:28,buy,0.02,2016.81,2023.05.11 15:32,2016.98,0.2,Thursday,64.0
844,2023.05.15 07:43,sell,0.02,2018.71,2023.05.15 12:30,2016.82,3.64,Monday,287.0
845,2023.05.15 16:00,sell,0.02,2017.62,2023.05.16 06:48,2007.7,20.54,Monday,888.0
846,2023.05.16 13:00,sell,0.02,2011.92,2023.05.16 15:19,2002.7,18.3,Tuesday,139.0
847,2023.05.16 18:55,sell,0.02,1989.78,2023.05.17 10:32,1988.07,4.12,Tuesday,937.0
848,2023.05.17 16:44,sell,0.02,1982.74,2023.05.18 09:32,1977.27,13.31,Wednesday,1008.0
849,2023.05.18 19:05,sell,0.02,1956.56,2023.05.19 19:00,1977.05,-40.28,Thursday,1435.0
850,2023.05.22 16:54,sell,0.02,1974.16,2023.05.23 06:15,1963.72,21.58,Monday,801.0
851,2023.05.23 08:49,sell,0.02,1959.42,2023.05.23 11:21,1959.25,0.2,Tuesday,152.0
852,2023.05.23 19:05,sell,0.02,1976.01,2023.05.24 07:42,1975.84,1.04,Tuesday,757.0
853,2023.05.24 11:22,sell,0.02,1977.13,2023.05.24 14:09,1970.99,12.14,Wednesday,167.0
854,2023.05.24 17:52,sell,0.02,1963.47,2023.05.24 22:50,1961.79,3.22,Wednesday,298.0
855,2023.05.25 10:46,sell,0.02,1962.09,2023.05.25 13:00,1944.38,35.28,Thursday,134.0
856,2023.05.29 03:16,sell,0.02,1945.58,2023.05.29 08:58,1945.4,0.22,Monday,342.0
857,2023.05.29 11:46,sell,0.02,1946.06,2023.05.30 02:12,1945.89,1.04,Monday,866.0
858,2023.05.30 10:37,sell,0.02,1954.53,2023.05.30 14:07,1954.36,0.2,Tuesday,210.0
859,2023.05.31 05:36,sell,0.02,1958.75,2023.06.01 09:31,1958.55,2.77,Wednesday,1675.0
860,2023.05.31 09:08,buy,0.02,1955.43,2023.05.31 10:21,1955.6,0.2,Wednesday,73.0
861,2023.06.01 11:44,sell,0.02,1966.89,2023.06.01 12:30,1963.15,7.34,Thursday,46.0
862,2023.06.01 22:53,buy,0.02,1976.9,2023.06.02 05:27,1978.63,2.13,Thursday,394.0
863,2023.06.05 06:06,sell,0.02,1944.55,2023.06.05 08:11,1942.57,3.82,Monday,125.0
864,2023.06.05 14:30,sell,0.02,1958.61,2023.06.06 14:05,1958.44,1.04,Monday,1415.0
865,2023.06.06 17:55,sell,0.02,1964.79,2023.06.07 08:27,1959.77,10.74,Tuesday,872.0
866,2023.06.06 19:21,buy,0.02,1963.05,2023.06.07 14:09,1964.9,2.37,Tuesday,1128.0
867,2023.06.07 11:25,sell,0.02,1962.21,2023.06.07 13:36,1961.85,0.58,Wednesday,131.0
868,2023.06.07 15:31,sell,0.02,1954.85,2023.06.07 17:34,1945.1,19.36,Wednesday,123.0
869,2023.06.08 04:41,sell,0.02,1946.15,2023.06.09 19:00,1961.64,-30.28,Thursday,2299.0
870,2023.06.12 06:00,sell,0.02,1959.0,2023.06.12 14:02,1954.61,8.64,Monday,482.0
871,2023.06.12 14:11,buy,0.02,1951.37,2023.06.12 16:27,1953.15,3.42,Monday,136.0
872,2023.06.12 17:33,sell,0.02,1955.68,2023.06.13 12:30,1953.46,5.14,Monday,1137.0
873,2023.06.13 07:18,buy,0.02,1964.3,2023.06.13 12:30,1966.72,4.7,Tuesday,312.0
874,2023.06.13 14:55,buy,0.02,1952.8,2023.06.14 12:48,1955.11,3.29,Tuesday,1313.0
875,2023.06.13 17:01,sell,0.02,1945.14,2023.06.13 22:36,1944.95,0.24,Tuesday,335.0
876,2023.06.14 08:05,sell,0.02,1950.39,2023.06.14 12:30,1950.22,0.2,Wednesday,265.0
877,2023.06.14 12:57,sell,0.02,1956.59,2023.06.14 18:02,1948.01,17.02,Wednesday,305.0
878,2023.06.14 22:39,sell,0.02,1945.04,2023.06.15 03:34,1936.51,19.43,Wednesday,295.0
879,2023.06.15 07:39,sell,0.02,1933.11,2023.06.15 12:18,1931.31,3.46,Thursday,279.0
880,2023.06.15 16:26,sell,0.02,1958.96,2023.06.16 06:04,1958.79,1.04,Thursday,818.0
881,2023.06.15 20:51,buy,0.02,1957.98,2023.06.16 12:50,1962.92,8.55,Thursday,959.0
882,2023.06.19 06:24,buy,0.02,1955.11,2023.06.23 19:00,1920.43,-76.66,Monday,6516.0
883,2023.06.19 22:33,sell,0.02,1951.85,2023.06.20 02:24,1949.99,4.42,Monday,231.0
884,2023.06.20 06:37,sell,0.02,1951.37,2023.06.20 14:11,1934.29,34.02,Tuesday,454.0
885,2023.06.21 04:18,sell,0.02,1935.85,2023.06.21 07:10,1935.65,0.26,Wednesday,172.0
886,2023.06.21 17:18,sell,0.02,1934.42,2023.06.22 08:14,1931.16,8.89,Wednesday,896.0
887,2023.06.22 10:34,sell,0.02,1927.35,2023.06.22 13:36,1923.33,7.9,Thursday,182.0
888,2023.06.22 16:51,sell,0.02,1916.7,2023.06.23 04:34,1915.0,4.1,Thursday,703.0
889,2023.06.26 08:41,sell,0.02,1932.12,2023.06.26 15:20,1927.12,9.86,Monday,399.0
890,2023.06.26 20:21,sell,0.02,1922.64,2023.06.27 14:22,1915.59,14.8,Monday,1081.0
891,2023.06.28 15:42,sell,0.02,1912.21,2023.06.29 01:15,1912.04,2.71,Wednesday,573.0
892,2023.06.29 08:51,sell,0.02,1906.72,2023.06.29 13:50,1898.12,17.06,Thursday,299.0
893,2023.06.29 17:13,sell,0.02,1910.12,2023.06.30 09:55,1905.1,10.74,Thursday,1002.0
894,2023.07.03 04:40,sell,0.03,1919.33,2023.07.03 12:24,1914.63,13.89,Monday,464.0
895,2023.07.03 17:23,buy,0.03,1921.25,2023.07.04 12:41,1926.21,12.88,Monday,1158.0
896,2023.07.05 03:46,buy,0.03,1924.7,2023.07.05 13:31,1930.22,16.35,Wednesday,585.0
897,2023.07.05 18:55,buy,0.03,1916.24,2023.07.06 08:37,1916.41,-5.07,Wednesday,822.0
898,2023.07.06 03:50,sell,0.03,1918.3,2023.07.06 12:32,1910.12,24.33,Thursday,522.0
899,2023.07.06 22:02,sell,0.03,1910.54,2023.07.07 19:00,1926.41,-46.57,Thursday,1258.0
900,2023.07.10 09:13,sell,0.03,1924.17,2023.07.10 13:07,1916.8,21.9,Monday,234.0
901,2023.07.10 18:32,buy,0.03,1925.62,2023.07.11 07:03,1933.03,20.23,Monday,751.0
902,2023.07.11 12:00,buy,0.03,1936.41,2023.07.12 06:35,1936.58,-1.49,Tuesday,1115.0
903,2023.07.12 08:55,buy,0.03,1935.79,2023.07.12 12:42,1945.99,30.39,Wednesday,227.0
904,2023.07.12 17:49,buy,0.03,1956.53,2023.07.13 05:00,1956.84,-4.65,Wednesday,671.0
905,2023.07.13 17:24,buy,0.03,1958.81,2023.07.14 05:40,1958.98,-1.49,Thursday,736.0
906,2023.07.17 07:10,buy,0.03,1954.34,2023.07.17 12:23,1954.51,0.3,Monday,313.0
907,2023.07.17 15:20,buy,0.03,1952.98,2023.07.18 11:17,1967.93,42.85,Monday,1197.0
908,2023.07.18 17:16,buy,0.03,1977.5,2023.07.20 05:38,1982.53,7.72,Tuesday,2182.0
909,2023.07.20 16:39,buy,0.03,1967.21,2023.07.21 05:35,1968.9,3.07,Thursday,776.0
910,2023.07.24 05:49,buy,0.03,1960.36,2023.07.24 08:39,1960.53,0.3,Monday,170.0
911,2023.07.24 14:10,buy,0.03,1960.8,2023.07.26 13:19,1968.81,20.24,Monday,2829.0
912,2023.07.24 20:53,sell,0.03,1954.72,2023.07.27 13:46,1948.8,23.82,Monday,3893.0
913,2023.07.26 17:28,buy,0.03,1968.57,2023.07.26 18:01,1968.75,0.33,Wednesday,33.0
914,2023.07.27 05:15,buy,0.03,1976.56,2023.07.27 08:36,1976.73,0.3,Thursday,201.0
915,2023.07.27 13:25,buy,0.03,1956.29,2023.07.28 12:31,1957.14,0.55,Thursday,1386.0
916,2023.07.27 22:15,sell,0.03,1946.83,2023.07.28 19:00,1959.11,-35.8,Thursday,1245.0
917,2023.07.31 08:18,sell,0.03,1955.28,2023.07.31 09:06,1955.11,0.3,Monday,48.0
918,2023.07.31 22:40,buy,0.03,1965.46,2023.08.04 19:00,1941.31,-83.4,Monday,5540.0
919,2023.08.01 09:05,sell,0.03,1956.05,2023.08.01 12:05,1955.88,0.3,Tuesday,180.0
920,2023.08.01 22:13,sell,0.03,1950.39,2023.08.02 06:09,1950.22,1.55,Tuesday,476.0
921,2023.08.02 11:18,sell,0.03,1951.8,2023.08.02 12:19,1949.95,5.34,Wednesday,61.0
922,2023.08.02 22:31,sell,0.03,1935.78,2023.08.03 07:31,1935.61,4.06,Wednesday,540.0
923,2023.08.03 15:30,sell,0.03,1937.37,2023.08.04 01:00,1937.2,1.55,Thursday,570.0
924,2023.08.07 11:09,sell,0.03,1934.76,2023.08.08 08:53,1934.59,1.55,Monday,1304.0
925,2023.08.08 14:39,sell,0.03,1929.16,2023.08.09 01:34,1928.86,1.94,Tuesday,655.0
926,2023.08.09 04:31,sell,0.03,1930.09,2023.08.09 14:04,1926.69,9.99,Wednesday,573.0
927,2023.08.09 18:48,sell,0.03,1915.65,2023.08.11 00:56,1914.98,6.82,Wednesday,1808.0
928,2023.08.14 05:45,sell,0.03,1913.21,2023.08.14 12:51,1911.31,5.49,Monday,426.0
929,2023.08.14 15:56,sell,0.04,1910.63,2023.08.15 12:34,1900.42,42.23,Monday,1238.0
930,2023.08.15 16:09,sell,0.04,1906.51,2023.08.16 02:42,1904.8,8.23,Tuesday,633.0
931,2023.08.16 09:28,sell,0.04,1906.8,2023.08.16 13:22,1903.27,13.84,Wednesday,234.0
932,2023.08.16 20:45,sell,0.04,1892.78,2023.08.17 23:00,1890.44,14.1,Wednesday,1575.0
933,2023.08.21 03:27,sell,0.04,1892.13,2023.08.21 11:39,1891.96,0.4,Monday,492.0
934,2023.08.22 03:44,sell,0.04,1895.97,2023.08.22 14:13,1893.97,7.72,Tuesday,629.0
935,2023.08.22 18:10,sell,0.04,1897.52,2023.08.25 19:00,1913.48,-55.76,Tuesday,4370.0
936,2023.08.23 12:10,buy,0.04,1903.85,2023.08.23 12:58,1904.05,0.52,Wednesday,48.0
937,2023.08.23 18:25,buy,0.04,1917.06,2023.08.24 10:52,1918.73,-0.76,Wednesday,987.0
938,2023.08.24 16:29,buy,0.04,1919.52,2023.08.25 19:00,1913.28,-27.63,Thursday,1591.0
939,2023.08.28 03:12,buy,0.04,1915.79,2023.08.28 16:57,1920.65,19.16,Monday,825.0
940,2023.08.29 04:35,buy,0.04,1924.68,2023.08.30 15:10,1944.9,78.21,Tuesday,2075.0
941,2023.08.31 08:00,buy,0.04,1945.11,2023.09.01 12:44,1948.16,9.53,Thursday,1724.0
942,2023.09.04 07:04,buy,0.04,1945.04,2023.09.06 22:00,1916.55,-119.01,Monday,3776.0
943,2023.09.05 13:20,sell,0.04,1930.46,2023.09.06 10:10,1927.16,14.59,Tuesday,1250.0
944,2023.09.07 11:55,sell,0.04,1921.64,2023.09.07 12:51,1921.47,0.4,Thursday,56.0
945,2023.09.07 17:48,sell,0.04,1918.79,2023.09.08 19:00,1918.7,1.75,Thursday,1512.0
946,2023.09.11 12:12,buy,0.04,1925.53,2023.09.11 13:47,1925.7,0.4,Monday,95.0
947,2023.09.11 17:36,sell,0.04,1923.61,2023.09.12 14:30,1912.42,46.15,Monday,1254.0
948,2023.09.12 20:49,sell,0.04,1913.14,2023.09.13 11:00,1912.97,2.07,Tuesday,851.0
949,2023.09.13 13:04,sell,0.04,1912.63,2023.09.14 00:49,1912.46,5.42,Wednesday,705.0
950,2023.09.14 08:19,sell,0.04,1905.74,2023.09.14 12:52,1905.57,0.4,Thursday,273.0
951,2023.09.14 19:42,sell,0.04,1909.13,2023.09.15 19:00,1924.15,-58.69,Thursday,1398.0
952,2023.09.19 03:07,buy,0.04,1932.96,2023.09.19 13:16,1933.13,0.4,Tuesday,609.0
953,2023.09.19 15:27,buy,0.04,1933.39,2023.09.20 15:58,1941.7,30.57,Tuesday,1471.0
954,2023.09.20 20:34,buy,0.04,1930.92,2023.09.22 19:00,1924.92,-33.82,Wednesday,2786.0
955,2023.09.21 22:04,sell,0.04,1919.68,2023.09.22 19:00,1925.12,-20.37,Thursday,1256.0
956,2023.09.25 06:33,sell,0.04,1921.17,2023.09.26 08:03,1914.72,27.19,Monday,1530.0
957,2023.09.25 16:07,buy,0.04,1917.48,2023.09.27 13:40,1887.41,-125.33,Monday,2733.0
958,2023.09.26 18:20,sell,0.04,1900.29,2023.09.27 14:00,1888.79,47.39,Tuesday,1180.0
959,2023.09.28 07:33,sell,0.04,1877.49,2023.09.28 14:07,1875.41,8.04,Thursday,394.0
960,2023.09.28 20:27,sell,0.04,1866.48,2023.09.29 19:00,1849.0,71.31,Thursday,1353.0
961,2023.10.02 04:33,sell,0.04,1843.79,2023.10.02 06:27,1843.62,0.4,Monday,114.0
962,2023.10.02 08:32,sell,0.04,1842.19,2023.10.02 10:27,1836.29,23.32,Monday,115.0
963,2023.10.02 16:55,sell,0.04,1831.75,2023.10.02 23:43,1824.61,28.28,Monday,408.0
964,2023.10.03 04:16,sell,0.04,1821.41,2023.10.04 07:42,1821.24,2.07,Tuesday,1646.0
965,2023.10.04 22:41,sell,0.04,1821.91,2023.10.05 13:24,1817.13,23.86,Wednesday,883.0
966,2023.10.05 16:54,sell,0.04,1817.06,2023.10.06 12:30,1815.11,9.19,Thursday,1176.0
967,2023.10.09 10:08,buy,0.04,1851.51,2023.10.10 00:32,1861.32,36.57,Monday,864.0
968,2023.10.10 04:40,buy,0.04,1861.83,2023.10.11 12:30,1870.08,30.33,Tuesday,1910.0
969,2023.10.11 17:51,buy,0.04,1871.23,2023.10.12 12:30,1880.89,31.2,Wednesday,1119.0
970,2023.10.12 20:17,buy,0.04,1868.91,2023.10.13 12:37,1913.55,175.89,Thursday,980.0
971,2023.10.16 03:36,buy,0.04,1919.08,2023.10.16 12:34,1919.25,0.4,Monday,538.0
972,2023.10.16 17:08,buy,0.03,1922.12,2023.10.17 11:04,1922.39,-1.19,Monday,1076.0
973,2023.10.17 15:42,buy,0.03,1925.4,2023.10.18 02:42,1938.65,37.75,Tuesday,660.0
974,2023.10.18 05:47,buy,0.03,1938.77,2023.10.18 12:41,1945.18,19.02,Wednesday,414.0
975,2023.10.18 15:03,buy,0.03,1946.54,2023.10.18 18:11,1951.61,15.0,Wednesday,188.0
976,2023.10.19 04:59,buy,0.03,1948.34,2023.10.19 08:24,1950.11,5.1,Thursday,205.0
977,2023.10.19 20:18,buy,0.03,1973.67,2023.10.19 23:45,1976.93,9.57,Thursday,207.0
978,2023.10.23 04:00,buy,0.03,1973.76,2023.10.23 09:45,1978.56,14.19,Monday,345.0
979,2023.10.23 14:03,buy,0.03,1974.14,2023.10.23 15:52,1974.31,0.3,Monday,109.0
980,2023.10.24 22:15,buy,0.03,1970.57,2023.10.25 02:53,1972.31,3.22,Tuesday,278.0
981,2023.10.25 07:45,buy,0.03,1970.55,2023.10.25 09:00,1970.72,0.3,Wednesday,75.0
982,2023.10.25 11:41,buy,0.03,1974.73,2023.10.25 14:04,1982.11,21.93,Wednesday,143.0
983,2023.10.25 19:27,buy,0.03,1981.93,2023.10.26 05:59,1985.36,4.71,Wednesday,632.0
984,2023.10.26 12:09,buy,0.03,1985.16,2023.10.26 18:13,1985.33,0.3,Thursday,364.0
985,2023.10.30 06:40,buy,0.03,1998.09,2023.10.30 13:33,1998.44,0.84,Monday,413.0
986,2023.10.30 17:48,buy,0.03,1999.01,2023.10.31 14:30,2003.14,10.39,Monday,1242.0
987,2023.10.31 16:43,buy,0.03,1990.27,2023.11.03 13:00,1999.15,17.48,Tuesday,4097.0
988,2023.11.01 22:42,sell,0.03,1983.0,2023.11.02 16:35,1982.83,4.06,Wednesday,1073.0
989,2023.11.06 04:26,buy,0.03,1984.53,2023.11.06 14:34,1984.7,0.3,Monday,608.0
990,2023.11.07 06:08,sell,0.03,1973.52,2023.11.07 09:26,1968.73,14.16,Tuesday,198.0
991,2023.11.07 20:48,sell,0.03,1968.3,2023.11.08 11:34,1964.79,11.57,Tuesday,886.0
992,2023.11.08 14:29,sell,0.03,1963.15,2023.11.08 15:53,1955.53,22.65,Wednesday,84.0
993,2023.11.08 21:19,sell,0.03,1949.75,2023.11.09 08:45,1949.58,4.06,Wednesday,686.0
994,2023.11.09 11:54,sell,0.03,1947.82,2023.11.10 12:51,1947.65,1.55,Thursday,1497.0
995,2023.11.13 07:05,sell,0.03,1938.88,2023.11.13 15:46,1936.92,5.67,Monday,521.0
996,2023.11.13 21:01,sell,0.03,1946.2,2023.11.14 13:30,1942.18,13.1,Monday,989.0
997,2023.11.14 17:34,buy,0.03,1963.19,2023.11.15 13:31,1971.15,21.88,Tuesday,1197.0
998,2023.11.15 16:57,buy,0.03,1962.14,2023.11.16 12:07,1963.89,-0.33,Wednesday,1150.0
999,2023.11.16 03:04,sell,0.03,1960.73,2023.11.17 19:00,1982.05,-62.92,Thursday,2396.0
1000,2023.11.16 20:48,buy,0.03,1981.26,2023.11.17 06:43,1982.94,3.04,Thursday,595.0
1001,2023.11.20 07:53,buy,0.03,1979.03,2023.11.21 08:45,1989.31,28.84,Monday,1492.0
1002,2023.11.21 17:28,buy,0.03,1999.61,2023.11.22 08:31,2001.37,3.28,Tuesday,903.0
1003,2023.11.22 16:43,buy,0.03,1992.93,2023.11.23 09:19,1993.31,-4.44,Wednesday,996.0
1004,2023.11.23 11:30,buy,0.03,1993.88,2023.11.24 15:30,1999.18,13.9,Thursday,1680.0
1005,2023.11.27 04:16,buy,0.03,2009.69,2023.11.27 13:41,2011.4,4.92,Monday,565.0
1006,2023.11.27 16:04,buy,0.03,2009.66,2023.11.28 07:46,2013.21,8.65,Monday,942.0
1007,2023.11.28 12:30,buy,0.03,2015.44,2023.11.28 14:40,2023.25,23.22,Tuesday,130.0
1008,2023.11.29 06:29,buy,0.03,2044.8,2023.11.29 20:17,2044.97,0.3,Wednesday,828.0
1009,2023.11.30 05:56,buy,0.03,2042.3,2023.11.30 07:44,2042.47,0.3,Thursday,108.0
1010,2023.11.30 10:07,buy,0.03,2039.32,2023.11.30 13:30,2039.55,0.48,Thursday,203.0
1011,2023.11.30 15:41,buy,0.03,2036.95,2023.11.30 17:58,2037.12,0.3,Thursday,137.0
1012,2023.11.30 20:37,buy,0.03,2035.46,2023.12.01 03:50,2038.76,7.9,Thursday,433.0
1013,2023.12.04 04:25,buy,0.03,2084.12,2023.12.04 05:59,2085.96,5.31,Monday,94.0
1014,2023.12.04 08:24,buy,0.03,2063.08,2023.12.04 09:39,2072.05,26.7,Monday,75.0
1015,2023.12.04 18:42,sell,0.02,2023.38,2023.12.05 14:47,2020.62,6.22,Monday,1205.0
1016,2023.12.05 06:55,buy,0.02,2033.77,2023.12.05 08:40,2035.5,3.32,Tuesday,105.0
1017,2023.12.06 18:57,buy,0.02,2030.81,2023.12.07 11:31,2031.03,-3.28,Wednesday,994.0
1018,2023.12.07 07:24,sell,0.02,2029.02,2023.12.07 17:33,2025.3,7.3,Thursday,609.0
1019,2023.12.11 11:14,sell,0.02,1993.65,2023.12.11 18:32,1980.02,27.12,Monday,438.0
1020,2023.12.12 10:12,sell,0.03,1986.03,2023.12.12 23:38,1982.35,10.83,Tuesday,806.0
1021,2023.12.18 08:53,buy,0.03,2024.83,2023.12.18 18:06,2029.48,13.74,Monday,553.0
1022,2023.12.19 06:22,buy,0.03,2024.43,2023.12.19 15:42,2040.44,47.82,Tuesday,560.0
1023,2023.12.19 18:26,buy,0.03,2037.39,2023.12.20 01:40,2037.56,-1.49,Tuesday,434.0
1024,2023.12.20 04:21,buy,0.03,2040.42,2023.12.21 14:06,2040.59,-5.07,Wednesday,2025.0
1025,2023.12.21 17:06,buy,0.03,2042.01,2023.12.22 00:11,2049.96,21.85,Thursday,425.0
1026,2023.12.26 06:06,buy,0.03,2062.74,2023.12.27 00:08,2064.48,3.22,Tuesday,1082.0
1027,2023.12.27 11:09,buy,0.03,2065.16,2023.12.27 12:54,2065.33,0.3,Wednesday,105.0
1028,2023.12.27 17:18,buy,0.03,2080.67,2023.12.28 06:32,2084.21,5.04,Wednesday,794.0
1029,2023.12.28 09:32,buy,0.03,2075.05,2023.12.28 10:44,2075.22,0.3,Thursday,72.0
1030,2023.12.28 13:26,buy,0.03,2077.04,2023.12.29 19:00,2064.73,-38.93,Thursday,1774.0
1031,2024.01.02 10:40,buy,0.03,2075.05,2024.01.05 19:00,2048.09,-90.04,Tuesday,4820.0
1032,2024.01.03 13:14,sell,0.03,2045.8,2024.01.03 14:46,2036.04,29.07,Wednesday,92.0
1033,2024.01.03 17:47,sell,0.03,2031.59,2024.01.05 13:33,2029.71,10.45,Wednesday,2626.0
1034,2024.01.08 14:25,sell,0.03,2019.45,2024.01.11 16:47,2019.06,7.23,Monday,4462.0
1035,2024.01.11 21:05,sell,0.02,2027.81,2024.01.12 19:00,2047.6,-38.88,Thursday,1315.0
1036,2024.01.15 04:53,buy,0.02,2054.57,2024.01.19 19:00,2027.85,-60.74,Monday,6607.0
1037,2024.01.16 14:05,sell,0.02,2038.19,2024.01.16 16:02,2038.02,0.2,Tuesday,117.0
1038,2024.01.16 18:58,sell,0.02,2024.74,2024.01.17 07:43,2022.99,4.2,Tuesday,765.0
1039,2024.01.17 10:15,sell,0.02,2023.77,2024.01.17 13:34,2023.05,1.3,Wednesday,199.0
1040,2024.01.18 03:35,sell,0.02,2007.29,2024.01.19 19:00,2028.05,-40.82,Thursday,2365.0
1041,2024.01.22 06:21,sell,0.02,2021.37,2024.01.22 14:46,2020.65,1.3,Monday,505.0
1042,2024.01.23 04:15,sell,0.02,2027.61,2024.01.23 13:01,2027.44,0.2,Tuesday,526.0
1043,2024.01.24 04:12,sell,0.02,2024.57,2024.01.24 15:06,2023.33,2.34,Wednesday,654.0
1044,2024.01.24 13:12,buy,0.02,2034.17,2024.01.26 19:00,2017.18,-38.89,Wednesday,3228.0
1045,2024.01.24 20:22,sell,0.02,2013.1,2024.01.26 19:00,2017.38,-5.36,Wednesday,2798.0
1046,2024.01.29 03:27,sell,0.02,2024.97,2024.01.29 15:45,2024.8,0.2,Monday,738.0
1047,2024.01.29 15:13,buy,0.02,2024.22,2024.01.29 18:21,2025.92,3.26,Monday,188.0
1048,2024.01.29 17:57,sell,0.02,2029.56,2024.01.29 20:01,2029.39,0.2,Monday,124.0
1049,2024.01.30 13:38,buy,0.02,2035.75,2024.01.30 15:00,2044.42,17.2,Tuesday,82.0
1050,2024.01.30 18:59,buy,0.02,2032.74,2024.01.31 02:00,2034.43,2.05,Tuesday,421.0
1051,2024.01.31 10:24,buy,0.02,2038.02,2024.01.31 15:04,2050.58,24.98,Wednesday,280.0
1052,2024.02.01 17:11,buy,0.03,2061.3,2024.02.02 19:00,2037.33,-73.91,Thursday,1549.0
1053,2024.02.05 05:46,sell,0.03,2030.02,2024.02.05 10:34,2024.87,15.24,Monday,288.0
1054,2024.02.05 18:46,sell,0.03,2025.96,2024.02.08 13:33,2025.79,6.57,Monday,4007.0
1055,2024.02.07 06:44,buy,0.03,2032.63,2024.02.07 14:31,2032.83,0.39,Wednesday,467.0
1056,2024.02.07 17:26,buy,0.03,2036.37,2024.02.09 19:00,2023.59,-45.71,Wednesday,2974.0
1057,2024.02.08 15:47,sell,0.03,2030.42,2024.02.09 13:31,2030.21,1.67,Thursday,1304.0
1058,2024.02.12 04:09,sell,0.03,2022.76,2024.02.12 14:39,2017.34,16.05,Monday,630.0
1059,2024.02.12 16:57,sell,0.03,2015.42,2024.02.13 14:16,2004.36,34.22,Monday,1279.0
1060,2024.02.14 04:44,sell,0.03,1992.32,2024.02.14 09:32,1990.62,4.89,Wednesday,288.0
1061,2024.02.15 08:37,sell,0.03,1995.18,2024.02.16 19:00,2013.99,-55.39,Thursday,2063.0
1062,2024.02.19 04:40,buy,0.03,2018.75,2024.02.19 08:49,2018.92,0.3,Monday,249.0
1063,2024.02.19 14:23,buy,0.03,2017.03,2024.02.20 19:53,2025.3,22.81,Monday,1770.0
1064,2024.02.21 06:23,buy,0.03,2030.3,2024.02.22 09:22,2030.71,-4.35,Wednesday,1619.0
1065,2024.02.22 12:58,buy,0.03,2028.27,2024.02.23 19:00,2040.39,34.36,Thursday,1802.0
1066,2024.02.26 09:13,buy,0.03,2033.93,2024.02.27 14:13,2034.1,-1.49,Monday,1740.0
1067,2024.02.27 16:54,buy,0.03,2033.47,2024.02.28 14:20,2033.64,-1.49,Tuesday,1286.0
1068,2024.02.28 12:01,sell,0.03,2027.12,2024.03.01 16:42,2080.16,-154.31,Wednesday,3161.0
1069,2024.02.29 09:36,buy,0.03,2035.7,2024.02.29 15:25,2046.57,32.4,Thursday,349.0
1070,2024.02.29 21:19,buy,0.03,2043.57,2024.03.01 08:13,2043.74,-1.49,Thursday,654.0
1071,2024.03.04 06:07,buy,0.03,2081.9,2024.03.04 08:49,2083.58,4.83,Monday,162.0
1072,2024.03.04 18:14,buy,0.03,2116.97,2024.03.05 12:28,2122.17,13.6,Monday,1094.0
1073,2024.03.05 16:07,buy,0.03,2126.25,2024.03.05 19:59,2129.48,9.48,Tuesday,232.0
1074,2024.03.06 10:35,buy,0.03,2127.14,2024.03.06 13:30,2133.82,19.83,Wednesday,175.0
1075,2024.03.06 15:51,buy,0.03,2140.16,2024.03.06 16:35,2143.63,10.2,Wednesday,44.0
1076,2024.03.06 19:28,buy,0.03,2141.56,2024.03.06 23:46,2147.04,16.23,Wednesday,258.0
1077,2024.03.07 06:18,buy,0.03,2154.16,2024.03.07 07:45,2154.33,0.3,Thursday,87.0
1078,2024.03.07 14:28,buy,0.03,2155.7,2024.03.08 01:14,2158.93,7.69,Thursday,646.0
1079,2024.03.11 06:05,buy,0.03,2177.7,2024.03.11 08:41,2177.87,0.3,Monday,156.0
1080,2024.03.11 12:38,buy,0.03,2179.34,2024.03.11 14:02,2179.77,1.08,Monday,84.0
1081,2024.03.11 18:08,buy,0.03,2179.74,2024.03.12 01:37,2179.91,-1.49,Monday,449.0
1082,2024.03.12 06:33,buy,0.03,2175.9,2024.03.12 12:50,2177.87,5.7,Tuesday,377.0
1083,2024.03.12 18:30,buy,0.03,2155.37,2024.03.12 22:32,2157.34,5.7,Tuesday,242.0
1084,2024.03.13 12:54,buy,0.03,2164.0,2024.03.13 13:44,2167.46,10.17,Wednesday,50.0
1085,2024.03.13 19:38,buy,0.03,2173.99,2024.03.15 19:00,2159.22,-51.68,Wednesday,2842.0
1086,2024.03.18 08:47,sell,0.03,2152.14,2024.03.19 08:51,2151.97,1.55,Monday,1444.0
1087,2024.03.19 05:36,buy,0.03,2158.53,2024.03.20 14:23,2160.69,4.48,Tuesday,1967.0
1088,2024.03.21 06:14,buy,0.03,2207.67,2024.03.21 10:42,2207.84,0.3,Thursday,268.0
1089,2024.03.21 15:22,buy,0.03,2172.19,2024.03.22 01:36,2180.7,23.53,Thursday,614.0
1090,2024.03.25 04:12,buy,0.03,2170.53,2024.03.25 13:54,2175.73,15.39,Monday,582.0
1091,2024.03.26 05:05,buy,0.03,2172.19,2024.03.26 09:42,2191.16,56.7,Tuesday,277.0
1092,2024.03.26 22:44,buy,0.03,2178.69,2024.03.27 09:44,2189.83,31.42,Tuesday,660.0
1093,2024.03.27 12:03,buy,0.03,2188.45,2024.03.27 13:46,2188.62,0.3,Wednesday,103.0
1094,2024.03.28 08:47,buy,0.03,2196.56,2024.03.28 10:30,2204.29,22.98,Thursday,103.0
1095,2024.03.28 12:47,buy,0.03,2207.42,2024.03.28 13:08,2211.97,13.44,Thursday,21.0
1096,2024.04.01 07:14,buy,0.03,2260.04,2024.04.02 09:45,2262.03,3.97,Monday,1591.0
1097,2024.04.02 12:59,buy,0.03,2257.69,2024.04.02 14:08,2269.7,35.82,Tuesday,69.0
1098,2024.04.03 08:22,buy,0.03,2269.14,2024.04.03 09:26,2270.97,5.28,Wednesday,64.0
1099,2024.04.03 11:42,buy,0.03,2270.31,2024.04.03 12:15,2270.48,0.3,Wednesday,33.0
1100,2024.04.03 19:35,buy,0.03,2295.32,2024.04.03 23:39,2298.56,9.51,Wednesday,244.0
1101,2024.04.04 19:32,buy,0.03,2295.35,2024.04.05 13:58,2299.5,10.45,Thursday,1106.0
1102,2024.04.08 03:51,buy,0.03,2342.31,2024.04.09 01:39,2344.35,4.12,Monday,1308.0
1103,2024.04.09 15:27,buy,0.02,2347.39,2024.04.10 01:01,2350.68,5.25,Tuesday,574.0
1104,2024.04.10 03:10,buy,0.02,2352.58,2024.04.10 05:57,2355.85,6.4,Wednesday,167.0
1105,2024.04.10 08:03,buy,0.02,2353.23,2024.04.11 20:57,2372.6,35.02,Wednesday,2214.0
1106,2024.04.16 07:10,buy,0.02,2373.49,2024.04.16 13:03,2373.66,0.2,Tuesday,353.0
1107,2024.04.17 03:43,buy,0.02,2381.64,2024.04.17 10:14,2388.74,14.06,Wednesday,391.0
1108,2024.04.17 15:55,buy,0.02,2386.39,2024.04.18 13:34,2388.38,0.26,Wednesday,1299.0
1109,2024.04.18 20:09,buy,0.02,2380.22,2024.04.19 01:17,2388.29,14.81,Thursday,308.0
1110,2024.04.22 10:28,sell,0.02,2359.7,2024.04.22 11:19,2345.64,27.98,Monday,51.0
1111,2024.04.22 18:14,sell,0.02,2326.46,2024.04.23 01:43,2309.56,34.5,Monday,449.0
1112,2024.04.23 12:53,sell,0.02,2310.47,2024.04.25 03:15,2309.1,5.94,Tuesday,2302.0
1113,2024.04.25 05:22,sell,0.02,2317.28,2024.04.25 13:18,2317.11,0.2,Thursday,476.0
1114,2024.04.29 04:54,sell,0.02,2332.46,2024.04.29 07:11,2332.25,0.28,Monday,137.0
1115,2024.04.29 17:04,sell,0.02,2343.54,2024.04.30 02:57,2331.68,24.42,Monday,593.0
1116,2024.04.30 07:14,sell,0.02,2321.22,2024.04.30 09:20,2315.41,11.48,Tuesday,126.0
1117,2024.04.30 12:30,sell,0.02,2309.87,2024.04.30 12:35,2308.85,1.9,Tuesday,5.0
1118,2024.04.30 15:52,sell,0.02,2295.96,2024.04.30 17:38,2295.79,0.2,Tuesday,106.0
1119,2024.05.01 09:28,sell,0.02,2287.23,2024.05.03 13:36,2281.67,14.32,Wednesday,3128.0
1120,2024.05.06 08:00,sell,0.02,2322.65,2024.05.06 09:47,2320.93,3.3,Monday,107.0
1121,2024.05.07 03:14,buy,0.02,2322.88,2024.05.09 13:00,2324.64,-1.39,Tuesday,3466.0
1122,2024.05.08 10:53,sell,0.02,2316.06,2024.05.08 13:23,2312.19,7.6,Wednesday,150.0
1123,2024.05.09 08:38,sell,0.02,2311.6,2024.05.09 10:33,2311.43,0.2,Thursday,115.0
1124,2024.05.09 17:14,buy,0.02,2332.14,2024.05.10 01:41,2350.84,36.07,Thursday,507.0
1125,2024.05.13 03:44,buy,0.02,2357.24,2024.05.15 09:38,2369.05,21.09,Monday,3234.0
1126,2024.05.15 12:13,buy,0.02,2363.45,2024.05.15 12:30,2374.8,22.56,Wednesday,17.0
1127,2024.05.16 03:14,buy,0.02,2388.27,2024.05.16 06:00,2390.02,3.36,Thursday,166.0
1128,2024.05.16 08:59,buy,0.02,2386.07,2024.05.17 13:24,2399.58,25.69,Thursday,1705.0
1129,2024.05.20 07:57,buy,0.02,2440.42,2024.05.20 09:36,2442.17,3.36,Monday,99.0
1130,2024.05.20 11:54,buy,0.02,2429.96,2024.05.20 19:19,2431.77,3.48,Monday,445.0
1131,2024.05.21 03:12,buy,0.02,2415.28,2024.05.21 08:10,2417.18,3.66,Tuesday,298.0
1132,2024.05.21 13:00,buy,0.02,2426.33,2024.05.21 13:34,2426.67,0.54,Tuesday,34.0
1133,2024.05.22 06:44,buy,0.02,2415.88,2024.05.23 22:00,2327.81,-179.86,Wednesday,2356.0
1134,2024.05.23 04:17,sell,0.02,2372.85,2024.05.23 06:04,2359.66,26.24,Thursday,107.0
1135,2024.05.23 09:51,sell,0.02,2361.63,2024.05.23 13:55,2355.9,11.32,Thursday,244.0
1136,2024.05.23 19:09,sell,0.02,2333.8,2024.05.23 22:23,2331.9,3.66,Thursday,194.0
1137,2024.05.27 14:04,sell,0.02,2356.05,2024.05.28 01:36,2354.33,4.14,Monday,692.0
1138,2024.05.28 07:46,sell,0.02,2343.41,2024.05.29 12:26,2342.64,2.24,Tuesday,1720.0
1139,2024.05.29 22:18,sell,0.02,2338.59,2024.05.30 01:11,2338.1,3.35,Wednesday,173.0
1140,2024.05.30 05:07,sell,0.02,2334.94,2024.05.30 06:24,2327.95,13.84,Thursday,77.0
1141,2024.05.30 12:58,sell,0.02,2342.28,2024.05.31 03:50,2342.11,1.04,Thursday,892.0
1142,2024.06.03 10:27,sell,0.02,2327.8,2024.06.04 14:00,2327.57,1.16,Monday,1653.0
1143,2024.06.05 05:27,sell,0.02,2340.25,2024.06.05 06:37,2332.87,14.62,Wednesday,70.0
1144,2024.06.05 10:16,sell,0.02,2330.79,2024.06.07 12:30,2318.9,26.98,Wednesday,3014.0
1145,2024.06.05 22:59,buy,0.02,2356.51,2024.06.06 01:40,2369.03,21.32,Wednesday,161.0
1146,2024.06.06 14:31,buy,0.02,2363.92,2024.06.06 15:59,2374.14,20.3,Thursday,88.0
1147,2024.06.06 20:12,buy,0.02,2372.92,2024.06.07 01:11,2374.8,2.43,Thursday,299.0
1148,2024.06.10 07:39,sell,0.02,2294.98,2024.06.14 19:00,2334.79,-74.74,Monday,6441.0
1149,2024.06.12 16:40,buy,0.02,2336.82,2024.06.14 19:00,2334.59,-9.37,Wednesday,3020.0
1150,2024.06.17 05:51,buy,0.02,2320.56,2024.06.17 13:42,2320.85,0.44,Monday,471.0
1151,2024.06.17 08:40,sell,0.02,2319.66,2024.06.17 16:01,2314.67,9.84,Monday,441.0
1152,2024.06.17 22:13,sell,0.02,2319.99,2024.06.18 11:30,2311.5,17.68,Monday,797.0
1153,2024.06.18 14:19,sell,0.02,2324.46,2024.06.18 15:15,2324.14,0.5,Tuesday,56.0
1154,2024.06.19 04:09,buy,0.02,2328.05,2024.06.19 09:08,2329.84,3.44,Wednesday,299.0
1155,2024.06.20 08:54,buy,0.02,2333.83,2024.06.20 12:35,2339.47,11.14,Thursday,221.0
1156,2024.06.20 15:52,buy,0.02,2355.4,2024.06.21 01:15,2360.31,8.49,Thursday,563.0
1157,2024.06.24 06:55,sell,0.02,2322.99,2024.06.25 15:43,2320.52,5.64,Monday,1968.0
1158,2024.06.25 19:20,sell,0.02,2319.42,2024.06.26 01:42,2314.9,9.74,Tuesday,382.0
1159,2024.06.26 04:40,sell,0.02,2316.12,2024.06.26 06:32,2314.23,3.64,Wednesday,112.0
1160,2024.06.26 09:36,sell,0.02,2316.65,2024.06.26 11:42,2309.89,13.38,Wednesday,126.0
1161,2024.06.27 04:27,sell,0.02,2300.46,2024.06.28 19:00,2325.87,-50.12,Thursday,2313.0
1162,2024.07.01 06:09,buy,0.02,2322.53,2024.07.01 07:24,2324.32,3.44,Monday,75.0
1163,2024.07.01 09:29,sell,0.02,2328.37,2024.07.01 14:00,2327.9,0.8,Monday,271.0
1164,2024.07.01 13:11,buy,0.02,2327.86,2024.07.01 13:59,2330.07,4.28,Monday,48.0
1165,2024.07.01 14:34,buy,0.02,2322.39,2024.07.01 16:50,2327.34,9.76,Monday,136.0
1166,2024.07.02 19:39,sell,0.02,2329.69,2024.07.05 17:00,2386.63,-109.84,Tuesday,4161.0
1167,2024.07.03 18:11,buy,0.02,2357.15,2024.07.04 02:45,2357.38,-3.26,Wednesday,514.0
1168,2024.07.04 06:01,buy,0.02,2357.13,2024.07.04 15:21,2357.3,0.2,Thursday,560.0
1169,2024.07.08 05:49,buy,0.02,2382.94,2024.07.11 12:30,2392.62,13.26,Monday,4721.0
1170,2024.07.11 19:45,buy,0.02,2416.86,2024.07.12 19:00,2414.08,-6.89,Thursday,1395.0
1171,2024.07.15 06:36,buy,0.02,2405.13,2024.07.15 09:31,2408.36,6.32,Monday,175.0
1172,2024.07.15 12:56,buy,0.02,2414.61,2024.07.15 15:37,2432.82,36.28,Monday,161.0
1173,2024.07.15 19:25,buy,0.02,2422.24,2024.07.16 03:21,2427.27,8.73,Monday,476.0
1174,2024.07.16 06:28,buy,0.03,2430.85,2024.07.16 08:08,2434.29,10.11,Tuesday,100.0
1175,2024.07.16 10:41,buy,0.03,2440.45,2024.07.16 13:56,2442.68,6.48,Tuesday,195.0
1176,2024.07.16 17:09,buy,0.03,2460.13,2024.07.17 00:59,2468.9,24.31,Tuesday,470.0
1177,2024.07.17 03:04,buy,0.03,2473.92,2024.07.17 08:25,2474.09,0.3,Wednesday,321.0
1178,2024.07.17 14:51,buy,0.02,2470.42,2024.07.18 08:27,2470.59,-3.38,Wednesday,1056.0
1179,2024.07.18 14:07,buy,0.02,2465.05,2024.07.18 15:16,2465.23,0.22,Thursday,69.0
1180,2024.07.18 18:28,buy,0.02,2452.9,2024.07.19 19:00,2398.51,-110.11,Thursday,1472.0
1181,2024.07.22 16:53,sell,0.02,2392.54,2024.07.23 06:41,2392.37,1.04,Monday,828.0
1182,2024.07.24 03:16,sell,0.02,2414.99,2024.07.24 09:52,2414.82,0.2,Wednesday,396.0
1183,2024.07.24 10:54,buy,0.02,2414.63,2024.07.24 12:41,2416.32,3.24,Wednesday,107.0
1184,2024.07.25 04:01,sell,0.02,2374.25,2024.07.25 05:41,2374.08,0.2,Thursday,100.0
1185,2024.07.25 08:24,sell,0.02,2374.52,2024.07.25 12:17,2367.03,14.84,Thursday,233.0
1186,2024.07.25 15:55,sell,0.02,2363.52,2024.07.25 16:22,2361.66,3.58,Thursday,27.0
1187,2024.07.25 18:45,sell,0.02,2359.37,2024.07.26 19:00,2384.48,-49.52,Thursday,1455.0
1188,2024.07.29 10:43,sell,0.02,2393.49,2024.07.29 12:24,2389.72,7.4,Monday,101.0
1189,2024.07.29 22:10,sell,0.02,2382.67,2024.07.30 01:39,2380.79,4.46,Monday,209.0
1190,2024.07.30 04:50,sell,0.02,2386.58,2024.08.02 09:00,2462.12,-147.04,Tuesday,4570.0
1191,2024.07.31 10:59,buy,0.02,2418.45,2024.07.31 12:05,2418.62,0.2,Wednesday,66.0
1192,2024.08.01 08:51,buy,0.02,2434.48,2024.08.01 12:40,2450.53,31.96,Thursday,229.0
1193,2024.08.01 17:26,buy,0.02,2438.91,2024.08.02 01:00,2448.07,16.99,Thursday,454.0
1194,2024.08.05 08:44,buy,0.02,2426.52,2024.08.09 11:31,2428.43,-3.48,Monday,5927.0
1195,2024.08.05 15:41,sell,0.02,2407.42,2024.08.05 16:17,2404.52,5.66,Monday,36.0
1196,2024.08.05 22:34,sell,0.02,2410.61,2024.08.06 00:10,2408.77,4.38,Monday,96.0
1197,2024.08.06 09:06,sell,0.02,2411.57,2024.08.06 12:39,2397.16,28.68,Tuesday,213.0
1198,2024.08.06 17:47,sell,0.02,2391.27,2024.08.06 22:00,2391.0,0.4,Tuesday,253.0
1199,2024.08.07 06:51,sell,0.02,2393.71,2024.08.07 08:36,2393.54,0.2,Wednesday,105.0
1200,2024.08.07 11:02,sell,0.02,2397.22,2024.08.07 16:13,2396.2,1.9,Wednesday,311.0
1201,2024.08.07 19:35,sell,0.02,2389.69,2024.08.08 00:24,2386.13,9.49,Wednesday,289.0
1202,2024.08.08 03:22,sell,0.02,2389.6,2024.08.09 19:00,2429.9,-79.9,Thursday,2378.0
1203,2024.08.12 03:01,buy,0.02,2426.63,2024.08.12 05:46,2429.93,6.46,Monday,165.0
1204,2024.08.13 08:59,buy,0.02,2460.99,2024.08.13 12:30,2468.06,14.0,Tuesday,211.0
1205,2024.08.13 20:42,buy,0.02,2467.28,2024.08.14 01:46,2467.52,-0.85,Tuesday,304.0
1206,2024.08.14 08:49,buy,0.02,2475.78,2024.08.16 13:01,2487.41,18.35,Wednesday,3132.0
1207,2024.08.19 09:07,buy,0.02,2502.93,2024.08.19 17:13,2503.1,0.2,Monday,486.0
1208,2024.08.19 20:29,buy,0.02,2504.18,2024.08.20 08:14,2516.64,23.59,Monday,705.0
1209,2024.08.20 13:19,buy,0.02,2525.28,2024.08.20 13:32,2527.56,4.42,Tuesday,13.0
1210,2024.08.21 03:47,buy,0.02,2516.54,2024.08.23 19:00,2509.61,-18.77,Wednesday,3793.0
1211,2024.08.26 18:09,buy,0.02,2518.34,2024.08.27 23:40,2524.89,11.77,Monday,1771.0
1212,2024.08.28 04:26,buy,0.02,2514.37,2024.08.29 07:01,2516.05,-0.36,Wednesday,1595.0
1213,2024.08.29 18:04,buy,0.02,2525.48,2024.08.30 19:00,2502.32,-47.65,Thursday,1496.0
1214,2024.09.03 12:20,buy,0.02,2497.21,2024.09.05 12:30,2516.7,34.07,Tuesday,2890.0
1215,2024.09.05 22:56,buy,0.02,2516.13,2024.09.06 07:59,2516.3,-0.99,Thursday,543.0
1216,2024.09.09 04:57,buy,0.02,2498.11,2024.09.09 13:00,2499.93,3.5,Monday,483.0
1217,2024.09.09 17:06,buy,0.02,2503.24,2024.09.10 01:52,2503.41,-0.99,Monday,526.0
1218,2024.09.10 07:27,buy,0.02,2504.95,2024.09.10 10:59,2505.12,0.2,Tuesday,212.0
1219,2024.09.10 14:11,buy,0.02,2505.71,2024.09.10 15:55,2513.05,14.54,Tuesday,104.0
1220,2024.09.11 08:14,buy,0.02,2523.2,2024.09.12 12:58,2530.48,10.84,Wednesday,1724.0
1221,2024.09.12 16:28,buy,0.02,2546.19,2024.09.13 01:14,2562.9,32.09,Thursday,526.0
1222,2024.09.16 04:37,buy,0.02,2585.71,2024.09.18 18:07,2585.99,-1.97,Monday,3690.0
1223,2024.09.18 20:14,buy,0.02,2553.69,2024.09.18 23:27,2557.05,6.58,Wednesday,193.0
1224,2024.09.19 19:34,buy,0.02,2586.56,2024.09.20 07:45,2605.08,35.71,Thursday,731.0
1225,2024.09.23 05:24,buy,0.02,2627.94,2024.09.23 14:02,2630.11,4.2,Monday,518.0
1226,2024.09.23 16:49,buy,0.02,2628.08,2024.09.24 05:40,2634.64,11.79,Monday,771.0
1227,2024.09.24 09:40,buy,0.02,2629.04,2024.09.24 11:06,2630.75,3.28,Tuesday,86.0
1228,2024.09.24 19:24,buy,0.02,2659.51,2024.09.24 20:36,2659.73,0.3,Tuesday,72.0
1229,2024.09.25 04:34,buy,0.02,2658.53,2024.09.25 13:42,2660.48,3.76,Wednesday,548.0
1230,2024.09.25 15:47,buy,0.02,2658.2,2024.09.25 20:33,2658.37,0.2,Wednesday,286.0
1231,2024.09.26 15:20,buy,0.02,2666.12,2024.09.26 16:05,2668.02,3.66,Thursday,45.0
1232,2024.09.30 09:33,buy,0.02,2650.54,2024.10.01 12:57,2652.35,2.29,Monday,1644.0
1233,2024.10.01 17:52,buy,0.02,2662.86,2024.10.04 06:46,2663.03,-5.76,Tuesday,3654.0
1234,2024.10.07 03:10,buy,0.02,2646.26,2024.10.07 09:03,2651.36,10.06,Monday,353.0
1235,2024.10.08 03:01,buy,0.02,2635.75,2024.10.08 06:28,2641.19,10.74,Tuesday,207.0
1236,2024.10.08 13:06,buy,0.02,2645.25,2024.10.11 12:36,2645.42,-5.76,Tuesday,4290.0
1237,2024.10.14 08:32,buy,0.02,2659.76,2024.10.15 14:58,2659.93,-0.99,Monday,1826.0
1238,2024.10.16 05:10,buy,0.02,2667.09,2024.10.16 10:10,2677.29,20.26,Wednesday,300.0
1239,2024.10.16 12:54,buy,0.02,2680.53,2024.10.16 13:49,2680.7,0.2,Wednesday,55.0
1240,2024.10.17 08:19,buy,0.02,2682.13,2024.10.17 11:49,2683.84,3.28,Thursday,210.0
1241,2024.10.17 19:25,buy,0.02,2691.97,2024.10.18 02:54,2706.65,28.03,Thursday,449.0
1242,2024.10.21 04:40,buy,0.02,2730.44,2024.10.21 10:08,2732.13,3.24,Monday,328.0
1243,2024.10.21 15:03,buy,0.02,2725.07,2024.10.22 05:32,2731.73,11.99,Monday,869.0
1244,2024.10.22 07:49,buy,0.02,2733.82,2024.10.22 09:00,2733.99,0.2,Tuesday,71.0
1245,2024.10.22 16:00,buy,0.02,2737.64,2024.10.22 18:47,2744.05,12.68,Tuesday,167.0
1246,2024.10.23 03:22,buy,0.02,2739.07,2024.10.23 06:39,2748.69,19.1,Wednesday,197.0
1247,2024.10.23 09:05,buy,0.02,2756.85,2024.10.25 19:00,2742.03,-34.55,Wednesday,3475.0
1248,2024.10.28 04:19,buy,0.02,2729.9,2024.10.28 06:56,2739.84,19.74,Monday,157.0
1249,2024.10.28 15:56,buy,0.02,2741.92,2024.10.29 02:36,2753.62,22.07,Monday,640.0
1250,2024.10.29 07:51,buy,0.02,2753.39,2024.10.29 14:01,2761.08,15.24,Tuesday,370.0
1251,2024.10.29 17:54,buy,0.02,2769.42,2024.10.30 02:29,2777.61,15.05,Tuesday,515.0
1252,2024.10.30 12:33,buy,0.02,2777.96,2024.10.30 13:22,2783.17,10.28,Wednesday,49.0
1253,2024.10.30 18:31,buy,0.02,2788.59,2024.11.01 19:00,2736.12,-109.85,Wednesday,2909.0
1254,2024.11.04 08:17,buy,0.02,2736.08,2024.11.04 10:48,2739.63,6.96,Monday,151.0
1255,2024.11.04 17:07,buy,0.02,2733.7,2024.11.05 00:00,2735.39,2.05,Monday,413.0
1256,2024.11.05 11:10,buy,0.02,2739.6,2024.11.05 14:43,2744.85,10.36,Tuesday,213.0
1257,2024.11.06 03:42,buy,0.02,2734.4,2024.11.06 05:30,2738.2,7.46,Wednesday,108.0
1258,2024.11.06 21:37,buy,0.02,2660.43,2024.11.07 08:05,2662.14,-0.3,Wednesday,628.0
1259,2024.11.11 06:15,buy,0.02,2671.01,2024.11.11 10:26,2671.23,0.3,Monday,251.0
1260,2024.11.11 21:23,buy,0.02,2622.82,2024.11.12 02:03,2622.99,-0.99,Monday,280.0
1261,2024.11.12 06:19,buy,0.02,2606.0,2024.11.12 06:40,2606.17,0.2,Tuesday,21.0
1262,2024.11.12 09:22,buy,0.02,2593.64,2024.11.12 11:21,2593.85,0.28,Tuesday,119.0
1263,2024.11.12 21:45,buy,0.02,2597.73,2024.11.13 02:04,2606.17,15.55,Tuesday,259.0
1264,2024.11.13 05:46,buy,0.02,2605.4,2024.11.13 10:00,2607.52,4.1,Wednesday,254.0
1265,2024.11.13 17:47,buy,0.02,2582.97,2024.11.15 19:00,2567.36,-36.13,Wednesday,2953.0
1266,2024.11.18 03:35,buy,0.02,2589.42,2024.11.18 10:05,2593.19,7.4,Monday,390.0
1267,2024.11.18 21:02,buy,0.02,2610.5,2024.11.19 01:30,2612.28,2.23,Monday,268.0
1268,2024.11.19 13:48,buy,0.02,2634.28,2024.11.20 01:28,2636.01,2.13,Tuesday,700.0
1269,2024.11.20 04:22,buy,0.02,2637.96,2024.11.20 14:50,2642.15,8.24,Wednesday,628.0
1270,2024.11.20 17:45,buy,0.02,2650.95,2024.11.21 01:04,2656.29,6.96,Wednesday,439.0
1271,2024.11.21 05:35,buy,0.02,2655.73,2024.11.21 08:53,2665.73,19.86,Thursday,198.0
1272,2024.11.21 15:15,buy,0.02,2665.89,2024.11.21 15:48,2666.14,0.36,Thursday,33.0
1273,2024.11.25 03:46,buy,0.02,2672.61,2024.11.25 12:00,2684.6,23.84,Monday,494.0
1274,2024.11.25 14:57,buy,0.02,2639.08,2024.11.27 06:03,2640.95,1.21,Monday,2346.0
1275,2024.11.27 14:41,buy,0.02,2653.32,2024.11.29 02:39,2658.02,4.49,Wednesday,2158.0
1276,2024.12.02 04:39,buy,0.02,2629.78,2024.12.02 11:30,2638.26,16.82,Monday,411.0
1277,2024.12.03 05:00,buy,0.02,2639.87,2024.12.03 07:08,2645.27,10.66,Tuesday,128.0
1278,2024.12.03 15:31,buy,0.02,2639.41,2024.12.03 17:20,2644.52,10.08,Tuesday,109.0
1279,2024.12.03 19:43,buy,0.02,2641.35,2024.12.04 02:27,2643.29,2.55,Tuesday,404.0
1280,2024.12.04 07:57,buy,0.02,2640.82,2024.12.04 12:20,2642.58,3.38,Wednesday,263.0
1281,2024.12.04 20:43,buy,0.02,2648.84,2024.12.05 06:13,2650.57,-0.26,Wednesday,570.0
1282,2024.12.05 08:33,buy,0.02,2645.17,2024.12.05 12:26,2648.54,6.6,Thursday,233.0
1283,2024.12.05 15:26,buy,0.02,2636.61,2024.12.05 16:28,2638.51,3.66,Thursday,62.0
1284,2024.12.09 04:24,buy,0.02,2637.67,2024.12.09 08:36,2646.09,16.7,Monday,252.0
1285,2024.12.09 16:49,buy,0.02,2668.41,2024.12.10 05:25,2668.78,-0.59,Monday,756.0
1286,2024.12.10 10:09,buy,0.02,2665.07,2024.12.10 11:13,2671.94,13.6,Tuesday,64.0
1287,2024.12.10 13:30,buy,0.02,2674.76,2024.12.10 15:22,2686.24,22.82,Tuesday,112.0
1288,2024.12.11 03:01,buy,0.02,2699.85,2024.12.11 14:08,2700.02,0.2,Wednesday,667.0
1289,2024.12.11 16:21,buy,0.02,2715.55,2024.12.11 17:20,2715.87,0.5,Wednesday,59.0
1290,2024.12.11 21:20,buy,0.02,2717.5,2024.12.12 01:07,2720.92,3.12,Wednesday,227.0
1291,2024.12.12 17:39,buy,0.02,2684.57,2024.12.13 01:53,2687.93,5.39,Thursday,494.0
1292,2024.12.16 12:50,buy,0.02,2660.0,2024.12.16 13:23,2660.17,0.2,Monday,33.0
1293,2024.12.16 20:39,buy,0.02,2652.85,2024.12.17 03:10,2653.02,-0.99,Monday,391.0
1294,2024.12.17 05:24,buy,0.02,2650.99,2024.12.17 08:00,2652.7,3.28,Tuesday,156.0
1295,2024.12.17 13:13,buy,0.02,2645.41,2024.12.18 02:27,2647.16,2.17,Tuesday,794.0
1296,2024.12.18 04:50,buy,0.02,2645.34,2024.12.18 06:15,2645.51,0.2,Wednesday,85.0
1297,2024.12.18 14:44,buy,0.02,2638.77,2024.12.20 19:00,2625.85,-30.75,Wednesday,3136.0
1298,2024.12.23 11:02,buy,0.02,2619.57,2024.12.26 06:05,2624.52,3.8,Monday,4023.0
1299,2024.12.26 12:41,buy,0.02,2626.65,2024.12.26 13:22,2626.85,0.26,Thursday,41.0
1300,2024.12.30 04:54,buy,0.02,2622.2,2024.12.31 16:22,2622.48,-0.77,Monday,2128.0
1301,2025.01.02 04:05,buy,0.02,2633.06,2025.01.02 10:01,2634.86,3.46,Thursday,356.0
1302,2025.01.06 05:12,buy,0.02,2635.49,2025.01.06 12:07,2644.17,17.22,Monday,415.0
1303,2025.01.06 19:23,buy,0.02,2634.27,2025.01.07 06:48,2641.66,13.45,Monday,685.0
1304,2025.01.07 09:06,buy,0.02,2641.74,2025.01.07 11:21,2641.91,0.2,Tuesday,135.0
1305,2025.01.07 15:58,buy,0.02,2648.57,2025.01.07 16:31,2648.76,0.24,Tuesday,33.0
1306,2025.01.07 18:56,buy,0.02,2648.08,2025.01.08 08:28,2649.89,2.29,Tuesday,812.0
1307,2025.01.08 21:49,buy,0.02,2662.47,2025.01.09 07:56,2662.64,-3.38,Wednesday,607.0
1308,2025.01.09 17:28,buy,0.02,2665.97,2025.01.10 07:42,2674.18,15.09,Thursday,854.0
1309,2025.01.13 04:56,buy,0.02,2685.74,2025.01.13 07:38,2685.91,0.2,Monday,162.0
1310,2025.01.13 11:02,buy,0.02,2679.73,2025.01.15 07:56,2680.01,-1.97,Monday,2694.0
1311,2025.01.15 10:11,buy,0.02,2686.12,2025.01.15 13:33,2688.42,4.46,Wednesday,202.0
1312,2025.01.16 04:01,buy,0.02,2697.32,2025.01.16 08:31,2699.2,3.62,Thursday,270.0
1313,2025.01.20 08:16,buy,0.02,2705.39,2025.01.20 11:24,2707.21,3.5,Monday,188.0
1314,2025.01.20 15:49,buy,0.02,2708.29,2025.01.21 03:06,2721.79,25.67,Monday,677.0
1315,2025.01.21 05:52,buy,0.02,2726.28,2025.01.21 08:00,2728.08,3.46,Tuesday,128.0
1316,2025.01.21 10:56,buy,0.02,2719.91,2025.01.21 13:58,2725.07,10.18,Tuesday,182.0
1317,2025.01.21 19:39,buy,0.02,2742.54,2025.01.22 06:06,2754.01,21.61,Tuesday,627.0
1318,2025.01.22 11:39,buy,0.02,2756.96,2025.01.22 13:22,2757.13,0.2,Wednesday,103.0
1319,2025.01.22 17:33,buy,0.02,2757.18,2025.01.24 03:17,2772.91,26.55,Wednesday,2024.0
1320,2025.01.27 12:56,buy,0.02,2762.22,2025.01.30 09:21,2771.91,13.28,Monday,4105.0
1321,2025.01.30 12:21,buy,0.02,2778.68,2025.01.30 13:30,2778.98,0.46,Thursday,69.0
1322,2025.01.30 17:17,buy,0.02,2790.72,2025.01.30 18:32,2792.51,3.44,Thursday,75.0
1323,2025.02.03 03:05,buy,0.02,2777.22,2025.02.03 04:31,2777.64,0.7,Monday,86.0
1324,2025.02.03 06:57,buy,0.02,2786.57,2025.02.03 09:17,2795.29,17.3,Monday,140.0
1325,2025.02.03 15:59,buy,0.02,2817.87,2025.02.03 16:10,2820.74,5.6,Monday,11.0
1326,2025.02.03 21:09,buy,0.02,2816.74,2025.02.04 02:21,2820.18,5.55,Monday,312.0
1327,2025.02.04 05:25,buy,0.02,2816.6,2025.02.04 10:13,2816.77,0.2,Tuesday,288.0
1328,2025.02.05 04:22,buy,0.02,2856.11,2025.02.05 07:02,2856.28,0.2,Wednesday,160.0
1329,2025.02.05 09:32,buy,0.02,2869.52,2025.02.05 10:40,2872.05,4.92,Wednesday,68.0
1330,2025.02.05 21:08,buy,0.02,2861.88,2025.02.06 01:08,2865.44,3.4,Wednesday,240.0
1331,2025.02.06 07:17,buy,0.02,2860.16,2025.02.06 12:21,2865.15,9.84,Thursday,304.0
1332,2025.02.06 17:12,buy,0.02,2850.24,2025.02.07 05:02,2865.38,28.95,Thursday,710.0
1333,2025.02.10 14:00,buy,0.02,2900.86,2025.02.10 15:02,2904.58,7.3,Monday,62.0
1334,2025.02.10 17:10,buy,0.02,2900.97,2025.02.10 19:31,2902.74,3.4,Monday,141.0
1335,2025.02.11 04:12,buy,0.02,2919.04,2025.02.11 06:17,2924.31,10.4,Tuesday,125.0
1336,2025.02.12 05:11,buy,0.02,2884.96,2025.02.12 06:25,2890.15,10.24,Wednesday,74.0
1337,2025.02.12 10:11,buy,0.02,2887.32,2025.02.12 14:44,2892.7,10.62,Wednesday,273.0
1338,2025.02.12 17:56,buy,0.02,2902.93,2025.02.13 01:00,2904.86,0.14,Wednesday,424.0
1339,2025.02.13 17:45,buy,0.02,2916.29,2025.02.13 20:47,2924.87,17.02,Thursday,182.0
1340,2025.02.17 10:47,buy,0.02,2898.71,2025.02.17 11:13,2898.88,0.2,Monday,26.0
1341,2025.02.17 14:12,buy,0.02,2897.6,2025.02.17 15:06,2899.47,3.6,Monday,54.0
1342,2025.02.19 03:48,buy,0.02,2929.33,2025.02.19 06:40,2931.61,4.42,Wednesday,172.0
1343,2025.02.19 10:33,buy,0.02,2944.29,2025.02.20 07:41,2950.13,7.96,Wednesday,1268.0
1344,2025.02.20 09:53,buy,0.02,2951.15,2025.02.21 19:00,2941.62,-20.39,Thursday,1987.0
1345,2025.02.24 06:15,buy,0.02,2938.15,2025.02.24 08:39,2939.86,3.28,Monday,144.0
1346,2025.02.24 11:12,buy,0.02,2938.99,2025.02.24 12:07,2946.36,14.6,Monday,55.0
1347,2025.02.24 15:47,buy,0.02,2937.08,2025.02.24 23:17,2948.57,22.84,Monday,450.0
1348,2025.02.25 03:09,buy,0.02,2948.67,2025.02.27 17:00,2877.25,-147.75,Tuesday,3711.0
1349,2025.02.27 21:18,buy,0.02,2874.37,2025.02.28 01:14,2879.65,9.23,Thursday,236.0
1350,2025.03.03 04:20,buy,0.02,2863.96,2025.03.03 05:32,2864.13,0.2,Monday,72.0
1351,2025.03.03 07:39,buy,0.02,2861.7,2025.03.03 09:41,2866.95,10.36,Monday,122.0
1352,2025.03.03 18:59,buy,0.02,2889.33,2025.03.04 01:01,2889.5,-0.99,Monday,362.0
1353,2025.03.04 03:25,buy,0.02,2891.13,2025.03.04 07:33,2897.11,11.82,Tuesday,248.0
1354,2025.03.04 11:45,buy,0.02,2918.84,2025.03.04 13:27,2922.36,6.9,Tuesday,102.0
1355,2025.03.04 21:37,buy,0.02,2914.6,2025.03.05 06:39,2916.37,2.21,Tuesday,542.0
1356,2025.03.05 12:13,buy,0.02,2916.07,2025.03.05 15:10,2916.24,0.2,Wednesday,177.0
1357,2025.03.05 18:59,buy,0.02,2917.07,2025.03.05 21:15,2918.75,3.22,Wednesday,136.0
1358,2025.03.06 04:42,buy,0.02,2916.95,2025.03.06 07:21,2918.72,3.4,Thursday,159.0
1359,2025.03.10 14:49,buy,0.02,2905.91,2025.03.10 15:04,2906.29,0.62,Monday,15.0
1360,2025.03.10 17:22,buy,0.02,2893.22,2025.03.11 03:30,2894.9,2.03,Monday,608.0
1361,2025.03.11 09:51,buy,0.02,2910.83,2025.03.11 12:17,2911.0,0.2,Tuesday,146.0
1362,2025.03.11 14:53,buy,0.02,2914.55,2025.03.11 15:24,2914.72,0.2,Tuesday,31.0
1363,2025.03.11 20:33,buy,0.02,2916.0,2025.03.12 06:29,2916.17,-0.99,Tuesday,596.0
1364,2025.03.12 10:52,buy,0.02,2914.15,2025.03.12 12:33,2919.03,9.62,Wednesday,101.0
1365,2025.03.13 06:27,buy,0.02,2938.55,2025.03.13 10:15,2943.89,10.54,Thursday,228.0
1366,2025.03.13 22:24,buy,0.02,2984.36,2025.03.14 00:28,2984.79,-0.47,Thursday,124.0
1367,2025.04.01 14:47,buy,0.02,3127.54,2025.04.01 15:17,3127.79,0.36,Tuesday,30.0
1368,2025.04.01 19:07,buy,0.02,3113.92,2025.04.01 20:51,3115.78,3.58,Tuesday,104.0
1369,2025.04.02 04:09,buy,0.02,3125.87,2025.04.02 09:03,3129.31,6.74,Wednesday,294.0
1370,2025.04.02 13:41,buy,0.02,3129.07,2025.04.02 16:50,3129.32,0.36,Wednesday,189.0
1371,2025.04.03 06:45,buy,0.02,3124.42,2025.04.03 06:51,3127.12,5.26,Thursday,6.0
1372,2025.04.03 16:50,buy,0.02,3109.35,2025.04.03 20:48,3115.71,12.58,Thursday,238.0
1373,2025.04.07 04:18,buy,0.02,3027.2,2025.04.07 04:43,3027.99,1.44,Monday,25.0
1374,2025.04.07 15:50,buy,0.02,2982.01,2025.04.07 16:02,2982.6,1.04,Monday,12.0
1375,2025.04.07 19:12,buy,0.02,2969.76,2025.04.07 19:42,2977.89,16.12,Monday,30.0
1376,2025.04.08 07:54,buy,0.02,3003.97,2025.04.08 08:39,3004.23,0.38,Tuesday,45.0
1377,2025.04.08 12:43,buy,0.02,3009.51,2025.04.08 13:14,3016.28,13.4,Tuesday,31.0
1378,2025.04.08 16:21,buy,0.02,2996.77,2025.04.09 01:42,2997.06,-0.75,Tuesday,561.0
1379,2025.04.10 11:37,buy,0.02,3121.94,2025.04.10 12:15,3124.11,4.2,Thursday,38.0
1380,2025.04.14 10:47,buy,0.02,3210.36,2025.04.14 11:24,3220.92,20.98,Monday,37.0
1381,2025.04.14 14:21,buy,0.02,3201.91,2025.04.14 14:56,3211.06,18.16,Monday,35.0
1382,2025.04.14 18:50,buy,0.02,3204.14,2025.04.14 20:16,3209.51,10.6,Monday,86.0
1383,2025.04.15 18:37,buy,0.02,3228.22,2025.04.15 20:18,3228.64,0.7,Tuesday,101.0
1384,2025.04.16 09:57,buy,0.02,3304.24,2025.04.16 11:56,3306.32,4.02,Wednesday,119.0
1385,2025.04.16 17:05,buy,0.02,3326.79,2025.04.16 17:41,3328.63,3.54,Wednesday,36.0
1386,2025.04.17 11:53,buy,0.02,3323.89,2025.04.17 12:15,3337.13,26.34,Thursday,22.0
1387,2025.04.21 04:30,buy,0.02,3374.54,2025.04.21 05:10,3381.37,13.52,Monday,40.0
1388,2025.04.21 08:09,buy,0.02,3385.86,2025.04.21 09:48,3392.91,13.96,Monday,99.0
1389,2025.04.22 04:39,buy,0.02,3482.99,2025.04.22 05:05,3483.16,0.2,Tuesday,26.0
1390,2025.04.22 10:59,buy,0.02,3453.75,2025.04.22 11:21,3454.21,0.78,Tuesday,22.0
1391,2025.04.23 04:14,buy,0.02,3341.41,2025.04.23 05:09,3341.58,0.2,Wednesday,55.0
1392,2025.04.23 18:57,buy,0.02,3281.96,2025.04.23 19:32,3292.37,20.68,Wednesday,35.0
1393,2025.04.24 06:31,buy,0.02,3320.8,2025.04.24 06:56,3323.41,5.08,Thursday,25.0
1394,2025.04.24 10:05,buy,0.01,3334.05,2025.04.24 11:39,3339.54,5.42,Thursday,94.0
1395,2025.04.24 14:20,buy,0.01,3309.64,2025.04.24 14:36,3319.62,9.91,Thursday,16.0
1396,2025.04.28 04:34,buy,0.01,3292.84,2025.04.28 05:16,3294.83,1.92,Monday,42.0
1397,2025.04.28 09:09,buy,0.01,3285.86,2025.04.28 10:58,3287.57,1.64,Monday,109.0
1398,2025.04.28 18:18,buy,0.01,3337.69,2025.04.28 19:15,3347.11,9.35,Monday,57.0
1399,2025.04.29 03:31,buy,0.01,3314.27,2025.04.29 06:39,3318.58,4.24,Tuesday,188.0
1400,2025.04.29 11:32,buy,0.01,3314.28,2025.04.29 13:31,3314.71,0.36,Tuesday,119.0
1401,2025.04.29 16:00,buy,0.01,3312.41,2025.04.29 16:07,3312.58,0.1,Tuesday,7.0
1402,2025.04.30 08:52,buy,0.01,3285.52,2025.04.30 12:25,3287.84,2.25,Wednesday,213.0
1403,2025.04.30 20:09,buy,0.01,3294.72,2025.05.02 19:00,3226.11,-71.07,Wednesday,2811.0
1404,2025.05.05 05:01,buy,0.01,3256.56,2025.05.05 05:28,3256.83,0.2,Monday,27.0
1405,2025.05.05 11:57,buy,0.01,3312.68,2025.05.05 12:28,3316.03,3.28,Monday,31.0
1406,2025.05.06 03:27,buy,0.01,3363.34,2025.05.06 06:24,3363.72,0.31,Tuesday,177.0
1407,2025.05.06 09:50,buy,0.01,3378.85,2025.05.06 10:21,3379.02,0.1,Tuesday,31.0
1408,2025.05.07 08:22,buy,0.01,3386.07,2025.05.07 10:23,3386.73,0.59,Wednesday,121.0
1409,2025.05.07 15:42,buy,0.01,3385.9,2025.05.07 18:04,3387.96,1.99,Wednesday,142.0
1410,2025.05.07 20:39,buy,0.01,3368.07,2025.05.07 22:08,3368.28,0.14,Wednesday,89.0
1411,2025.05.08 05:27,buy,0.01,3371.99,2025.05.08 05:37,3374.35,2.29,Thursday,10.0
1412,2025.05.08 16:40,buy,0.01,3308.94,2025.05.08 16:50,3310.95,1.94,Thursday,10.0
1413,2025.05.12 04:37,sell,0.01,3277.77,2025.05.12 05:34,3276.0,1.7,Monday,57.0
1414,2025.05.12 13:23,sell,0.01,3241.58,2025.05.12 13:36,3235.92,5.59,Monday,13.0
1415,2025.05.13 10:44,sell,0.01,3253.31,2025.05.13 12:26,3241.99,11.25,Tuesday,102.0
1416,2025.05.13 16:15,sell,0.01,3256.59,2025.05.13 17:54,3246.39,10.13,Tuesday,99.0
1417,2025.05.14 15:36,sell,0.01,3184.75,2025.05.14 16:22,3183.07,1.61,Wednesday,46.0
1418,2025.05.14 20:11,sell,0.01,3180.41,2025.05.15 01:51,3175.72,5.87,Wednesday,340.0
1419,2025.05.15 11:30,sell,0.01,3175.52,2025.05.16 10:54,3173.89,1.98,Thursday,1404.0
1420,2025.05.19 03:13,sell,0.01,3226.24,2025.05.19 03:50,3211.96,14.21,Monday,37.0
1421,2025.05.19 20:27,sell,0.01,3230.34,2025.05.19 23:48,3223.27,7.0,Monday,201.0
1422,2025.05.20 05:20,sell,0.01,3215.94,2025.05.20 05:59,3213.82,2.05,Tuesday,39.0
1423,2025.05.20 08:20,sell,0.01,3221.05,2025.05.26 02:37,3354.53,-131.04,Tuesday,8297.0
1424,2025.05.20 20:55,buy,0.01,3290.18,2025.05.20 22:14,3299.16,8.91,Tuesday,79.0
1425,2025.05.21 04:44,buy,0.01,3303.98,2025.05.21 05:48,3311.09,7.04,Wednesday,64.0
1426,2025.05.21 11:59,buy,0.01,3309.44,2025.05.21 15:31,3310.03,0.52,Wednesday,212.0
1427,2025.05.22 04:35,buy,0.01,3336.05,2025.05.26 00:08,3341.48,4.17,Thursday,5493.0
1428,2025.05.26 09:48,buy,0.01,3327.84,2025.05.26 12:24,3329.88,1.97,Monday,156.0
1429,2025.05.27 07:43,buy,0.01,3308.14,2025.05.28 00:55,3310.15,1.34,Tuesday,1032.0
1430,2025.05.27 16:53,sell,0.01,3295.8,2025.05.28 03:38,3295.63,0.52,Tuesday,645.0
1431,2025.05.28 03:52,buy,0.01,3297.53,2025.05.28 06:04,3304.65,7.05,Wednesday,132.0
1432,2025.05.28 10:32,buy,0.01,3318.79,2025.05.29 16:23,3325.3,4.65,Wednesday,1791.0
1433,2025.05.29 09:56,sell,0.01,3280.91,2025.05.30 14:03,3275.69,5.57,Thursday,1687.0
1434,2025.05.29 19:29,buy,0.01,3319.05,2025.05.30 19:00,3293.55,-26.17,Thursday,1411.0
1435,2025.06.02 04:09,buy,0.01,3309.93,2025.06.02 04:59,3313.83,3.83,Monday,50.0
1436,2025.06.03 09:51,buy,0.01,3359.28,2025.06.04 02:29,3368.24,8.29,Tuesday,998.0
1437,2025.06.04 08:19,buy,0.01,3355.05,2025.06.04 09:40,3360.37,5.25,Wednesday,81.0
1438,2025.06.05 07:59,buy,0.01,3370.42,2025.06.05 09:05,3373.85,3.36,Thursday,66.0
1439,2025.06.09 04:20,sell,0.01,3311.17,2025.06.10 01:56,3307.45,4.07,Monday,1296.0
1440,2025.06.10 05:23,sell,0.01,3311.09,2025.06.13 19:00,3436.74,-123.63,Tuesday,5137.0
1441,2025.06.10 15:26,buy,0.01,3324.71,2025.06.10 15:40,3325.08,0.3,Tuesday,14.0
1442,2025.06.11 06:05,buy,0.01,3338.54,2025.06.11 08:38,3342.92,4.31,Wednesday,153.0
1443,2025.06.11 18:00,buy,0.01,3324.3,2025.06.11 18:31,3342.19,17.82,Wednesday,31.0
1444,2025.06.16 04:27,buy,0.01,3430.54,2025.06.27 13:00,3269.98,-168.38,Monday,16353.0
1445,2025.06.19 08:19,sell,0.01,3363.46,2025.06.23 00:41,3362.32,1.91,Thursday,5302.0
1446,2025.06.23 06:28,sell,0.01,3355.04,2025.06.23 22:27,3354.28,0.69,Monday,959.0
1447,2025.06.24 07:17,sell,0.01,3319.96,2025.06.24 12:20,3316.65,3.24,Tuesday,303.0
1448,2025.06.24 16:12,sell,0.01,3312.52,2025.06.27 03:30,3303.55,10.99,Tuesday,3558.0
1449,2025.06.30 06:56,sell,0.01,3292.0,2025.06.30 09:24,3285.93,6.0,Monday,148.0
1450,2025.06.30 14:23,sell,0.01,3282.55,2025.07.11 19:00,3356.11,-68.2,Monday,16117.0
1451,2025.07.01 11:57,buy,0.01,3349.65,2025.07.01 12:25,3352.71,2.99,Tuesday,28.0
1452,2025.07.02 14:19,buy,0.01,3334.71,2025.07.02 15:17,3338.55,3.77,Wednesday,58.0
1453,2025.07.03 04:14,buy,0.01,3348.65,2025.07.03 06:11,3359.49,10.77,Thursday,117.0
1454,2025.07.03 10:00,buy,0.01,3345.75,2025.07.03 11:04,3350.73,4.91,Thursday,64.0
1455,2025.07.08 04:45,buy,0.01,3330.58,2025.07.08 06:10,3332.25,1.6,Tuesday,85.0
1456,2025.07.14 03:36,buy,0.01,3357.44,2025.07.14 05:03,3357.61,0.1,Monday,87.0
1457,2025.07.14 10:46,buy,0.01,3371.39,2025.07.16 15:30,3373.19,0.54,Monday,3164.0
1458,2025.07.15 20:29,sell,0.02,3328.03,2025.07.15 23:10,3327.86,0.2,Tuesday,161.0
1459,2025.07.16 03:55,sell,0.02,3334.43,2025.07.16 13:41,3330.86,7.0,Wednesday,586.0
1460,2025.07.17 12:39,sell,0.02,3317.58,2025.07.17 12:46,3315.24,4.54,Thursday,7.0
1461,2025.07.17 14:55,sell,0.02,3333.55,2025.07.18 19:00,3351.38,-34.96,Thursday,1685.0
1462,2025.07.21 03:50,buy,0.02,3351.49,2025.07.21 07:23,3365.11,27.1,Monday,213.0
1463,2025.07.21 15:55,buy,0.02,3397.91,2025.07.21 23:35,3398.09,0.22,Monday,460.0
1464,2025.07.22 03:52,buy,0.02,3392.8,2025.07.22 13:15,3409.04,32.34,Tuesday,563.0
1465,2025.07.23 10:35,buy,0.02,3422.58,2025.07.23 12:21,3424.46,3.62,Wednesday,106.0
1466,2025.07.23 16:35,buy,0.02,3383.77,2025.07.23 16:55,3385.96,4.24,Wednesday,20.0
1467,2025.07.24 09:44,buy,0.02,3363.51,2025.07.24 13:57,3367.3,7.44,Thursday,253.0
1468,2025.07.28 04:33,sell,0.02,3340.61,2025.07.28 06:56,3339.97,1.14,Monday,143.0
1469,2025.07.28 19:00,sell,0.02,3313.52,2025.07.29 01:20,3313.21,1.32,Monday,380.0
1470,2025.07.29 08:35,sell,0.02,3327.8,2025.07.29 09:29,3326.1,3.26,Tuesday,54.0
1471,2025.07.29 18:05,sell,0.02,3328.45,2025.07.29 20:44,3326.67,3.42,Tuesday,159.0
1472,2025.07.30 17:43,sell,0.02,3298.75,2025.07.30 18:34,3296.3,4.76,Wednesday,51.0
1473,2025.07.31 08:05,sell,0.02,3305.1,2025.07.31 11:03,3297.76,14.54,Thursday,178.0
1474,2025.07.31 17:05,sell,0.02,3296.22,2025.07.31 19:44,3294.5,3.3,Thursday,159.0
1475,2025.07.31 22:36,sell,0.02,3293.29,2025.08.11 00:00,3293.12,7.72,Thursday,14484.0
1476,2025.08.11 08:08,buy,0.02,3360.55,2025.08.11 09:00,3360.72,0.2,Monday,52.0
1477,2025.08.12 07:59,sell,0.02,3355.1,2025.08.12 09:06,3349.95,10.16,Tuesday,67.0
1478,2025.08.12 17:56,sell,0.02,3347.57,2025.08.13 01:07,3347.4,1.04,Tuesday,431.0
1479,2025.08.13 09:00,sell,0.02,3360.09,2025.08.13 12:37,3359.48,1.08,Wednesday,217.0
1480,2025.08.13 17:54,buy,0.02,3353.78,2025.08.14 00:36,3370.03,28.78,Wednesday,402.0
1481,2025.08.13 19:39,sell,0.02,3355.67,2025.08.14 08:05,3345.48,22.75,Wednesday,746.0
1482,2025.08.14 08:35,buy,0.02,3349.07,2025.08.14 09:46,3354.25,10.22,Thursday,71.0
1483,2025.08.14 12:25,sell,0.02,3354.54,2025.08.14 12:30,3344.94,19.06,Thursday,5.0
1484,2025.08.14 17:29,sell,0.02,3337.75,2025.08.15 00:52,3337.58,1.04,Thursday,443.0
1485,2025.08.18 04:04,sell,0.02,3348.12,2025.08.18 14:04,3336.5,23.1,Monday,600.0
1486,2025.08.18 18:09,sell,0.02,3333.4,2025.08.19 00:06,3330.98,5.54,Monday,357.0
1487,2025.08.19 05:43,sell,0.02,3338.73,2025.08.19 07:05,3338.56,0.2,Tuesday,82.0
1488,2025.08.19 11:24,sell,0.02,3342.6,2025.08.19 13:14,3329.7,25.66,Tuesday,110.0
1489,2025.08.19 16:18,sell,0.02,3321.38,2025.08.19 17:43,3319.47,3.68,Tuesday,85.0
1490,2025.08.20 03:55,sell,0.02,3317.91,2025.08.22 19:00,3372.77,-106.52,Wednesday,3785.0
1491,2025.08.21 18:26,buy,0.02,3338.78,2025.08.22 14:00,3342.0,5.11,Thursday,1174.0
1492,2025.08.25 20:10,buy,0.02,3365.2,2025.08.26 00:17,3370.85,9.97,Monday,247.0
1493,2025.08.26 06:43,buy,0.02,3375.69,2025.08.26 09:00,3375.86,0.2,Tuesday,137.0
1494,2025.08.26 12:18,buy,0.02,3377.98,2025.08.26 16:09,3385.18,14.26,Tuesday,231.0
1495,2025.08.27 07:33,buy,0.02,3375.41,2025.08.27 09:50,3380.27,9.58,Wednesday,137.0
1496,2025.08.27 22:40,buy,0.02,3396.55,2025.08.28 10:03,3396.78,-3.26,Wednesday,683.0
1497,2025.09.01 03:45,buy,0.02,3474.06,2025.09.01 04:27,3474.23,0.2,Monday,42.0
1498,2025.09.01 15:01,buy,0.02,3475.83,2025.09.01 23:28,3476.86,1.92,Monday,507.0
1499,2025.09.02 05:45,buy,0.02,3496.08,2025.09.02 14:31,3500.72,9.14,Tuesday,526.0
1500,2025.09.03 06:41,buy,0.02,3535.05,2025.09.03 08:34,3537.1,3.96,Wednesday,113.0
1501,2025.09.03 11:00,buy,0.02,3540.11,2025.09.03 12:13,3544.22,8.08,Wednesday,73.0
1502,2025.09.04 05:15,buy,0.02,3531.4,2025.09.04 06:37,3537.03,11.12,Thursday,82.0
1503,2025.09.04 09:09,buy,0.02,3542.9,2025.09.04 11:53,3545.32,4.7,Thursday,164.0
1504,2025.09.08 03:44,buy,0.02,3584.62,2025.09.08 06:19,3589.99,10.6,Monday,155.0
1505,2025.09.08 11:25,buy,0.02,3616.34,2025.09.08 12:09,3616.61,0.4,Monday,44.0
1506,2025.09.08 17:34,buy,0.02,3635.74,2025.09.09 01:07,3637.55,2.29,Monday,453.0
1507,2025.09.09 13:02,buy,0.02,3647.6,2025.09.09 13:06,3647.94,0.54,Tuesday,4.0
1508,2025.09.10 03:25,buy,0.02,3634.75,2025.09.10 05:39,3639.83,10.02,Wednesday,134.0
1509,2025.09.10 13:41,buy,0.02,3650.4,2025.09.10 14:25,3650.67,0.4,Wednesday,44.0
1510,2025.09.11 03:58,buy,0.02,3631.64,2025.09.11 06:55,3633.56,3.7,Thursday,177.0
1511,2025.09.11 12:13,buy,0.02,3618.26,2025.09.11 12:25,3622.12,7.58,Thursday,12.0
1512,2025.09.15 05:06,buy,0.02,3644.68,2025.09.15 13:48,3659.56,29.62,Monday,522.0
1513,2025.09.16 08:50,buy,0.02,3695.02,2025.09.16 12:05,3695.19,0.2,Tuesday,195.0
1514,2025.09.16 15:28,buy,0.02,3684.85,2025.09.16 16:44,3686.53,3.22,Tuesday,76.0
1515,2025.09.16 19:54,buy,0.02,3690.12,2025.09.17 01:00,3690.29,-0.99,Tuesday,306.0
1516,2025.09.17 05:53,buy,0.02,3677.82,2025.09.17 13:40,3677.99,0.2,Wednesday,467.0
1517,2025.09.17 22:21,buy,0.02,3662.88,2025.09.18 00:01,3666.25,3.02,Wednesday,100.0
1518,2025.09.18 03:34,buy,0.02,3662.07,2025.09.18 10:09,3667.66,11.04,Thursday,395.0
1519,2025.09.18 15:25,buy,0.02,3640.03,2025.09.18 18:01,3641.76,3.32,Thursday,156.0
1520,2025.09.18 20:51,buy,0.02,3644.15,2025.09.19 01:26,3646.85,4.07,Thursday,275.0
1521,2025.09.22 11:57,buy,0.02,3722.35,2025.09.22 19:28,3743.62,42.4,Monday,451.0
1522,2025.09.22 22:37,buy,0.02,3744.07,2025.09.23 01:01,3745.76,2.05,Monday,144.0
1523,2025.09.23 03:17,buy,0.02,3739.91,2025.09.23 05:53,3753.53,27.1,Tuesday,156.0
1524,2025.09.24 14:36,buy,0.02,3756.35,2025.09.25 08:28,3756.52,-3.38,Wednesday,1072.0
1525,2025.09.25 15:04,buy,0.02,3729.22,2025.09.25 15:23,3734.14,9.7,Thursday,19.0
1526,2025.09.29 17:50,buy,0.02,3827.63,2025.09.29 22:01,3829.52,3.64,Monday,251.0
1527,2025.09.30 07:19,buy,0.02,3853.2,2025.09.30 20:02,3855.2,3.86,Tuesday,763.0
1528,2025.10.01 05:55,buy,0.02,3863.38,2025.10.01 07:43,3868.99,11.08,Wednesday,108.0
1529,2025.10.02 03:53,buy,0.02,3864.84,2025.10.02 05:34,3866.85,3.88,Thursday,101.0
1530,2025.10.07 05:43,buy,0.02,3962.26,2025.10.07 12:22,3967.02,9.38,Tuesday,399.0
1531,2025.10.08 08:13,buy,0.02,4037.53,2025.10.08 10:16,4044.71,14.22,Wednesday,123.0
1532,2025.10.08 17:56,buy,0.02,4052.18,2025.10.09 13:15,4052.35,-3.38,Wednesday,1159.0
1533,2025.10.13 07:20,buy,0.02,4069.41,2025.10.13 07:31,4071.36,3.76,Monday,11.0
1534,2025.10.13 11:49,buy,0.02,4076.6,2025.10.13 12:35,4081.11,8.88,Monday,46.0
1535,2025.10.14 18:37,buy,0.01,4146.27,2025.10.14 19:06,4146.44,0.1,Tuesday,29.0
1536,2025.10.15 09:51,buy,0.01,4192.2,2025.10.15 10:24,4201.07,8.8,Wednesday,33.0
1537,2025.10.16 04:10,buy,0.01,4234.37,2025.10.16 04:40,4234.54,0.1,Thursday,30.0
1538,2025.10.16 08:08,buy,0.01,4232.95,2025.10.16 10:09,4237.74,4.72,Thursday,121.0
1539,2025.10.20 10:29,buy,0.01,4255.5,2025.10.20 10:58,4255.67,0.1,Monday,29.0
1540,2025.10.27 12:38,sell,0.01,4032.99,2025.10.27 13:32,4024.93,7.99,Monday,54.0
1541,2025.10.27 18:17,sell,0.01,4008.03,2025.10.27 18:47,4006.29,1.67,Monday,30.0
1542,2025.10.28 15:43,sell,0.01,3963.3,2025.10.28 16:05,3958.74,4.49,Tuesday,22.0
1543,2025.10.28 20:53,sell,0.01,3953.28,2025.10.28 22:07,3948.98,4.23,Tuesday,74.0
1544,2025.10.29 04:54,sell,0.01,3955.86,2025.10.29 05:02,3955.62,0.17,Wednesday,8.0
1545,2025.10.30 19:54,sell,0.01,4024.1,2025.10.30 19:59,4023.93,0.1,Thursday,5.0
1546,2025.11.03 05:52,sell,0.01,4014.3,2025.11.03 06:08,4014.13,0.1,Monday,16.0
1547,2025.11.04 07:07,sell,0.01,3985.03,2025.11.04 13:36,3982.28,2.68,Tuesday,389.0
1548,2025.11.04 20:59,sell,0.01,3938.11,2025.11.04 23:03,3934.48,3.56,Tuesday,124.0
1549,2025.11.05 08:35,sell,0.01,3981.38,2025.11.05 09:04,3980.93,0.38,Wednesday,29.0
1550,2025.11.05 20:35,sell,0.01,3986.19,2025.11.05 23:00,3977.6,8.52,Wednesday,145.0
1551,2025.11.06 03:58,sell,0.01,3986.31,2025.11.06 06:48,3986.14,0.1,Thursday,170.0
1552,2025.11.06 09:46,sell,0.01,4011.65,2025.11.06 11:02,4009.49,2.09,Thursday,76.0
1553,2025.11.06 18:14,sell,0.01,3983.19,2025.11.06 23:03,3978.85,4.27,Thursday,289.0
1554,2025.11.11 05:55,buy,0.01,4133.2,2025.11.11 06:32,4133.51,0.24,Tuesday,37.0
1555,2025.11.11 18:25,buy,0.01,4113.22,2025.11.11 19:59,4121.48,8.19,Tuesday,94.0
1556,2025.11.12 03:42,buy,0.01,4120.21,2025.11.12 07:32,4120.51,0.23,Wednesday,230.0
1557,2025.11.13 04:57,buy,0.01,4207.05,2025.11.13 05:25,4212.14,5.02,Thursday,28.0
1558,2025.11.17 04:26,sell,0.01,4083.09,2025.11.17 04:51,4081.26,1.76,Monday,25.0
1559,2025.11.17 12:07,sell,0.01,4078.9,2025.11.17 12:23,4078.67,0.16,Monday,16.0
1560,2025.11.17 17:15,sell,0.01,4073.85,2025.11.17 18:29,4071.98,1.8,Monday,74.0
1561,2025.11.18 09:42,sell,0.01,4032.7,2025.11.21 07:04,4029.68,5.04,Tuesday,4162.0
1562,2025.11.24 09:22,sell,0.01,4071.71,2025.11.24 09:38,4071.54,0.1,Monday,16.0
1563,2025.11.24 12:18,sell,0.01,4068.19,2025.11.28 19:00,4220.39,-149.76,Monday,6162.0
1564,2025.11.25 08:24,buy,0.01,4136.02,2025.11.25 13:22,4142.51,6.42,Tuesday,298.0
1565,2025.11.25 18:09,buy,0.01,4148.96,2025.11.26 02:11,4149.13,-0.5,Tuesday,482.0
1566,2025.11.26 20:14,buy,0.01,4164.24,2025.11.26 23:27,4164.41,0.1,Wednesday,193.0
1567,2025.11.27 07:00,buy,0.01,4157.51,2025.11.27 07:31,4157.68,0.1,Thursday,31.0
1568,2025.12.01 10:52,buy,0.01,4254.91,2025.12.01 13:46,4259.2,4.22,Monday,174.0
1569,2025.12.01 19:35,buy,0.01,4239.77,2025.12.05 15:00,4240.29,-3.13,Monday,5485.0
1570,2025.12.08 19:27,buy,0.01,4186.87,2025.12.08 20:17,4187.04,0.1,Monday,50.0
1571,2025.12.09 09:48,sell,0.01,4203.42,2025.12.09 12:26,4202.78,0.57,Tuesday,158.0
1572,2025.12.09 11:30,buy,0.01,4203.91,2025.12.09 13:06,4204.08,0.1,Tuesday,96.0
1573,2025.12.09 20:45,buy,0.01,4210.35,2025.12.10 01:25,4213.86,2.84,Tuesday,280.0
1574,2025.12.10 03:29,buy,0.01,4209.2,2025.12.10 06:04,4209.37,0.1,Wednesday,155.0
1575,2025.12.10 09:13,buy,0.01,4198.88,2025.12.10 14:02,4199.67,0.72,Wednesday,289.0
1576,2025.12.10 17:10,sell,0.01,4201.58,2025.12.10 17:55,4201.41,0.1,Wednesday,45.0
1577,2025.12.10 21:52,buy,0.01,4227.75,2025.12.11 00:48,4239.53,9.92,Wednesday,176.0
1578,2025.12.11 04:18,buy,0.01,4216.56,2025.12.11 10:14,4220.36,3.73,Thursday,356.0
1579,2025.12.15 17:34,buy,0.01,4302.0,2025.12.15 17:52,4302.17,0.1,Monday,18.0
1580,2025.12.15 21:20,buy,0.01,4303.96,2025.12.15 23:57,4304.13,0.1,Monday,157.0
1581,2025.12.16 04:32,buy,0.01,4289.35,2025.12.16 13:02,4291.02,1.6,Tuesday,510.0
1582,2025.12.17 03:30,buy,0.01,4318.59,2025.12.17 04:34,4320.55,1.89,Wednesday,64.0
1583,2025.12.17 06:42,buy,0.01,4328.75,2025.12.17 13:46,4335.88,7.06,Wednesday,424.0
1584,2025.12.17 21:46,buy,0.01,4341.34,2025.12.18 16:14,4363.36,20.16,Wednesday,1108.0
1585,2025.12.18 19:16,buy,0.01,4330.22,2025.12.18 19:43,4330.39,0.1,Thursday,27.0
1586,2025.12.22 05:19,buy,0.01,4399.76,2025.12.22 05:37,4403.84,4.01,Monday,18.0
1587,2025.12.22 10:46,buy,0.01,4409.08,2025.12.22 13:01,4416.75,7.6,Monday,135.0
1588,2025.12.23 03:46,buy,0.01,4486.9,2025.12.23 08:55,4488.65,1.68,Tuesday,309.0
1589,2025.12.23 14:28,buy,0.01,4464.65,2025.12.23 14:29,4464.82,0.1,Tuesday,1.0
1590,2025.12.23 18:55,buy,0.01,4478.45,2025.12.23 19:13,4492.11,13.59,Tuesday,18.0
1591,2025.12.24 03:28,buy,0.01,4490.98,2025.12.24 03:47,4492.96,1.91,Wednesday,19.0
1592,2025.12.29 18:58,sell,0.01,4330.0,2025.12.29 20:39,4329.75,0.18,Monday,101.0
1593,2025.12.30 05:52,sell,0.01,4377.84,2025.12.30 06:27,4368.24,9.53,Tuesday,35.0
1594,2025.12.30 12:36,sell,0.01,4394.36,2025.12.30 13:20,4394.06,0.23,Tuesday,44.0
1595,2025.12.30 16:44,sell,0.01,4365.73,2025.12.30 19:53,4344.97,20.69,Tuesday,189.0
1596,2025.12.31 07:17,sell,0.01,4329.99,2025.12.31 08:17,4325.59,4.33,Wednesday,60.0
1597,2025.12.31 11:34,sell,0.01,4311.77,2025.12.31 12:07,4309.64,2.06,Wednesday,33.0
1598,2025.12.31 19:16,sell,0.01,4316.88,2025.12.31 19:46,4312.89,3.92,Wednesday,30.0
1599,2026.01.05 06:09,buy,0.01,4413.95,2026.01.05 06:27,4421.98,7.96,Monday,18.0
1600,2026.01.05 12:17,buy,0.01,4417.85,2026.01.05 14:16,4423.95,6.03,Monday,119.0
1601,2026.01.06 07:38,buy,0.01,4465.03,2026.01.06 08:29,4470.67,5.57,Tuesday,51.0
1602,2026.01.06 18:22,buy,0.01,4491.75,2026.01.06 21:01,4491.92,0.1,Tuesday,159.0
1603,2026.01.07 19:41,buy,0.01,4454.87,2026.01.07 20:28,4456.62,1.68,Wednesday,47.0
1604,2026.01.08 09:07,buy,0.01,4432.56,2026.01.08 14:50,4435.19,2.56,Thursday,343.0
1605,2026.01.08 19:30,buy,0.01,4447.76,2026.01.08 20:40,4472.81,24.98,Thursday,70.0
1606,2026.01.13 05:52,buy,0.01,4592.36,2026.01.13 08:41,4592.86,0.43,Tuesday,169.0
1607,2026.01.14 03:44,buy,0.01,4623.44,2026.01.14 04:29,4625.55,2.04,Wednesday,45.0
1608,2026.01.14 07:03,buy,0.01,4635.24,2026.01.14 07:30,4635.41,0.1,Wednesday,27.0
1609,2026.01.15 07:23,buy,0.01,4610.68,2026.01.15 10:30,4610.96,0.21,Thursday,187.0
1610,2026.01.15 12:31,buy,0.01,4616.84,2026.01.15 16:21,4618.93,2.02,Thursday,230.0
1611,2026.01.19 09:43,buy,0.01,4668.17,2026.01.19 12:51,4668.41,0.17,Monday,188.0
1612,2026.01.20 07:30,buy,0.01,4718.3,2026.01.20 07:51,4718.51,0.14,Tuesday,21.0
1613,2026.01.20 19:05,buy,0.01,4758.26,2026.01.20 19:25,4762.15,3.82,Tuesday,20.0
1614,2026.01.27 04:24,buy,0.01,5074.21,2026.01.27 05:52,5080.87,6.59,Tuesday,88.0
1615,2026.01.27 12:42,buy,0.01,5087.06,2026.01.27 13:03,5087.64,0.51,Tuesday,21.0
1616,2026.04.30 22:32,sell,0.01,4630.99,2026.04.30 22:40,4630.82,0.1,Thursday,8.0
1617,2026.05.04 04:16,sell,0.01,4611.65,2026.05.04 04:31,4611.16,0.42,Monday,15.0
1618,2026.05.05 07:34,sell,0.01,4550.32,2026.05.05 08:04,4548.43,1.82,Tuesday,30.0
1619,2026.05.05 14:43,sell,0.01,4582.69,2026.05.05 14:55,4579.87,2.75,Tuesday,12.0
1620,2026.05.06 16:36,buy,0.01,4687.12,2026.05.06 16:47,4687.29,0.1,Wednesday,11.0
1621,2026.05.11 03:18,buy,0.01,4686.03,2026.05.11 03:32,4686.2,0.1,Monday,14.0
1622,2026.05.12 19:22,sell,0.01,4701.35,2026.05.13 02:56,4691.4,10.3,Tuesday,454.0
1623,2026.05.13 11:01,buy,0.01,4694.25,2026.05.13 11:18,4696.34,2.02,Wednesday,17.0
1624,2026.05.13 19:07,buy,0.01,4684.55,2026.05.13 19:34,4685.1,0.48,Wednesday,27.0
1625,2026.05.14 05:39,buy,0.01,4698.1,2026.05.14 05:48,4698.93,0.76,Thursday,9.0
1626,2026.05.14 07:11,sell,0.01,4699.04,2026.05.14 07:16,4698.49,0.48,Thursday,5.0
1627,2026.05.14 09:56,buy,0.01,4699.29,2026.05.14 10:12,4699.93,0.57,Thursday,16.0
1628,2026.05.14 17:38,sell,0.01,4678.44,2026.05.14 18:08,4673.64,4.73,Thursday,30.0
1629,2026.05.14 22:44,sell,0.01,4661.64,2026.05.14 23:26,4659.67,1.9,Thursday,42.0
1630,2026.05.18 07:19,sell,0.01,4543.82,2026.05.18 07:25,4542.8,0.95,Monday,6.0
1631,2026.05.18 16:35,sell,0.01,4539.57,2026.05.18 19:01,4539.18,0.32,Monday,146.0
1632,2026.05.18 22:32,sell,0.01,4572.15,2026.05.19 01:00,4561.6,10.9,Monday,148.0
1633,2026.05.19 07:20,sell,0.01,4548.52,2026.05.19 07:29,4548.0,0.45,Tuesday,9.0
1634,2026.05.19 10:10,sell,0.01,4539.9,2026.05.19 10:39,4538.08,1.75,Tuesday,29.0
1635,2026.05.19 12:52,sell,0.01,4538.88,2026.05.19 13:09,4518.95,19.86,Tuesday,17.0
1636,2026.05.19 15:52,sell,0.01,4502.88,2026.05.19 16:14,4500.44,2.37,Tuesday,22.0
1637,2026.05.20 19:14,sell,0.01,4544.03,2026.05.20 22:29,4539.14,4.82,Wednesday,195.0
1638,2026.05.21 04:42,sell,0.01,4536.29,2026.05.21 05:28,4526.91,9.31,Thursday,46.0
1639,2026.05.21 16:22,sell,0.01,4517.45,2026.05.22 05:58,4511.73,6.07,Thursday,816.0
1640,2026.05.26 03:50,sell,0.01,4541.76,2026.05.26 05:03,4527.66,14.03,Tuesday,73.0
1641,2026.05.26 19:12,sell,0.01,4499.71,2026.05.26 22:04,4496.7,2.94,Tuesday,172.0
1642,2026.05.27 05:41,sell,0.01,4498.59,2026.05.27 05:49,4495.88,2.64,Wednesday,8.0
1643,2026.05.27 18:43,sell,0.01,4453.25,2026.05.27 20:01,4452.92,0.26,Wednesday,78.0
1644,2026.05.27 22:55,sell,0.01,4456.41,2026.05.27 23:39,4453.53,2.81,Wednesday,44.0
1645,2026.06.01 17:15,sell,0.01,4474.77,2026.06.02 01:53,4466.86,8.26,Monday,518.0
1646,2026.06.02 05:13,sell,0.01,4517.21,2026.06.02 13:00,4517.04,0.1,Tuesday,467.0
1647,2026.06.02 17:45,sell,0.01,4484.39,2026.06.02 18:48,4484.22,0.1,Tuesday,63.0
1648,2026.06.02 20:59,sell,0.01,4487.67,2026.06.02 23:11,4478.69,8.91,Tuesday,132.0
1649,2026.06.03 03:20,sell,0.01,4485.11,2026.06.03 05:13,4472.35,12.69,Wednesday,113.0
1650,2026.06.03 10:32,sell,0.01,4460.51,2026.06.03 10:50,4458.5,1.94,Wednesday,18.0
1651,2026.06.04 19:41,sell,0.01,4479.25,2026.06.04 22:17,4477.23,1.95,Thursday,156.0
1652,2026.06.08 18:25,sell,0.01,4343.72,2026.06.08 19:50,4329.11,14.54,Monday,85.0
1653,2026.06.09 04:08,sell,0.01,4335.2,2026.06.09 04:35,4328.32,6.81,Tuesday,27.0
1654,2026.06.09 08:56,sell,0.01,4328.88,2026.06.09 09:30,4328.07,0.74,Tuesday,34.0
1655,2026.06.09 11:31,sell,0.01,4337.44,2026.06.09 13:25,4335.43,1.94,Tuesday,114.0
1656,2026.06.09 20:15,sell,0.01,4258.2,2026.06.09 22:00,4253.55,4.58,Tuesday,105.0
1657,2026.06.15 20:45,buy,0.01,4309.81,2026.06.15 22:12,4309.98,0.1,Monday,87.0
1658,2026.06.16 19:12,buy,0.01,4341.29,2026.06.17 01:15,4345.42,3.46,Tuesday,363.0
1659,2026.06.17 05:38,buy,0.01,4328.63,2026.06.17 05:55,4328.85,0.15,Wednesday,17.0
1660,2026.06.17 10:05,buy,0.01,4328.69,2026.06.17 11:02,4330.62,1.86,Wednesday,57.0
1661,2026.06.17 22:42,sell,0.01,4265.74,2026.06.17 22:50,4265.3,0.37,Wednesday,8.0
1662,2026.06.22 09:51,sell,0.01,4206.41,2026.06.22 11:39,4206.24,0.1,Monday,108.0
1663,2026.06.22 17:18,sell,0.01,4188.11,2026.06.22 17:40,4181.63,6.41,Monday,22.0
1664,2026.06.23 08:56,sell,0.01,4106.04,2026.06.23 22:36,4100.89,5.08,Tuesday,820.0
1665,2026.06.24 04:40,sell,0.01,4064.64,2026.06.24 10:18,4060.34,4.23,Wednesday,338.0
1666,2026.06.24 20:57,sell,0.01,3998.71,2026.06.24 22:57,3997.04,1.6,Wednesday,120.0
1667,2026.06.25 06:23,sell,0.01,3978.39,2026.06.25 07:03,3977.92,0.4,Thursday,40.0
1668,2026.06.29 20:13,sell,0.01,4013.79,2026.06.29 22:47,4013.5,0.22,Monday,154.0
1669,2026.06.30 10:40,sell,0.01,4027.39,2026.06.30 12:32,4019.55,7.77,Tuesday,112.0
1670,2026.06.30 18:04,sell,0.01,4031.2,2026.06.30 20:05,4018.91,12.22,Tuesday,121.0
1671,2026.07.02 18:38,buy,0.01,4125.09,2026.07.02 23:34,4127.53,2.37,Thursday,296.0
1672,2026.07.06 05:24,buy,0.01,4151.66,2026.07.06 05:39,4155.63,3.9,Monday,15.0
1673,2026.07.08 03:23,sell,0.01,4127.05,2026.07.08 04:08,4126.87,0.11,Wednesday,45.0
1674,2026.07.08 17:54,sell,0.01,4067.94,2026.07.08 18:00,4067.77,0.1,Wednesday,6.0
1675,2026.07.09 04:08,sell,0.01,4061.24,2026.07.09 04:49,4060.61,0.56,Thursday,41.0
1676,2026.07.09 17:19,buy,0.01,4126.18,2026.07.09 17:58,4134.1,7.85,Thursday,39.0
1677,2026.07.13 08:42,sell,0.01,4074.77,2026.07.13 10:42,4051.25,23.45,Monday,120.0
1678,2026.07.14 04:56,sell,0.01,4018.35,2026.07.14 08:15,4018.18,0.1,Tuesday,199.0
1679,2026.07.14 20:08,sell,0.01,4054.71,2026.07.14 22:13,4050.09,4.55,Tuesday,125.0
1680,2026.07.15 05:20,sell,0.01,4027.45,2026.07.15 05:31,4027.25,0.13,Wednesday,11.0
1681,2026.07.20 08:58,sell,0.01,4019.01,2026.07.20 09:35,4018.84,0.1,Monday,37.0
1682,2026.07.21 22:09,buy,0.01,4077.9,2026.07.21 22:51,4079.84,1.87,Tuesday,42.0
1683,2026.07.22 06:41,buy,0.01,4118.24,2026.07.22 07:24,4118.41,0.1,Wednesday,43.0
1684,2026.07.22 16:47,buy,0.01,4146.81,2026.07.24 19:00,4054.27,-95.0,Wednesday,3013.0
1685,2026.07.23 20:58,sell,0.01,4048.91,2026.07.24 00:21,4045.22,4.04,Thursday,203.0
1686,2026.07.27 03:49,buy,0.01,4089.38,2026.07.27 05:22,4089.55,0.1,Monday,93.0
1687,2026.07.27 09:41,buy,0.01,4092.15,2026.07.27 09:59,4096.03,3.81,Monday,18.0
1688,2026.07.27 20:32,buy,0.01,4079.03,2026.07.29 18:00,4080.67,0.38,Monday,2728.0
1689,2026.07.28 08:18,sell,0.01,4047.43,2026.07.28 09:36,4033.46,13.9,Tuesday,78.0
1690,2026.07.29 04:43,sell,0.01,4025.68,2026.07.29 12:30,4013.72,11.89,Wednesday,467.0
1691,2026.07.30 17:29,buy,0.01,4105.14,2026.07.30 19:53,4109.83,4.62,Thursday,144.0
1692,2026.08.03 08:47,buy,0.01,4058.66,2026.08.03 12:03,4060.42,1.69,Monday,196.0
1693,2026.08.03 17:11,sell,0.01,4034.59,2026.08.03 18:09,4034.42,0.1,Monday,58.0
1694,2026.08.04 14:06,sell,0.01,4087.52,2026.08.04 14:27,4085.48,1.97,Tuesday,21.0
1695,2026.08.04 18:20,buy,0.01,4086.72,2026.08.05 02:02,4098.31,10.92,Tuesday,462.0
1696,2026.08.05 20:41,buy,0.01,4247.07,2026.08.05 22:03,4249.66,2.52,Wednesday,82.0
1697,2026.08.06 03:05,buy,0.01,4276.32,2026.08.06 03:13,4276.73,0.34,Thursday,8.0
1698,2026.08.06 06:53,buy,0.01,4254.0,2026.08.06 07:20,4261.22,7.15,Thursday,27.0
1699,2026.08.06 15:05,buy,0.01,4270.38,2026.08.07 05:38,4273.34,2.29,Thursday,873.0
1700,2026.08.10 10:13,buy,0.01,4340.5,2026.08.10 14:33,4347.11,6.54,Monday,260.0
1701,2026.08.11 08:15,buy,0.01,4364.95,2026.08.11 08:53,4372.59,7.57,Tuesday,38.0
1702,2026.08.11 17:47,buy,0.01,4375.79,2026.08.12 00:54,4379.27,2.81,Tuesday,427.0
1703,2026.08.12 04:34,buy,0.01,4397.75,2026.08.12 05:15,4399.6,1.78,Wednesday,41.0
1704,2026.08.12 20:36,buy,0.01,4407.21,2026.08.13 00:25,4433.24,24.17,Wednesday,229.0
1705,2026.08.13 16:41,buy,0.01,4363.77,2026.08.13 17:17,4368.28,4.44,Thursday,36.0
1706,2026.08.17 10:05,buy,0.01,4394.08,2026.08.17 10:19,4395.49,1.34,Monday,14.0
1707,2026.08.17 17:56,buy,0.01,4417.53,2026.08.18 00:00,4425.05,6.85,Monday,364.0
1708,2026.08.18 11:20,buy,0.01,4393.17,2026.08.18 12:24,4396.58,3.34,Tuesday,64.0
1709,2026.08.18 18:25,buy,0.01,4357.1,2026.08.19 02:30,4357.29,-0.48,Tuesday,485.0
1710,2026.08.19 18:09,buy,0.01,4489.68,2026.08.19 19:37,4505.24,15.49,Wednesday,88.0
1711,2026.08.19 22:56,buy,0.01,4519.67,2026.08.20 15:01,4524.56,3.03,Wednesday,965.0
1712,2026.08.20 20:50,buy,0.01,4518.38,2026.08.20 23:08,4525.56,7.11,Thursday,138.0
1713,2026.08.24 09:54,buy,0.01,4643.0,2026.08.24 10:11,4645.56,2.49,Monday,17.0
1714,2026.08.24 17:35,buy,0.01,4637.31,2026.08.24 17:45,4637.89,0.51,Monday,10.0
1715,2026.08.25 16:48,buy,0.01,4643.15,2026.08.25 19:23,4663.13,19.91,Tuesday,155.0
1716,2026.08.26 03:59,buy,0.01,4643.99,2026.08.26 05:31,4645.3,1.24,Wednesday,92.0
1717,2026.08.26 09:42,buy,0.01,4620.42,2026.08.26 10:02,4620.67,0.18,Wednesday,20.0
1718,2026.08.26 16:14,buy,0.01,4598.61,2026.08.26 18:08,4600.36,1.68,Wednesday,114.0
1719,2026.08.27 18:14,buy,0.01,4605.04,2026.08.27 19:15,4613.78,8.67,Thursday,61.0
1720,2026.08.31 06:13,sell,0.01,4433.13,2026.08.31 13:47,4429.97,3.09,Monday,454.0
1721,2026.09.01 06:57,sell,0.01,4429.9,2026.09.01 07:31,4422.98,6.85,Tuesday,34.0
1722,2026.09.02 22:26,sell,0.01,4388.63,2026.09.02 23:44,4385.08,3.48,Wednesday,78.0
1723,2026.09.07 12:48,sell,0.01,4396.54,2026.09.08 07:40,4395.85,1.04,Monday,1132.0
1724,2026.09.09 03:24,sell,0.01,4377.82,2026.09.09 04:23,4375.84,1.91,Wednesday,59.0
1725,2026.09.09 11:12,sell,0.01,4404.0,2026.09.09 12:20,4399.97,3.96,Wednesday,68.0
1726,2026.09.09 14:50,sell,0.01,4420.47,2026.09.09 15:00,4420.29,0.11,Wednesday,10.0
1727,2026.09.09 20:56,sell,0.01,4400.33,2026.09.10 00:09,4393.81,7.7,Wednesday,193.0
1728,2026.09.14 06:48,sell,0.01,4327.42,2026.09.14 07:05,4321.77,5.58,Monday,17.0
1729,2026.09.14 17:26,sell,0.01,4311.34,2026.09.14 18:33,4311.02,0.25,Monday,67.0
1730,2026.09.15 11:12,sell,0.01,4282.01,2026.09.15 12:27,4276.5,5.44,Tuesday,75.0
1731,2026.09.16 16:57,sell,0.01,4345.41,2026.09.16 18:00,4340.14,5.2,Wednesday,63.0
1732,2026.09.17 04:11,sell,0.01,4294.59,2026.09.17 04:36,4294.42,0.1,Thursday,25.0
1733,2026.09.17 09:35,sell,0.01,4307.32,2026.09.18 19:00,4381.96,-74.29,Thursday,2005.0
1734,2026.09.21 05:19,buy,0.01,4355.18,2026.09.21 05:32,4357.9,2.65,Monday,13.0
1735,2026.09.22 17:05,sell,0.01,4336.96,2026.09.23 05:54,4333.12,4.19,Tuesday,769.0
1736,2026.09.23 20:27,sell,0.01,4284.05,2026.09.24 02:02,4278.09,7.14,Wednesday,335.0
1737,2026.09.24 09:35,sell,0.01,4257.37,2026.09.24 09:48,4254.7,2.6,Thursday,13.0
1738,2026.09.24 19:36,sell,0.01,4272.11,2026.09.24 20:39,4268.37,3.67,Thursday,63.0
1739,2026.09.24 22:44,sell,0.01,4270.52,2026.09.24 23:59,4264.75,5.7,Thursday,75.0
