ticket,open_time,type,lots,open_price,close_time,close_price,profit,day_of_week,duration_minutes
1,2020.02.17 08:29,buy,0.03,1579.37,2020.02.17 10:18,1580.64,3.6,Monday,109.0
2,2020.02.18 05:08,buy,0.03,1586.69,2020.02.18 08:04,1587.59,2.49,Tuesday,176.0
3,2020.02.19 19:58,buy,0.03,1606.84,2020.02.19 21:00,1611.39,13.44,Wednesday,62.0
4,2020.02.20 05:19,buy,0.03,1609.28,2020.02.20 08:35,1609.55,0.6,Thursday,196.0
5,2020.02.20 17:24,buy,0.03,1621.32,2020.02.20 23:47,1622.13,2.22,Thursday,383.0
6,2020.02.24 03:05,buy,0.02,1662.47,2020.02.24 05:06,1662.64,0.2,Monday,121.0
7,2020.02.24 12:24,buy,0.02,1680.21,2020.02.24 14:18,1682.39,4.22,Monday,114.0
8,2020.02.25 13:54,sell,0.02,1650.9,2020.02.25 14:34,1650.73,0.2,Tuesday,40.0
9,2020.02.25 18:19,sell,0.02,1648.6,2020.02.25 19:05,1642.84,11.38,Tuesday,46.0
10,2020.02.25 21:48,buy,0.02,1634.9,2020.02.25 23:28,1635.09,0.24,Tuesday,100.0
11,2020.02.26 03:21,sell,0.02,1639.21,2020.02.26 13:40,1637.98,2.32,Wednesday,619.0
12,2020.02.26 10:31,buy,0.02,1647.92,2020.02.26 19:48,1648.09,0.2,Wednesday,557.0
13,2020.02.26 15:41,sell,0.02,1637.48,2020.02.27 20:59,1637.29,2.75,Wednesday,1758.0
14,2020.02.27 07:30,buy,0.02,1645.95,2020.02.27 08:56,1646.19,0.34,Thursday,86.0
15,2020.02.27 15:10,buy,0.02,1655.26,2020.02.27 15:36,1658.62,6.58,Thursday,26.0
16,2020.03.02 16:29,sell,0.02,1593.15,2020.03.02 18:42,1592.07,2.02,Monday,133.0
17,2020.03.03 03:01,sell,0.02,1598.31,2020.03.03 06:18,1596.6,3.28,Tuesday,197.0
18,2020.03.03 09:06,sell,0.02,1596.73,2020.03.05 16:00,1660.13,-123.6,Tuesday,3294.0
19,2020.03.03 17:23,buy,0.02,1642.82,2020.03.03 17:37,1647.71,9.64,Tuesday,14.0
20,2020.03.04 12:07,buy,0.02,1644.24,2020.03.04 12:20,1647.11,5.6,Wednesday,13.0
21,2020.03.04 19:38,buy,0.02,1638.37,2020.03.05 01:04,1639.13,-2.2,Wednesday,326.0
22,2020.03.05 11:33,buy,0.02,1647.48,2020.03.05 12:27,1652.84,10.58,Thursday,54.0
23,2020.03.09 04:05,buy,0.02,1678.43,2020.03.09 07:22,1679.33,1.66,Monday,197.0
24,2020.03.09 06:40,sell,0.02,1667.09,2020.03.09 09:05,1666.42,1.2,Monday,145.0
25,2020.03.09 09:26,buy,0.02,1666.0,2020.03.09 10:25,1677.62,23.1,Monday,59.0
26,2020.03.09 17:45,sell,0.02,1674.86,2020.03.09 22:53,1672.18,5.22,Monday,308.0
27,2020.03.10 05:00,buy,0.02,1664.82,2020.03.10 07:28,1664.99,0.2,Tuesday,148.0
28,2020.03.10 12:15,buy,0.02,1664.82,2020.03.10 12:18,1665.61,1.44,Tuesday,3.0
29,2020.03.10 15:53,sell,0.02,1655.81,2020.03.10 16:47,1654.56,2.36,Tuesday,54.0
30,2020.03.10 18:49,buy,0.02,1651.93,2020.03.10 22:34,1652.65,1.3,Tuesday,225.0
31,2020.03.10 19:46,sell,0.02,1649.73,2020.03.10 19:57,1645.67,7.98,Tuesday,11.0
32,2020.03.11 13:55,buy,0.02,1661.9,2020.03.12 13:46,1585.92,-155.68,Wednesday,1431.0
33,2020.03.12 05:18,sell,0.02,1634.99,2020.03.12 05:36,1632.96,3.92,Thursday,18.0
34,2020.03.12 08:48,sell,0.02,1642.48,2020.03.12 09:44,1636.88,11.06,Thursday,56.0
35,2020.03.12 12:11,sell,0.02,1623.86,2020.03.12 12:25,1614.88,17.82,Thursday,14.0
36,2020.03.12 16:20,sell,0.02,1570.37,2020.03.12 19:40,1569.42,1.76,Thursday,200.0
37,2020.03.16 09:11,sell,0.01,1536.11,2020.03.16 09:34,1524.71,11.33,Monday,23.0
38,2020.03.16 20:13,sell,0.01,1500.21,2020.03.17 01:07,1499.24,1.32,Monday,294.0
39,2020.03.17 04:48,sell,0.01,1502.29,2020.03.17 05:40,1497.77,4.45,Tuesday,52.0
40,2020.03.17 13:50,sell,0.01,1492.4,2020.03.18 08:49,1490.16,2.59,Tuesday,1139.0
41,2020.03.18 03:29,buy,0.01,1530.06,2020.03.20 19:00,1481.21,-51.31,Wednesday,3811.0
42,2020.03.18 11:07,sell,0.01,1499.06,2020.03.18 13:00,1497.83,1.16,Wednesday,113.0
43,2020.03.18 18:16,sell,0.01,1485.29,2020.03.18 20:55,1485.08,0.14,Wednesday,159.0
44,2020.03.19 05:43,sell,0.01,1472.64,2020.03.19 12:11,1471.07,1.5,Thursday,388.0
45,2020.03.19 17:24,sell,0.01,1478.7,2020.03.19 17:54,1470.5,8.13,Thursday,30.0
46,2020.03.19 20:06,sell,0.01,1471.2,2020.03.19 22:09,1459.1,12.03,Thursday,123.0
47,2020.03.23 04:09,buy,0.01,1494.62,2020.03.23 12:01,1500.68,5.99,Monday,472.0
48,2020.03.23 06:31,sell,0.01,1491.88,2020.03.23 06:55,1486.68,5.13,Monday,24.0
49,2020.03.23 16:04,buy,0.01,1541.49,2020.03.23 16:05,1541.66,0.1,Monday,1.0
50,2020.03.23 17:10,sell,0.01,1550.45,2020.03.23 18:56,1550.28,0.1,Monday,106.0
51,2020.03.23 18:33,buy,0.01,1552.8,2020.03.23 19:52,1553.05,0.18,Monday,79.0
52,2020.03.23 22:44,sell,0.01,1565.0,2020.03.23 23:22,1564.58,0.35,Monday,38.0
53,2020.03.25 04:58,buy,0.01,1609.4,2020.03.25 05:03,1610.12,0.65,Wednesday,5.0
54,2020.03.25 09:25,buy,0.01,1609.15,2020.03.25 09:41,1611.69,2.47,Wednesday,16.0
55,2020.03.25 19:13,buy,0.01,1612.09,2020.03.25 22:00,1614.9,2.74,Wednesday,167.0
56,2020.03.26 05:04,buy,0.01,1604.12,2020.03.26 07:52,1604.87,0.68,Thursday,168.0
57,2020.03.26 11:27,buy,0.01,1615.8,2020.03.26 11:33,1616.28,0.41,Thursday,6.0
58,2020.03.26 16:58,buy,0.01,1636.85,2020.03.26 16:59,1637.02,0.1,Thursday,1.0
59,2020.03.26 22:42,buy,0.01,1625.99,2020.03.26 23:29,1626.28,0.22,Thursday,47.0
60,2020.03.30 07:43,sell,0.01,1618.27,2020.03.30 12:16,1617.17,1.03,Monday,273.0
61,2020.03.30 08:05,buy,0.01,1619.7,2020.03.30 08:24,1619.94,0.17,Monday,19.0
62,2020.03.30 12:54,buy,0.01,1618.34,2020.03.30 13:53,1621.99,3.58,Monday,59.0
63,2020.03.30 20:22,sell,0.01,1621.39,2020.03.30 23:46,1616.59,4.73,Monday,204.0
64,2020.03.31 03:29,sell,0.01,1613.3,2020.03.31 08:44,1605.28,7.95,Tuesday,315.0
65,2020.03.31 04:05,buy,0.01,1614.01,2020.03.31 06:59,1617.95,3.87,Tuesday,174.0
66,2020.03.31 10:42,buy,0.01,1600.48,2020.03.31 12:09,1604.52,3.97,Tuesday,87.0
67,2020.03.31 12:30,sell,0.01,1604.03,2020.03.31 16:33,1600.56,3.4,Tuesday,243.0
68,2020.03.31 20:06,sell,0.01,1576.99,2020.03.31 20:11,1575.89,1.03,Tuesday,5.0
69,2020.04.01 05:59,buy,0.01,1587.89,2020.04.01 06:20,1588.69,0.73,Wednesday,21.0
70,2020.04.01 08:03,sell,0.01,1596.48,2020.04.01 09:09,1596.2,0.21,Wednesday,66.0
71,2020.04.01 10:02,buy,0.01,1594.27,2020.04.02 07:07,1594.44,-1.69,Wednesday,1265.0
72,2020.04.01 13:11,sell,0.01,1584.25,2020.04.01 13:21,1580.1,4.08,Wednesday,10.0
73,2020.04.01 15:39,sell,0.01,1585.88,2020.04.01 16:57,1583.44,2.37,Wednesday,78.0
74,2020.04.01 22:22,sell,0.01,1591.84,2020.04.02 00:31,1590.03,2.99,Wednesday,129.0
75,2020.04.02 10:26,buy,0.01,1589.3,2020.04.02 11:02,1593.96,4.59,Thursday,36.0
76,2020.04.02 11:48,sell,0.01,1592.46,2020.04.03 19:00,1623.51,-30.7,Thursday,1872.0
77,2020.04.02 18:49,buy,0.01,1612.85,2020.04.02 19:05,1616.0,3.08,Thursday,16.0
78,2020.04.06 03:06,buy,0.01,1619.57,2020.04.06 06:08,1620.6,0.96,Monday,182.0
79,2020.04.06 08:26,buy,0.01,1632.4,2020.04.06 08:48,1633.03,0.56,Monday,22.0
80,2020.04.06 13:27,buy,0.01,1638.8,2020.04.06 14:00,1648.71,9.84,Monday,33.0
81,2020.04.06 20:51,buy,0.01,1657.6,2020.04.06 22:17,1661.05,3.38,Monday,86.0
82,2020.04.07 10:00,buy,0.01,1650.64,2020.04.07 11:00,1654.32,3.61,Tuesday,60.0
83,2020.04.07 13:31,buy,0.01,1650.56,2020.04.07 14:35,1654.25,3.62,Tuesday,64.0
84,2020.04.07 17:18,buy,0.01,1653.95,2020.04.07 19:49,1656.4,2.38,Tuesday,151.0
85,2020.04.08 06:06,buy,0.01,1645.63,2020.04.08 07:23,1653.35,7.65,Wednesday,77.0
86,2020.04.08 10:35,buy,0.01,1651.48,2020.04.08 12:47,1653.22,1.67,Wednesday,132.0
87,2020.04.08 15:32,buy,0.01,1649.62,2020.04.08 16:33,1649.79,0.1,Wednesday,61.0
88,2020.04.08 22:58,buy,0.01,1647.28,2020.04.09 04:15,1647.47,-1.67,Wednesday,317.0
89,2020.04.09 08:53,buy,0.01,1657.19,2020.04.09 09:05,1660.62,3.36,Thursday,12.0
90,2020.04.09 11:09,buy,0.01,1661.34,2020.04.09 11:50,1662.65,1.24,Thursday,41.0
91,2020.04.13 22:12,buy,0.01,1712.29,2020.04.13 23:11,1717.14,4.78,Monday,59.0
92,2020.04.14 04:43,buy,0.01,1715.86,2020.04.14 07:57,1723.47,7.54,Tuesday,194.0
93,2020.04.14 20:23,buy,0.01,1726.99,2020.04.15 00:50,1728.43,0.77,Tuesday,267.0
94,2020.04.15 09:33,buy,0.01,1713.09,2020.04.15 10:06,1717.58,4.42,Wednesday,33.0
95,2020.04.15 15:30,buy,0.01,1718.16,2020.04.15 18:05,1718.33,0.1,Wednesday,155.0
96,2020.04.16 05:36,sell,0.01,1715.18,2020.04.16 16:33,1709.2,5.91,Thursday,657.0
97,2020.04.16 10:06,buy,0.01,1721.9,2020.04.16 10:43,1726.13,4.16,Thursday,37.0
98,2020.04.16 13:09,buy,0.01,1724.23,2020.04.16 13:50,1726.2,1.9,Thursday,41.0
99,2020.04.20 14:23,buy,0.01,1685.31,2020.04.20 15:09,1695.83,10.45,Monday,46.0
100,2020.04.20 17:10,buy,0.01,1694.26,2020.04.20 19:36,1694.98,0.65,Monday,146.0
101,2020.04.20 18:23,sell,0.01,1688.5,2020.04.21 04:57,1687.25,1.6,Monday,634.0
102,2020.04.21 08:18,buy,0.01,1693.49,2020.04.22 07:51,1696.69,2.53,Tuesday,1413.0
103,2020.04.21 15:59,sell,0.01,1677.71,2020.04.21 16:01,1677.54,0.1,Tuesday,2.0
104,2020.04.21 22:34,sell,0.01,1686.19,2020.04.22 02:49,1685.07,1.47,Tuesday,255.0
105,2020.04.22 18:11,buy,0.01,1714.88,2020.04.22 20:03,1717.06,2.11,Wednesday,112.0
106,2020.04.23 06:52,buy,0.01,1716.32,2020.04.23 08:05,1718.27,1.88,Thursday,73.0
107,2020.04.23 13:42,buy,0.01,1730.05,2020.04.23 14:12,1732.31,2.19,Thursday,30.0
108,2020.04.23 16:15,buy,0.01,1728.48,2020.04.23 16:45,1728.68,0.13,Thursday,30.0
109,2020.04.27 03:26,buy,0.01,1722.3,2020.05.01 19:00,1702.62,-23.33,Monday,6694.0
110,2020.04.28 09:43,sell,0.01,1710.81,2020.04.28 10:29,1710.64,0.1,Tuesday,46.0
111,2020.04.28 16:44,sell,0.01,1705.14,2020.04.28 19:33,1704.74,0.33,Tuesday,169.0
112,2020.04.29 03:40,sell,0.01,1710.18,2020.04.29 06:31,1710.0,0.11,Wednesday,171.0
113,2020.04.29 14:27,sell,0.01,1702.61,2020.04.29 15:21,1701.17,1.37,Wednesday,54.0
114,2020.04.29 19:06,sell,0.01,1705.23,2020.04.30 12:42,1696.11,10.3,Wednesday,1056.0
115,2020.05.04 03:01,buy,0.01,1697.87,2020.05.04 06:18,1698.84,0.9,Monday,197.0
116,2020.05.04 10:51,sell,0.01,1709.08,2020.05.04 11:20,1705.6,3.41,Monday,29.0
117,2020.05.04 17:39,buy,0.01,1706.3,2020.05.04 18:08,1706.47,0.1,Monday,29.0
118,2020.05.04 20:36,buy,0.01,1703.49,2020.05.05 08:08,1703.66,-0.5,Monday,692.0
119,2020.05.05 05:31,sell,0.01,1701.19,2020.05.05 07:03,1699.14,1.98,Tuesday,92.0
120,2020.05.05 14:11,sell,0.01,1697.09,2020.05.06 12:52,1696.48,0.96,Tuesday,1361.0
121,2020.05.06 03:04,buy,0.01,1702.84,2020.05.06 05:01,1703.01,0.1,Wednesday,117.0
122,2020.05.07 05:37,sell,0.01,1690.98,2020.05.07 06:01,1687.76,3.15,Thursday,24.0
123,2020.05.07 13:39,buy,0.01,1696.07,2020.05.07 14:08,1696.34,0.2,Thursday,29.0
124,2020.05.07 14:16,sell,0.01,1697.93,2020.05.08 19:00,1705.03,-6.75,Thursday,1724.0
125,2020.05.11 04:01,buy,0.01,1708.12,2020.05.12 15:02,1708.88,0.09,Monday,2101.0
126,2020.05.11 05:19,sell,0.01,1704.16,2020.05.11 05:30,1703.69,0.4,Monday,11.0
127,2020.05.11 09:39,sell,0.01,1701.96,2020.05.11 10:00,1701.79,0.1,Monday,21.0
128,2020.05.11 20:39,sell,0.01,1698.05,2020.05.11 22:56,1696.6,1.38,Monday,137.0
129,2020.05.12 22:22,sell,0.01,1704.43,2020.05.13 01:58,1703.6,1.18,Tuesday,216.0
130,2020.05.13 03:22,buy,0.01,1701.55,2020.05.13 05:01,1703.21,1.59,Wednesday,99.0
131,2020.05.13 11:15,buy,0.01,1706.11,2020.05.13 12:05,1707.58,1.4,Wednesday,50.0
132,2020.05.13 14:16,buy,0.01,1709.21,2020.05.13 15:20,1714.07,4.79,Wednesday,64.0
133,2020.05.13 20:23,buy,0.01,1715.42,2020.05.13 23:42,1717.4,1.91,Wednesday,199.0
134,2020.05.14 03:54,buy,0.01,1713.35,2020.05.14 06:27,1714.96,1.54,Thursday,153.0
135,2020.05.14 10:59,buy,0.01,1715.5,2020.05.14 12:54,1718.07,2.5,Thursday,115.0
136,2020.05.14 17:18,buy,0.01,1731.02,2020.05.14 19:06,1732.74,1.65,Thursday,108.0
137,2020.05.14 22:17,buy,0.01,1729.42,2020.05.14 23:30,1732.02,2.53,Thursday,73.0
138,2020.05.18 07:23,buy,0.01,1760.92,2020.05.18 10:22,1763.11,2.12,Monday,179.0
139,2020.05.18 19:54,sell,0.01,1731.72,2020.05.19 06:32,1731.55,0.52,Monday,638.0
140,2020.05.19 03:50,buy,0.01,1736.9,2020.05.19 09:20,1737.12,0.15,Tuesday,330.0
141,2020.05.19 08:55,sell,0.01,1736.58,2020.05.19 10:40,1736.01,0.5,Tuesday,105.0
142,2020.05.19 22:25,buy,0.02,1744.62,2020.05.20 00:17,1744.85,-0.87,Tuesday,112.0
143,2020.05.20 07:33,buy,0.02,1751.29,2020.05.20 12:08,1751.66,0.6,Wednesday,275.0
144,2020.05.20 17:22,buy,0.02,1747.71,2020.05.20 17:45,1749.78,4.0,Wednesday,23.0
145,2020.05.20 20:08,buy,0.02,1749.51,2020.05.22 19:00,1734.99,-33.95,Wednesday,2812.0
146,2020.05.21 17:21,sell,0.02,1723.27,2020.05.21 17:58,1723.1,0.2,Thursday,37.0
147,2020.05.21 20:03,sell,0.02,1725.53,2020.05.22 19:00,1735.19,-18.62,Thursday,1377.0
148,2020.05.25 04:57,buy,0.02,1727.01,2020.05.25 07:55,1727.54,0.92,Monday,178.0
149,2020.05.25 07:25,sell,0.02,1726.84,2020.05.25 13:38,1723.57,6.4,Monday,373.0
150,2020.05.26 08:22,sell,0.02,1728.32,2020.05.26 08:42,1727.32,1.86,Tuesday,20.0
151,2020.05.26 12:21,buy,0.02,1727.97,2020.05.29 11:43,1728.35,-5.34,Tuesday,4282.0
152,2020.05.26 15:03,sell,0.02,1712.09,2020.05.26 15:16,1710.72,2.6,Tuesday,13.0
153,2020.05.26 18:30,sell,0.02,1713.52,2020.05.26 19:39,1710.84,5.22,Tuesday,69.0
154,2020.05.27 16:52,sell,0.02,1706.2,2020.05.29 19:00,1731.16,-46.72,Wednesday,3008.0
155,2020.06.01 10:31,buy,0.02,1735.67,2020.06.01 14:54,1736.49,1.5,Monday,263.0
156,2020.06.02 05:46,buy,0.02,1738.48,2020.06.02 06:00,1738.78,0.46,Tuesday,14.0
157,2020.06.02 15:19,buy,0.02,1738.48,2020.06.03 20:00,1697.45,-83.39,Tuesday,1721.0
158,2020.06.02 17:04,sell,0.02,1725.01,2020.06.03 00:01,1722.16,6.4,Tuesday,417.0
159,2020.06.03 05:41,sell,0.02,1723.5,2020.06.03 06:36,1723.33,0.2,Wednesday,55.0
160,2020.06.03 19:59,sell,0.02,1697.61,2020.06.05 12:30,1694.05,10.32,Wednesday,2431.0
161,2020.06.04 17:20,buy,0.02,1717.8,2020.06.04 17:26,1720.36,4.98,Thursday,6.0
162,2020.06.09 04:51,sell,0.02,1695.99,2020.06.09 06:28,1694.29,3.26,Tuesday,97.0
163,2020.06.09 06:51,buy,0.02,1695.45,2020.06.09 07:44,1700.58,10.12,Tuesday,53.0
164,2020.06.09 11:28,buy,0.02,1709.88,2020.06.09 12:27,1711.19,2.48,Tuesday,59.0
165,2020.06.09 15:39,buy,0.02,1718.0,2020.06.10 06:00,1718.17,-0.99,Tuesday,861.0
166,2020.06.10 07:43,sell,0.02,1717.58,2020.06.10 10:40,1717.41,0.2,Wednesday,177.0
167,2020.06.10 13:45,sell,0.02,1722.61,2020.06.10 14:44,1720.65,3.78,Wednesday,59.0
168,2020.06.10 15:25,buy,0.02,1716.27,2020.06.10 18:14,1726.86,21.04,Wednesday,169.0
169,2020.06.11 10:26,buy,0.02,1732.05,2020.06.11 12:56,1732.44,0.64,Thursday,150.0
170,2020.06.11 16:09,buy,0.02,1736.52,2020.06.12 10:50,1736.69,-0.99,Thursday,1121.0
171,2020.06.15 03:23,buy,0.02,1729.49,2020.06.16 02:30,1730.34,0.37,Monday,1387.0
172,2020.06.15 08:09,sell,0.02,1721.2,2020.06.15 09:38,1713.87,14.52,Monday,89.0
173,2020.06.15 12:30,sell,0.02,1710.57,2020.06.15 12:35,1709.59,1.82,Monday,5.0
174,2020.06.15 19:38,sell,0.02,1725.62,2020.06.16 00:00,1725.45,1.04,Monday,262.0
175,2020.06.16 06:53,buy,0.02,1725.82,2020.06.16 07:46,1728.14,4.5,Tuesday,53.0
176,2020.06.16 18:45,buy,0.02,1726.88,2020.06.17 00:30,1727.17,-0.75,Tuesday,345.0
177,2020.06.17 10:01,buy,0.02,1715.79,2020.06.17 11:40,1718.88,6.04,Wednesday,99.0
178,2020.06.17 12:30,sell,0.02,1717.42,2020.06.19 19:00,1741.04,-44.04,Wednesday,3270.0
179,2020.06.17 20:28,buy,0.02,1728.2,2020.06.18 08:56,1730.12,0.12,Wednesday,748.0
180,2020.06.22 03:05,buy,0.02,1751.43,2020.06.22 05:31,1752.39,1.78,Monday,146.0
181,2020.06.22 22:16,buy,0.02,1754.4,2020.06.22 23:36,1754.99,1.04,Monday,80.0
182,2020.06.23 22:29,buy,0.02,1768.99,2020.06.24 00:24,1771.74,4.17,Tuesday,115.0
183,2020.06.24 05:41,buy,0.02,1770.88,2020.06.24 08:24,1772.04,2.18,Wednesday,163.0
184,2020.06.24 13:50,buy,0.02,1770.78,2020.06.24 14:53,1772.72,3.74,Wednesday,63.0
185,2020.06.24 22:34,sell,0.02,1762.74,2020.06.25 02:20,1761.48,4.89,Wednesday,226.0
186,2020.06.25 14:30,buy,0.02,1760.23,2020.06.25 16:11,1762.45,4.3,Thursday,101.0
187,2020.06.25 19:47,buy,0.02,1763.09,2020.06.25 23:20,1764.7,3.08,Thursday,213.0
188,2020.06.30 04:50,buy,0.02,1771.65,2020.06.30 06:34,1772.14,0.84,Tuesday,104.0
189,2020.06.30 10:12,buy,0.02,1771.1,2020.06.30 14:19,1773.21,4.08,Tuesday,247.0
190,2020.06.30 16:42,buy,0.02,1783.15,2020.07.01 03:55,1783.32,-0.99,Tuesday,673.0
191,2020.07.01 12:48,buy,0.02,1778.8,2020.07.06 12:21,1781.54,-0.62,Wednesday,7173.0
192,2020.07.01 16:17,sell,0.02,1766.68,2020.07.02 05:25,1766.14,3.45,Wednesday,788.0
193,2020.07.06 03:03,sell,0.02,1773.95,2020.07.06 04:25,1772.31,3.14,Monday,82.0
194,2020.07.06 16:48,buy,0.02,1782.67,2020.07.06 18:43,1784.62,3.76,Monday,115.0
195,2020.07.07 06:42,buy,0.02,1784.45,2020.07.07 13:58,1784.82,0.6,Tuesday,436.0
196,2020.07.07 10:10,sell,0.02,1775.61,2020.07.10 19:00,1799.86,-44.46,Tuesday,4850.0
197,2020.07.07 22:50,buy,0.02,1794.75,2020.07.08 08:08,1797.91,4.99,Tuesday,558.0
198,2020.07.08 15:46,buy,0.02,1810.6,2020.07.08 17:25,1812.13,2.92,Wednesday,99.0
199,2020.07.09 06:36,buy,0.02,1810.74,2020.07.09 09:00,1814.45,7.28,Thursday,144.0
200,2020.07.09 22:14,buy,0.02,1802.13,2020.07.09 23:59,1803.63,2.86,Thursday,105.0
201,2020.07.13 12:59,buy,0.02,1808.04,2020.07.13 13:16,1808.99,1.76,Monday,17.0
202,2020.07.13 17:24,buy,0.02,1810.51,2020.07.15 08:36,1812.97,2.39,Monday,2352.0
203,2020.07.14 09:15,sell,0.02,1799.73,2020.07.14 10:18,1792.12,15.08,Tuesday,63.0
204,2020.07.15 13:01,buy,0.02,1807.76,2020.07.15 14:41,1810.77,5.88,Wednesday,100.0
205,2020.07.15 17:47,buy,0.02,1812.03,2020.07.16 00:06,1812.45,-2.88,Wednesday,379.0
206,2020.07.16 09:53,buy,0.02,1805.08,2020.07.16 11:37,1805.9,1.5,Thursday,104.0
207,2020.07.16 15:03,buy,0.02,1808.05,2020.07.17 13:24,1808.27,-0.89,Thursday,1341.0
208,2020.07.20 08:00,buy,0.02,1810.11,2020.07.20 09:19,1810.74,1.12,Monday,79.0
209,2020.07.20 11:52,buy,0.02,1814.38,2020.07.20 12:35,1815.91,2.92,Monday,43.0
210,2020.07.20 20:32,buy,0.02,1818.0,2020.07.21 03:26,1818.55,-0.23,Monday,414.0
211,2020.07.22 07:58,buy,0.02,1854.09,2020.07.22 10:05,1855.16,2.0,Wednesday,127.0
212,2020.07.23 10:39,buy,0.02,1881.55,2020.07.23 14:41,1888.09,12.94,Thursday,242.0
213,2020.07.23 18:59,buy,0.02,1888.21,2020.07.23 22:12,1888.38,0.2,Thursday,193.0
214,2020.07.27 10:58,buy,0.02,1942.66,2020.07.27 11:03,1943.62,1.78,Monday,5.0
215,2020.07.27 13:20,buy,0.02,1936.25,2020.07.27 13:50,1942.12,11.6,Monday,30.0
216,2020.07.27 16:35,buy,0.02,1937.92,2020.07.27 18:01,1939.31,2.64,Monday,86.0
217,2020.07.28 10:39,buy,0.02,1929.97,2020.07.28 11:38,1931.48,2.88,Tuesday,59.0
218,2020.07.28 17:09,buy,0.02,1947.39,2020.07.28 18:00,1952.91,10.9,Tuesday,51.0
219,2020.07.29 05:11,buy,0.02,1951.65,2020.07.29 06:16,1954.99,6.54,Wednesday,65.0
220,2020.07.29 09:19,buy,0.02,1958.87,2020.07.29 13:06,1960.0,2.12,Wednesday,227.0
221,2020.07.30 10:22,buy,0.02,1952.32,2020.07.30 10:46,1954.09,3.4,Thursday,24.0
222,2020.07.30 15:19,sell,0.02,1941.58,2020.07.31 19:00,1971.65,-59.44,Thursday,1661.0
223,2020.07.30 18:50,buy,0.02,1953.39,2020.07.30 19:35,1955.07,3.22,Thursday,45.0
224,2020.08.03 07:14,buy,0.02,1972.41,2020.08.03 14:54,1972.77,0.58,Monday,460.0
225,2020.08.04 04:16,buy,0.02,1973.04,2020.08.04 06:07,1975.33,4.44,Tuesday,111.0
226,2020.08.04 16:41,buy,0.02,1995.46,2020.08.04 17:16,2003.17,15.28,Tuesday,35.0
227,2020.08.05 11:58,buy,0.02,2042.79,2020.08.05 13:42,2044.58,3.44,Wednesday,104.0
228,2020.08.05 16:48,buy,0.02,2033.87,2020.08.05 17:30,2034.43,0.98,Wednesday,42.0
229,2020.08.05 22:50,buy,0.02,2039.51,2020.08.06 01:01,2041.57,0.4,Wednesday,131.0
230,2020.08.06 04:40,buy,0.02,2043.64,2020.08.06 05:10,2044.94,2.46,Thursday,30.0
231,2020.08.06 12:51,buy,0.02,2056.9,2020.08.06 13:18,2057.17,0.4,Thursday,27.0
232,2020.08.06 20:04,buy,0.02,2063.2,2020.08.06 20:51,2065.04,3.54,Thursday,47.0
233,2020.08.10 05:09,sell,0.02,2029.38,2020.08.10 16:24,2029.13,0.36,Monday,675.0
234,2020.08.10 08:16,buy,0.02,2032.08,2020.08.10 08:32,2032.79,1.28,Monday,16.0
235,2020.08.10 11:40,buy,0.02,2030.95,2020.08.10 12:06,2032.55,3.06,Monday,26.0
236,2020.08.10 18:31,sell,0.02,2025.85,2020.08.10 18:36,2025.22,1.12,Monday,5.0
237,2020.08.10 18:39,buy,0.02,2024.34,2020.08.10 22:02,2027.35,5.88,Monday,203.0
238,2020.08.10 22:58,sell,0.02,2028.45,2020.08.11 00:12,2025.51,6.58,Monday,74.0
239,2020.08.11 06:56,buy,0.02,1998.5,2020.08.11 07:32,2001.85,6.56,Tuesday,36.0
240,2020.08.11 09:47,sell,0.02,1994.3,2020.08.11 10:06,1991.82,4.82,Tuesday,19.0
241,2020.08.11 17:39,buy,0.02,1937.22,2020.08.12 04:00,1885.05,-105.67,Tuesday,621.0
242,2020.08.12 10:08,sell,0.01,1931.32,2020.08.12 11:23,1930.26,0.99,Wednesday,75.0
243,2020.08.13 06:20,sell,0.01,1930.39,2020.08.13 07:38,1930.06,0.26,Thursday,78.0
244,2020.08.13 18:54,buy,0.01,1946.71,2020.08.13 19:02,1948.47,1.69,Thursday,8.0
245,2020.08.13 19:21,sell,0.01,1946.68,2020.08.14 02:58,1946.47,0.56,Thursday,457.0
246,2020.08.17 05:04,sell,0.01,1943.4,2020.08.19 18:17,1940.4,3.77,Monday,3673.0
247,2020.08.17 18:18,buy,0.01,1982.59,2020.08.17 20:00,1983.71,1.05,Monday,102.0
248,2020.08.17 22:29,buy,0.01,1981.48,2020.08.18 01:02,1985.83,3.68,Monday,153.0
249,2020.08.18 05:06,buy,0.01,1991.36,2020.08.18 05:50,1997.49,6.06,Tuesday,44.0
250,2020.08.20 06:27,sell,0.01,1949.63,2020.08.20 06:51,1943.93,5.63,Thursday,24.0
251,2020.08.20 15:15,sell,0.01,1941.62,2020.08.20 17:15,1939.0,2.55,Thursday,120.0
252,2020.08.24 03:04,sell,0.01,1935.52,2020.08.24 04:06,1932.6,2.85,Monday,62.0
253,2020.08.24 12:13,buy,0.01,1956.38,2020.08.24 12:19,1960.13,3.68,Monday,6.0
254,2020.08.24 13:17,sell,0.01,1945.24,2020.08.24 13:22,1943.49,1.68,Monday,5.0
255,2020.08.25 07:38,sell,0.01,1933.06,2020.08.25 08:26,1926.5,6.49,Tuesday,48.0
256,2020.08.25 13:24,sell,0.01,1928.66,2020.08.25 13:46,1926.72,1.87,Tuesday,22.0
257,2020.08.25 20:31,sell,0.01,1927.85,2020.08.26 00:53,1927.68,0.52,Tuesday,262.0
258,2020.08.26 06:51,sell,0.01,1918.88,2020.08.26 07:11,1915.64,3.17,Wednesday,20.0
259,2020.08.26 09:20,sell,0.01,1921.14,2020.08.26 12:23,1911.1,9.97,Wednesday,183.0
260,2020.08.26 22:34,buy,0.01,1951.71,2020.08.27 13:15,1963.02,9.45,Wednesday,881.0
261,2020.08.27 16:08,sell,0.01,1928.99,2020.08.27 17:02,1923.26,5.66,Thursday,54.0
262,2020.08.27 20:04,sell,0.01,1930.17,2020.08.27 20:56,1929.0,1.1,Thursday,52.0
263,2020.08.31 18:32,buy,0.01,1968.31,2020.09.01 00:24,1968.89,-0.09,Monday,352.0
264,2020.09.01 06:50,buy,0.01,1985.41,2020.09.01 07:09,1987.8,2.32,Tuesday,19.0
265,2020.09.01 09:34,buy,0.01,1988.01,2020.09.01 10:41,1988.94,0.86,Tuesday,67.0
266,2020.09.01 13:27,buy,0.01,1989.73,2020.09.04 19:00,1935.8,-56.98,Tuesday,4653.0
267,2020.09.02 09:42,sell,0.01,1969.08,2020.09.02 11:03,1963.11,5.9,Wednesday,81.0
268,2020.09.02 18:50,sell,0.01,1940.58,2020.09.03 05:03,1937.55,4.21,Wednesday,613.0
269,2020.09.03 12:58,sell,0.01,1932.23,2020.09.03 15:21,1924.86,7.3,Thursday,143.0
270,2020.09.03 20:41,sell,0.01,1929.79,2020.09.03 23:59,1927.7,2.02,Thursday,198.0
271,2020.09.07 03:35,buy,0.01,1936.57,2020.09.08 17:00,1938.17,0.93,Monday,2245.0
272,2020.09.07 22:23,sell,0.01,1930.88,2020.09.08 00:41,1926.96,4.27,Monday,138.0
273,2020.09.08 05:17,sell,0.01,1925.82,2020.09.08 09:04,1924.18,1.57,Tuesday,227.0
274,2020.09.08 11:06,sell,0.01,1916.68,2020.09.08 11:50,1912.83,3.78,Tuesday,44.0
275,2020.09.09 17:07,sell,0.01,1948.67,2020.09.09 18:25,1946.56,2.04,Wednesday,78.0
276,2020.09.10 03:44,buy,0.01,1946.5,2020.09.10 05:31,1947.13,0.56,Thursday,107.0
277,2020.09.10 07:49,sell,0.01,1945.32,2020.09.10 19:21,1945.15,0.1,Thursday,692.0
278,2020.09.10 15:12,buy,0.01,1957.7,2020.09.11 19:00,1940.89,-17.48,Thursday,1668.0
279,2020.09.14 05:15,buy,0.01,1946.42,2020.09.14 12:13,1947.09,0.6,Monday,418.0
280,2020.09.14 12:41,sell,0.01,1949.83,2020.09.17 01:58,1949.63,2.22,Monday,3677.0
281,2020.09.14 22:10,buy,0.01,1957.28,2020.09.15 00:10,1957.45,-0.5,Monday,120.0
282,2020.09.15 18:27,buy,0.01,1954.58,2020.09.15 22:45,1954.75,0.1,Tuesday,258.0
283,2020.09.16 06:31,buy,0.01,1958.05,2020.09.16 07:30,1963.33,5.21,Wednesday,59.0
284,2020.09.16 09:55,buy,0.01,1964.25,2020.09.16 12:13,1965.61,1.29,Wednesday,138.0
285,2020.09.16 16:28,buy,0.01,1966.07,2020.09.16 18:42,1968.47,2.33,Wednesday,134.0
286,2020.09.17 03:39,buy,0.01,1939.59,2020.09.17 05:21,1943.93,4.27,Thursday,102.0
287,2020.09.17 04:45,sell,0.01,1939.15,2020.09.17 09:37,1938.98,0.1,Thursday,292.0
288,2020.09.17 15:12,buy,0.01,1946.69,2020.09.17 15:17,1947.64,0.88,Thursday,5.0
289,2020.09.17 16:54,sell,0.01,1943.94,2020.09.18 19:00,1951.64,-7.35,Thursday,1566.0
290,2020.09.21 05:34,buy,0.01,1952.63,2020.09.21 07:17,1953.14,0.44,Monday,103.0
291,2020.09.21 17:53,sell,0.01,1909.1,2020.09.21 18:50,1908.9,0.13,Monday,57.0
292,2020.09.21 22:20,sell,0.01,1913.16,2020.09.22 01:21,1908.97,4.54,Monday,181.0
293,2020.09.22 04:29,sell,0.01,1914.1,2020.09.22 05:47,1910.19,3.84,Tuesday,78.0
294,2020.09.22 09:15,sell,0.01,1903.68,2020.09.22 15:01,1901.96,1.65,Tuesday,346.0
295,2020.09.23 07:26,sell,0.01,1880.69,2020.09.23 07:56,1876.8,3.82,Wednesday,30.0
296,2020.09.23 15:40,sell,0.01,1867.3,2020.09.23 15:45,1866.33,0.9,Wednesday,5.0
297,2020.09.24 10:24,sell,0.01,1853.87,2020.09.24 12:47,1853.7,0.1,Thursday,143.0
298,2020.09.28 05:59,sell,0.01,1856.78,2020.09.28 08:25,1855.54,1.17,Monday,146.0
299,2020.09.28 10:44,sell,0.01,1858.06,2020.10.02 19:00,1903.32,-42.82,Monday,6256.0
300,2020.09.28 17:20,buy,0.01,1877.4,2020.09.28 17:35,1878.55,1.08,Monday,15.0
301,2020.09.29 06:15,buy,0.01,1879.58,2020.09.29 07:01,1882.74,3.09,Tuesday,46.0
302,2020.09.29 18:16,buy,0.01,1896.15,2020.09.29 20:43,1897.71,1.49,Tuesday,147.0
303,2020.10.01 04:51,buy,0.01,1894.34,2020.10.01 06:25,1895.86,1.45,Thursday,94.0
304,2020.10.01 11:42,buy,0.01,1899.52,2020.10.01 11:48,1900.72,1.13,Thursday,6.0
305,2020.10.01 18:13,buy,0.01,1905.68,2020.10.01 19:22,1905.85,0.1,Thursday,69.0
306,2020.10.05 09:57,buy,0.01,1900.85,2020.10.05 12:16,1904.61,3.69,Monday,139.0
307,2020.10.06 06:40,buy,0.01,1910.7,2020.10.06 07:11,1912.76,1.99,Tuesday,31.0
308,2020.10.06 15:40,buy,0.01,1910.36,2020.10.09 03:45,1911.37,-2.04,Tuesday,3605.0
309,2020.10.07 06:05,sell,0.01,1885.83,2020.10.07 11:11,1884.54,1.22,Wednesday,306.0
310,2020.10.07 17:12,sell,0.01,1886.64,2020.10.08 00:10,1885.38,2.44,Wednesday,418.0
311,2020.10.08 04:40,sell,0.01,1885.07,2020.10.08 14:33,1884.9,0.1,Thursday,593.0
312,2020.10.08 19:08,sell,0.01,1892.46,2020.10.09 19:00,1928.26,-35.45,Thursday,1432.0
313,2020.10.12 04:08,buy,0.01,1927.36,2020.10.12 04:50,1929.09,1.66,Monday,42.0
314,2020.10.12 07:48,buy,0.01,1924.67,2020.10.12 12:20,1925.49,0.75,Monday,272.0
315,2020.10.12 20:45,buy,0.01,1922.85,2020.10.12 23:00,1923.65,0.73,Monday,135.0
316,2020.10.13 03:14,sell,0.01,1911.84,2020.10.13 04:32,1910.91,0.86,Tuesday,78.0
317,2020.10.13 06:55,buy,0.01,1917.38,2020.10.13 07:54,1919.01,1.56,Tuesday,59.0
318,2020.10.13 07:08,sell,0.01,1915.84,2020.10.13 12:56,1911.26,4.51,Tuesday,348.0
319,2020.10.13 10:04,buy,0.01,1920.84,2020.10.13 12:23,1921.54,0.63,Tuesday,139.0
320,2020.10.13 15:06,buy,0.01,1891.63,2020.10.13 16:02,1893.36,1.66,Tuesday,56.0
321,2020.10.13 17:41,sell,0.01,1890.27,2020.10.14 01:22,1884.86,5.76,Tuesday,461.0
322,2020.10.14 05:53,buy,0.02,1894.84,2020.10.14 06:36,1896.28,2.74,Wednesday,43.0
323,2020.10.14 09:19,sell,0.02,1897.79,2020.10.14 09:50,1896.73,1.98,Wednesday,31.0
324,2020.10.14 16:47,buy,0.02,1900.95,2020.10.14 19:25,1903.56,5.08,Wednesday,158.0
325,2020.10.15 04:01,sell,0.02,1897.83,2020.10.15 06:08,1897.66,0.2,Thursday,127.0
326,2020.10.15 12:55,sell,0.02,1895.12,2020.10.16 19:00,1903.71,-16.48,Thursday,1805.0
327,2020.10.15 17:23,buy,0.02,1904.06,2020.10.15 17:45,1906.61,4.96,Thursday,22.0
328,2020.10.19 09:27,buy,0.02,1910.45,2020.10.19 10:43,1911.58,2.12,Monday,76.0
329,2020.10.19 18:20,buy,0.02,1906.23,2020.10.20 09:47,1906.45,-0.89,Monday,927.0
330,2020.10.19 18:42,sell,0.02,1905.72,2020.10.19 19:10,1902.87,5.56,Monday,28.0
331,2020.10.20 05:16,sell,0.02,1902.41,2020.10.20 05:51,1901.32,2.04,Tuesday,35.0
332,2020.10.20 20:07,buy,0.02,1909.82,2020.10.20 23:03,1910.9,2.02,Tuesday,176.0
333,2020.10.21 05:49,buy,0.02,1916.97,2020.10.21 06:49,1918.58,3.08,Wednesday,60.0
334,2020.10.22 06:01,sell,0.02,1914.56,2020.10.22 12:14,1906.14,16.7,Thursday,373.0
335,2020.10.22 08:35,buy,0.02,1918.76,2020.10.23 19:00,1902.01,-34.83,Thursday,2065.0
336,2020.10.22 16:29,sell,0.02,1901.74,2020.10.23 14:26,1901.4,1.38,Thursday,1317.0
337,2020.10.26 07:05,sell,0.02,1897.73,2020.10.28 10:45,1897.56,1.87,Monday,3100.0
338,2020.10.26 14:49,buy,0.02,1905.5,2020.10.27 01:34,1906.38,0.43,Monday,645.0
339,2020.10.27 19:31,buy,0.02,1906.8,2020.10.28 05:10,1907.79,0.65,Tuesday,579.0
340,2020.10.28 15:33,sell,0.02,1876.92,2020.10.28 20:24,1876.64,0.42,Wednesday,291.0
341,2020.10.29 03:39,sell,0.02,1880.51,2020.10.29 08:09,1879.83,1.22,Thursday,270.0
342,2020.10.29 11:10,sell,0.02,1877.97,2020.10.29 11:44,1876.79,2.22,Thursday,34.0
343,2020.10.29 13:49,sell,0.02,1865.85,2020.10.30 19:00,1879.99,-27.58,Thursday,1751.0
344,2020.11.02 06:55,buy,0.02,1884.77,2020.11.02 07:57,1885.07,0.46,Monday,62.0
345,2020.11.02 09:27,sell,0.02,1886.33,2020.11.04 01:00,1882.34,9.51,Monday,2373.0
346,2020.11.02 16:41,buy,0.02,1891.57,2020.11.02 18:00,1892.8,2.32,Monday,79.0
347,2020.11.03 09:22,buy,0.02,1897.42,2020.11.03 09:41,1898.28,1.58,Tuesday,19.0
348,2020.11.04 05:58,buy,0.02,1897.86,2020.11.04 12:04,1902.65,9.44,Wednesday,366.0
349,2020.11.04 09:02,sell,0.02,1893.73,2020.11.04 10:47,1888.93,9.46,Wednesday,105.0
350,2020.11.05 10:14,buy,0.02,1916.85,2020.11.05 10:30,1917.02,0.2,Thursday,16.0
351,2020.11.09 21:07,buy,0.02,1865.7,2020.11.10 00:19,1873.32,13.91,Monday,192.0
352,2020.11.10 03:59,sell,0.02,1880.9,2020.11.10 05:50,1880.5,0.66,Tuesday,111.0
353,2020.11.10 11:36,sell,0.02,1876.8,2020.11.10 13:41,1875.18,3.1,Tuesday,125.0
354,2020.11.10 16:30,sell,0.02,1884.23,2020.11.10 18:37,1876.32,15.68,Tuesday,127.0
355,2020.11.11 06:00,sell,0.02,1881.89,2020.11.11 07:17,1878.97,5.7,Wednesday,77.0
356,2020.11.11 15:50,sell,0.02,1864.47,2020.11.11 17:34,1863.08,2.64,Wednesday,104.0
357,2020.11.12 07:56,sell,0.02,1869.17,2020.11.12 08:27,1864.8,8.6,Thursday,31.0
358,2020.11.12 11:41,sell,0.02,1871.73,2020.11.12 13:08,1870.72,1.88,Thursday,87.0
359,2020.11.16 04:06,buy,0.02,1895.24,2020.11.20 19:00,1873.64,-50.5,Monday,6654.0
360,2020.11.17 03:05,sell,0.02,1891.76,2020.11.17 04:36,1888.67,6.04,Tuesday,91.0
361,2020.11.17 10:21,sell,0.02,1889.82,2020.11.17 10:39,1887.71,4.08,Tuesday,18.0
362,2020.11.18 04:41,sell,0.02,1879.31,2020.11.18 06:15,1877.79,2.9,Wednesday,94.0
363,2020.11.19 04:10,sell,0.02,1868.12,2020.11.19 05:45,1859.75,16.6,Thursday,95.0
364,2020.11.19 12:31,sell,0.02,1861.92,2020.11.19 13:40,1854.27,15.16,Thursday,69.0
365,2020.11.23 04:32,buy,0.02,1872.9,2020.11.23 05:16,1873.58,1.22,Monday,44.0
366,2020.11.23 12:22,sell,0.02,1868.17,2020.11.23 13:32,1865.21,5.78,Monday,70.0
367,2020.11.23 17:23,sell,0.02,1838.41,2020.11.23 19:35,1838.24,0.2,Monday,132.0
368,2020.11.24 03:51,sell,0.02,1825.29,2020.11.24 09:00,1825.12,0.2,Tuesday,309.0
369,2020.11.24 15:09,sell,0.02,1803.42,2020.11.24 15:15,1803.25,0.2,Tuesday,6.0
370,2020.11.24 20:00,sell,0.02,1803.77,2020.11.25 04:17,1803.52,1.2,Tuesday,497.0
371,2020.11.25 12:12,sell,0.02,1812.37,2020.11.25 15:11,1812.2,0.2,Wednesday,179.0
372,2020.11.26 03:19,sell,0.02,1811.16,2020.11.26 04:41,1810.48,1.22,Thursday,82.0
373,2020.11.26 11:35,sell,0.02,1814.0,2020.11.26 12:45,1813.15,1.56,Thursday,70.0
374,2020.11.26 15:52,sell,0.02,1809.29,2020.11.27 02:59,1809.12,1.04,Thursday,667.0
375,2020.11.30 04:53,sell,0.02,1771.27,2020.11.30 05:06,1768.88,4.64,Monday,13.0
376,2020.11.30 07:08,sell,0.02,1774.9,2020.11.30 09:53,1774.21,1.24,Monday,165.0
377,2020.11.30 19:05,sell,0.02,1779.94,2020.11.30 20:42,1777.54,4.66,Monday,97.0
378,2020.12.01 06:53,buy,0.02,1785.85,2020.12.01 08:01,1789.79,7.74,Tuesday,68.0
379,2020.12.01 10:57,sell,0.02,1798.22,2020.12.04 19:00,1835.6,-70.72,Tuesday,4803.0
380,2020.12.02 14:11,buy,0.02,1819.32,2020.12.02 15:22,1821.81,4.84,Wednesday,71.0
381,2020.12.03 09:54,buy,0.02,1837.31,2020.12.03 11:38,1840.19,5.62,Thursday,104.0
382,2020.12.03 20:38,buy,0.02,1839.52,2020.12.03 21:15,1841.29,3.4,Thursday,37.0
383,2020.12.07 09:37,sell,0.02,1830.62,2020.12.09 19:00,1827.06,8.65,Monday,3443.0
384,2020.12.07 10:20,buy,0.02,1832.11,2020.12.07 10:23,1832.48,0.6,Monday,3.0
385,2020.12.07 17:44,buy,0.02,1865.17,2020.12.08 02:27,1865.34,-0.99,Monday,523.0
386,2020.12.08 05:54,buy,0.02,1867.84,2020.12.08 13:47,1868.67,1.52,Tuesday,473.0
387,2020.12.09 12:20,buy,0.02,1857.55,2020.12.09 13:12,1860.89,6.54,Wednesday,52.0
388,2020.12.09 19:19,buy,0.02,1829.33,2020.12.09 21:14,1838.31,17.82,Wednesday,115.0
389,2020.12.10 07:17,buy,0.02,1836.46,2020.12.10 10:54,1837.13,1.2,Thursday,217.0
390,2020.12.10 14:15,sell,0.02,1842.99,2020.12.10 15:39,1840.55,4.74,Thursday,84.0
391,2020.12.10 14:29,buy,0.02,1842.41,2020.12.10 14:41,1847.19,9.42,Thursday,12.0
392,2020.12.14 12:04,sell,0.02,1827.76,2020.12.14 13:00,1824.97,5.44,Monday,56.0
393,2020.12.14 18:43,sell,0.02,1827.95,2020.12.14 20:14,1826.61,2.54,Monday,91.0
394,2020.12.15 11:24,buy,0.02,1843.71,2020.12.16 04:00,1857.28,25.81,Tuesday,996.0
395,2020.12.16 06:16,buy,0.02,1856.25,2020.12.16 06:47,1857.13,1.62,Wednesday,31.0
396,2020.12.16 12:55,buy,0.02,1857.93,2020.12.16 20:01,1861.64,7.28,Wednesday,426.0
397,2020.12.17 06:34,buy,0.02,1870.81,2020.12.17 07:26,1871.48,1.2,Thursday,52.0
398,2020.12.17 16:34,buy,0.02,1887.98,2020.12.18 13:43,1888.15,-0.99,Thursday,1269.0
399,2020.12.21 14:20,sell,0.02,1881.98,2020.12.21 14:31,1881.78,0.26,Monday,11.0
400,2020.12.21 17:16,sell,0.02,1882.13,2020.12.21 18:29,1877.25,9.62,Monday,73.0
401,2020.12.21 19:47,buy,0.02,1878.41,2020.12.21 23:25,1879.58,2.2,Monday,218.0
402,2020.12.21 20:58,sell,0.02,1875.91,2020.12.22 06:08,1874.66,3.2,Monday,550.0
403,2020.12.22 09:34,sell,0.02,1870.92,2020.12.22 16:00,1862.64,16.42,Tuesday,386.0
404,2020.12.22 16:34,buy,0.02,1866.95,2020.12.23 07:20,1867.17,-0.89,Tuesday,886.0
405,2020.12.23 03:17,sell,0.02,1864.71,2020.12.23 06:23,1864.54,0.2,Wednesday,186.0
406,2020.12.23 07:26,sell,0.02,1867.29,2020.12.23 10:49,1866.99,0.46,Wednesday,203.0
407,2020.12.23 15:39,buy,0.02,1874.55,2020.12.24 02:47,1878.31,3.8,Wednesday,668.0
408,2020.12.24 06:16,buy,0.02,1875.93,2020.12.24 07:05,1876.1,0.2,Thursday,49.0
409,2020.12.24 11:22,buy,0.02,1874.8,2020.12.24 12:08,1874.99,0.24,Thursday,46.0
410,2020.12.24 16:27,buy,0.02,1878.73,2020.12.24 17:30,1879.07,0.54,Thursday,63.0
411,2020.12.28 07:02,buy,0.02,1886.92,2020.12.28 14:05,1887.09,0.2,Monday,423.0
412,2020.12.29 06:05,buy,0.02,1876.77,2020.12.29 08:09,1880.12,6.56,Tuesday,124.0
413,2020.12.29 07:12,sell,0.02,1878.83,2020.12.29 11:04,1878.37,0.78,Tuesday,232.0
414,2020.12.29 10:44,buy,0.02,1876.62,2020.12.29 13:46,1876.79,0.2,Tuesday,182.0
415,2020.12.29 21:45,buy,0.02,1877.85,2020.12.30 01:23,1880.73,4.43,Tuesday,218.0
416,2020.12.30 09:30,sell,0.02,1879.07,2021.01.04 13:00,1932.02,-101.86,Wednesday,7410.0
417,2020.12.30 20:24,buy,0.02,1891.59,2020.12.30 21:01,1892.12,0.92,Wednesday,37.0
418,2020.12.31 09:45,buy,0.02,1894.95,2020.12.31 13:35,1896.47,2.9,Thursday,230.0
419,2021.01.04 05:40,buy,0.02,1920.99,2021.01.04 10:26,1929.83,17.54,Monday,286.0
420,2021.01.04 13:06,buy,0.02,1930.91,2021.01.04 14:36,1936.87,11.78,Monday,90.0
421,2021.01.05 04:29,buy,0.02,1938.34,2021.01.05 12:48,1946.47,16.12,Tuesday,499.0
422,2021.01.05 16:09,buy,0.02,1944.94,2021.01.05 20:28,1948.42,6.82,Tuesday,259.0
423,2021.01.06 11:50,buy,0.02,1950.45,2021.01.08 08:00,1876.84,-152.13,Wednesday,2650.0
424,2021.01.11 04:51,buy,0.02,1831.92,2021.01.11 06:39,1844.92,25.86,Monday,108.0
425,2021.01.11 10:44,buy,0.02,1849.35,2021.01.12 08:16,1857.65,15.27,Monday,1292.0
426,2021.01.12 12:32,buy,0.02,1860.15,2021.01.15 20:00,1828.4,-69.6,Tuesday,4768.0
427,2021.01.19 07:47,buy,0.02,1838.95,2021.01.20 10:15,1852.65,26.07,Tuesday,1588.0
428,2021.01.20 13:37,buy,0.02,1840.82,2021.01.20 14:47,1860.47,39.16,Wednesday,70.0
429,2021.01.21 07:59,buy,0.02,1868.12,2021.01.21 10:31,1868.29,0.2,Thursday,152.0
430,2021.01.21 13:17,buy,0.02,1867.82,2021.01.22 19:00,1856.01,-24.95,Thursday,1783.0
431,2021.01.25 03:12,buy,0.02,1854.8,2021.01.25 11:18,1861.86,13.98,Monday,486.0
432,2021.01.25 19:39,buy,0.02,1855.29,2021.01.26 04:51,1856.98,2.05,Monday,552.0
433,2021.01.26 09:58,buy,0.02,1852.99,2021.01.26 14:25,1854.66,3.2,Tuesday,267.0
434,2021.01.26 19:59,buy,0.02,1851.66,2021.01.28 14:18,1856.65,5.07,Tuesday,2539.0
435,2021.02.01 06:05,buy,0.02,1859.55,2021.02.01 07:00,1862.96,6.68,Monday,55.0
436,2021.02.01 10:34,buy,0.02,1858.58,2021.02.01 12:21,1865.43,13.56,Monday,107.0
437,2021.02.01 15:21,buy,0.02,1866.61,2021.02.04 13:26,1813.89,-111.54,Monday,4205.0
438,2021.02.04 20:41,buy,0.02,1795.14,2021.02.05 09:08,1806.3,20.99,Thursday,747.0
439,2021.02.08 04:15,buy,0.02,1810.99,2021.02.08 08:15,1812.66,3.2,Monday,240.0
440,2021.02.08 10:28,buy,0.02,1813.48,2021.02.08 13:09,1821.55,16.0,Monday,161.0
441,2021.02.08 19:15,buy,0.02,1830.82,2021.02.09 05:33,1839.14,15.31,Monday,618.0
442,2021.02.09 08:26,buy,0.02,1840.49,2021.02.09 10:48,1843.99,6.86,Tuesday,142.0
443,2021.02.09 17:00,buy,0.02,1836.06,2021.02.10 06:18,1840.95,8.45,Tuesday,798.0
444,2021.02.10 12:44,buy,0.02,1840.19,2021.02.10 13:53,1850.57,20.62,Wednesday,69.0
445,2021.02.10 17:33,buy,0.02,1840.49,2021.02.10 20:16,1841.14,1.16,Wednesday,163.0
446,2021.02.11 03:35,buy,0.02,1836.08,2021.02.11 10:54,1840.86,9.42,Thursday,439.0
447,2021.02.11 15:47,buy,0.02,1840.75,2021.02.12 19:00,1822.29,-38.25,Thursday,1633.0
448,2021.03.01 09:21,buy,0.02,1749.43,2021.03.04 23:00,1696.9,-111.16,Monday,5139.0
449,2021.03.08 04:34,buy,0.02,1705.14,2021.03.08 06:32,1705.36,0.3,Monday,118.0
450,2021.03.08 08:43,buy,0.02,1695.57,2021.03.09 10:42,1700.54,8.61,Monday,1559.0
451,2021.03.09 15:50,buy,0.02,1713.85,2021.03.09 20:47,1715.59,3.34,Tuesday,297.0
452,2021.03.10 15:53,buy,0.02,1717.92,2021.03.10 18:17,1718.09,0.2,Wednesday,144.0
453,2021.03.11 03:24,buy,0.02,1732.92,2021.03.11 09:33,1734.79,3.6,Thursday,369.0
454,2021.03.11 14:02,buy,0.02,1730.86,2021.03.12 19:00,1724.35,-14.35,Thursday,1738.0
455,2021.03.15 04:59,buy,0.02,1726.73,2021.03.15 14:08,1730.37,7.14,Monday,549.0
456,2021.03.16 07:27,buy,0.02,1728.61,2021.03.16 12:32,1732.31,7.26,Tuesday,305.0
457,2021.03.17 07:46,buy,0.02,1734.7,2021.03.17 18:03,1735.1,0.66,Wednesday,617.0
458,2021.03.17 20:20,buy,0.02,1744.45,2021.03.18 03:15,1751.26,9.9,Wednesday,415.0
459,2021.03.18 08:02,buy,0.02,1739.17,2021.03.19 08:01,1740.93,2.19,Thursday,1439.0
460,2021.03.22 13:42,buy,0.02,1733.78,2021.03.22 15:29,1733.95,0.2,Monday,107.0
461,2021.03.22 20:31,buy,0.02,1739.33,2021.03.30 22:00,1684.67,-119.0,Monday,11609.0
462,2021.03.31 03:20,buy,0.02,1679.12,2021.03.31 07:46,1684.14,9.9,Wednesday,266.0
463,2021.03.31 22:36,buy,0.02,1707.83,2021.04.01 09:06,1714.85,10.32,Wednesday,630.0
464,2021.04.01 17:10,buy,0.02,1726.36,2021.04.05 00:11,1726.53,-2.19,Thursday,4741.0
465,2021.04.05 04:04,buy,0.02,1724.79,2021.04.05 12:52,1725.12,0.52,Monday,528.0
466,2021.04.05 20:43,buy,0.02,1728.34,2021.04.06 06:44,1733.38,8.75,Monday,601.0
467,2021.04.06 17:22,buy,0.02,1741.83,2021.04.08 08:33,1743.55,-1.47,Tuesday,2351.0
468,2021.04.08 15:19,buy,0.02,1754.99,2021.04.09 19:00,1743.07,-25.17,Thursday,1661.0
469,2021.04.12 04:36,buy,0.02,1738.31,2021.04.12 12:51,1740.13,3.5,Monday,495.0
470,2021.04.13 04:20,buy,0.02,1731.43,2021.04.13 12:59,1736.6,10.2,Tuesday,519.0
471,2021.04.14 04:22,buy,0.02,1743.96,2021.04.14 07:28,1744.13,0.2,Wednesday,186.0
472,2021.04.14 09:55,buy,0.02,1742.5,2021.04.14 13:10,1742.67,0.2,Wednesday,195.0
473,2021.04.14 16:49,buy,0.02,1737.06,2021.04.15 12:30,1747.18,16.52,Wednesday,1181.0
474,2021.04.15 16:09,buy,0.02,1768.63,2021.04.16 13:06,1778.65,18.71,Thursday,1257.0
475,2021.04.19 04:10,buy,0.02,1777.34,2021.04.19 11:08,1785.64,16.46,Monday,418.0
476,2021.04.19 13:39,buy,0.02,1772.04,2021.04.19 15:58,1772.25,0.28,Monday,139.0
477,2021.04.19 19:52,buy,0.02,1770.69,2021.04.20 05:25,1770.86,-0.99,Monday,573.0
478,2021.04.20 12:25,buy,0.02,1770.88,2021.04.20 14:47,1772.98,4.06,Tuesday,142.0
479,2021.04.20 17:49,buy,0.02,1778.33,2021.04.21 07:35,1783.32,8.65,Tuesday,826.0
480,2021.04.21 17:08,buy,0.02,1791.28,2021.04.30 19:00,1768.39,-59.04,Wednesday,13072.0
481,2021.05.03 17:11,buy,0.02,1792.75,2021.05.04 14:17,1794.58,2.33,Monday,1266.0
482,2021.05.04 19:29,buy,0.02,1776.74,2021.05.05 05:19,1778.46,2.11,Tuesday,590.0
483,2021.05.05 08:55,buy,0.02,1775.82,2021.05.05 12:26,1775.99,0.2,Wednesday,211.0
484,2021.05.06 04:41,buy,0.02,1788.54,2021.05.06 11:03,1790.22,3.22,Thursday,382.0
485,2021.05.06 17:34,buy,0.02,1815.08,2021.05.07 12:00,1818.49,5.49,Thursday,1106.0
486,2021.05.10 16:58,buy,0.02,1837.63,2021.05.11 12:30,1837.8,-0.99,Monday,1172.0
487,2021.05.11 15:03,buy,0.02,1829.45,2021.05.12 01:04,1832.75,5.27,Tuesday,601.0
488,2021.05.12 08:35,buy,0.02,1830.69,2021.05.12 12:30,1830.86,0.2,Wednesday,235.0
489,2021.05.12 18:24,buy,0.02,1821.65,2021.05.13 15:14,1821.82,-3.38,Wednesday,1250.0
490,2021.05.13 20:39,buy,0.02,1826.81,2021.05.14 07:19,1831.87,8.79,Thursday,640.0
491,2021.05.17 09:52,buy,0.02,1849.06,2021.05.18 02:57,1867.77,36.09,Monday,1025.0
492,2021.05.18 06:33,buy,0.02,1869.83,2021.05.18 12:46,1870.0,0.2,Tuesday,373.0
493,2021.05.18 16:10,buy,0.02,1865.7,2021.05.19 01:17,1867.37,2.01,Tuesday,547.0
494,2021.05.24 03:43,buy,0.02,1883.61,2021.05.25 14:32,1891.0,13.45,Monday,2089.0
495,2021.05.25 22:28,buy,0.02,1898.71,2021.05.26 05:45,1903.59,8.43,Tuesday,437.0
496,2021.05.26 12:11,buy,0.02,1906.8,2021.05.26 12:48,1908.49,3.24,Wednesday,37.0
497,2021.05.26 16:25,buy,0.02,1903.13,2021.05.28 19:00,1901.39,-8.39,Wednesday,3035.0
498,2021.05.31 04:24,buy,0.02,1907.52,2021.06.01 08:12,1911.15,5.93,Monday,1668.0
499,2021.06.02 04:50,buy,0.02,1896.98,2021.06.02 13:57,1903.55,13.0,Wednesday,547.0
500,2021.06.03 06:28,buy,0.02,1898.95,2021.06.04 19:00,1891.47,-16.29,Thursday,2192.0
501,2021.06.07 03:53,buy,0.02,1887.3,2021.06.08 01:56,1898.96,21.99,Monday,1323.0
502,2021.06.08 06:50,buy,0.02,1896.98,2021.06.08 12:44,1898.92,3.74,Tuesday,354.0
503,2021.06.09 04:21,buy,0.02,1893.5,2021.06.09 13:58,1893.87,0.6,Wednesday,577.0
504,2021.06.09 16:29,buy,0.02,1891.24,2021.06.11 08:07,1897.76,8.13,Wednesday,2378.0
505,2021.06.14 10:22,buy,0.02,1856.74,2021.06.14 13:52,1862.81,12.0,Monday,210.0
506,2021.06.17 07:36,buy,0.02,1809.13,2021.06.18 19:00,1770.65,-78.29,Thursday,2124.0
507,2021.06.21 16:22,buy,0.02,1782.9,2021.06.22 00:00,1783.27,-0.59,Monday,458.0
508,2021.06.22 08:32,buy,0.02,1777.31,2021.06.22 11:42,1782.82,10.88,Tuesday,190.0
509,2021.06.22 18:20,buy,0.02,1778.15,2021.06.22 19:33,1778.32,0.2,Tuesday,73.0
510,2021.06.23 04:05,buy,0.02,1781.63,2021.06.23 12:31,1781.8,0.2,Wednesday,506.0
511,2021.06.23 16:52,buy,0.02,1783.97,2021.06.25 12:39,1786.06,-0.73,Wednesday,2627.0
512,2021.06.28 15:16,buy,0.02,1781.68,2021.07.02 12:06,1783.67,-3.32,Monday,5570.0
513,2021.07.05 09:51,buy,0.02,1792.57,2021.07.06 08:11,1804.4,22.33,Monday,1340.0
514,2021.07.06 13:14,buy,0.02,1807.62,2021.07.06 14:24,1807.83,0.28,Tuesday,70.0
515,2021.07.06 18:22,buy,0.02,1795.09,2021.07.07 03:10,1798.32,5.13,Tuesday,528.0
516,2021.07.07 17:03,buy,0.02,1802.04,2021.07.07 18:32,1804.03,3.84,Wednesday,89.0
517,2021.07.08 03:56,buy,0.02,1797.63,2021.07.08 08:02,1806.39,17.38,Thursday,246.0
518,2021.07.08 15:46,buy,0.02,1797.81,2021.07.09 01:01,1799.68,2.41,Thursday,555.0
519,2021.07.12 03:42,buy,0.02,1803.79,2021.07.14 12:46,1825.59,41.07,Monday,3424.0
520,2021.07.14 16:08,buy,0.02,1822.39,2021.07.15 03:10,1824.15,-0.2,Wednesday,662.0
521,2021.07.15 14:39,buy,0.02,1821.98,2021.07.16 01:36,1827.01,8.73,Thursday,657.0
522,2021.07.19 06:30,buy,0.02,1805.49,2021.07.19 13:43,1809.37,7.62,Monday,433.0
523,2021.07.20 06:27,buy,0.02,1816.99,2021.07.20 13:15,1820.47,6.82,Tuesday,408.0
524,2021.07.20 18:54,buy,0.02,1809.09,2021.07.21 07:27,1809.31,-0.89,Tuesday,753.0
525,2021.07.21 13:05,buy,0.02,1798.88,2021.07.21 14:54,1800.67,3.44,Wednesday,109.0
526,2021.07.21 18:11,buy,0.02,1803.15,2021.07.23 02:10,1803.54,-4.13,Wednesday,1919.0
527,2021.07.26 13:05,buy,0.02,1802.7,2021.07.28 07:55,1802.87,-2.19,Monday,2570.0
528,2021.07.28 10:05,buy,0.02,1799.38,2021.07.28 18:54,1800.2,1.5,Wednesday,529.0
529,2021.07.29 20:00,buy,0.02,1828.95,2021.07.30 19:00,1811.89,-35.45,Thursday,1380.0
530,2021.08.02 11:09,buy,0.02,1809.02,2021.08.02 17:55,1815.37,12.56,Monday,406.0
531,2021.08.03 05:35,buy,0.02,1810.98,2021.08.04 08:42,1811.15,-0.99,Tuesday,1627.0
532,2021.08.04 14:50,buy,0.02,1811.8,2021.08.06 20:00,1760.0,-108.51,Wednesday,3190.0
533,2021.08.10 14:01,buy,0.02,1722.61,2021.08.10 23:44,1727.65,9.94,Tuesday,583.0
534,2021.08.11 09:29,buy,0.02,1733.71,2021.08.11 12:21,1735.44,3.32,Wednesday,172.0
535,2021.08.11 16:29,buy,0.02,1748.37,2021.08.12 01:06,1749.5,-1.46,Wednesday,517.0
536,2021.08.12 07:43,buy,0.02,1756.85,2021.08.13 12:17,1757.02,-0.99,Thursday,1714.0
537,2021.08.16 04:35,buy,0.02,1776.21,2021.08.16 14:12,1782.5,12.44,Monday,577.0
538,2021.08.16 17:34,buy,0.02,1787.39,2021.08.17 12:04,1790.63,5.15,Monday,1110.0
539,2021.08.17 14:36,buy,0.02,1785.25,2021.08.18 08:04,1788.65,5.47,Tuesday,1048.0
540,2021.08.18 11:15,buy,0.02,1785.05,2021.08.18 13:22,1786.97,3.7,Wednesday,127.0
541,2021.08.18 16:43,buy,0.02,1784.19,2021.08.18 18:11,1786.3,4.08,Wednesday,88.0
542,2021.08.19 03:24,buy,0.02,1776.28,2021.08.19 08:26,1778.06,3.42,Thursday,302.0
543,2021.08.19 17:51,buy,0.02,1781.05,2021.08.20 08:43,1782.81,2.19,Thursday,892.0
544,2021.08.23 05:54,buy,0.02,1787.47,2021.08.23 13:44,1801.15,27.22,Monday,470.0
545,2021.08.23 17:15,buy,0.02,1802.91,2021.08.24 12:22,1803.08,-0.99,Monday,1147.0
546,2021.08.24 17:59,buy,0.02,1805.61,2021.08.27 19:00,1817.53,17.74,Tuesday,4381.0
547,2021.08.30 17:40,buy,0.02,1809.87,2021.08.31 06:54,1814.81,8.55,Monday,794.0
548,2021.08.31 15:18,buy,0.02,1805.7,2021.09.01 00:51,1812.15,11.57,Tuesday,573.0
549,2021.09.01 07:05,buy,0.02,1816.12,2021.09.03 12:34,1824.31,11.47,Wednesday,3209.0
550,2021.09.06 22:34,buy,0.02,1822.15,2021.09.07 04:17,1822.32,-0.99,Monday,343.0
551,2021.09.07 09:04,buy,0.02,1814.37,2021.09.10 19:00,1790.54,-53.76,Tuesday,4916.0
552,2021.09.13 07:14,buy,0.02,1787.88,2021.09.13 16:22,1792.98,10.06,Monday,548.0
553,2021.09.13 20:59,buy,0.02,1793.48,2021.09.14 13:34,1795.47,2.65,Monday,995.0
554,2021.09.14 19:02,buy,0.02,1803.21,2021.09.17 17:34,1750.73,-111.06,Tuesday,4232.0
555,2021.09.20 03:53,buy,0.02,1746.91,2021.09.20 11:55,1754.86,15.76,Monday,482.0
556,2021.09.20 15:58,buy,0.02,1761.82,2021.09.21 03:53,1761.99,-0.99,Monday,715.0
557,2021.09.21 06:50,buy,0.02,1761.56,2021.09.21 13:36,1769.82,16.38,Tuesday,406.0
558,2021.09.22 04:31,buy,0.02,1776.66,2021.09.22 18:00,1779.19,4.92,Wednesday,809.0
559,2021.09.22 22:27,buy,0.02,1769.04,2021.09.23 10:25,1771.23,0.66,Wednesday,718.0
560,2021.09.23 17:01,buy,0.02,1750.04,2021.09.24 11:15,1753.36,5.31,Thursday,1094.0
561,2021.09.27 06:32,buy,0.02,1757.3,2021.09.30 15:47,1759.28,-2.14,Monday,4875.0
562,2021.09.30 17:56,buy,0.02,1755.93,2021.10.01 14:43,1759.71,6.23,Thursday,1247.0
563,2021.10.04 07:05,buy,0.02,1757.24,2021.10.04 15:01,1766.17,17.72,Monday,476.0
564,2021.10.04 18:15,buy,0.02,1764.27,2021.10.05 00:48,1765.96,2.05,Monday,393.0
565,2021.10.05 08:59,buy,0.02,1756.48,2021.10.05 12:54,1756.65,0.2,Tuesday,235.0
566,2021.10.05 20:33,buy,0.02,1759.81,2021.10.06 14:59,1759.99,-0.97,Tuesday,1106.0
567,2021.10.06 17:56,buy,0.02,1761.67,2021.10.07 08:43,1761.84,-3.38,Wednesday,887.0
568,2021.10.07 12:11,buy,0.02,1762.11,2021.10.08 12:32,1767.07,8.59,Thursday,1461.0
569,2021.10.11 20:14,buy,0.02,1753.98,2021.10.12 07:53,1757.28,5.27,Monday,699.0
570,2021.10.12 18:51,buy,0.02,1759.38,2021.10.13 12:32,1772.48,24.87,Tuesday,1061.0
571,2021.10.13 18:05,buy,0.02,1791.9,2021.10.14 11:58,1796.07,4.62,Wednesday,1073.0
572,2021.10.14 15:21,buy,0.02,1797.32,2021.10.22 15:12,1808.74,13.16,Thursday,11511.0
573,2021.10.25 10:36,buy,0.02,1799.38,2021.10.25 14:00,1805.92,12.94,Monday,204.0
574,2021.10.26 07:03,buy,0.02,1804.31,2021.10.28 13:33,1806.2,-1.13,Tuesday,3270.0
575,2021.11.01 04:05,buy,0.02,1784.13,2021.11.01 13:34,1786.13,3.86,Monday,569.0
576,2021.11.01 16:39,buy,0.02,1792.07,2021.11.02 08:05,1792.24,-0.99,Monday,926.0
577,2021.11.02 10:47,buy,0.02,1792.38,2021.11.04 15:02,1794.53,-0.61,Tuesday,3135.0
578,2021.11.04 17:07,buy,0.02,1791.7,2021.11.05 09:17,1795.1,5.47,Thursday,970.0
579,2021.11.08 09:23,buy,0.02,1814.75,2021.11.08 13:38,1820.05,10.46,Monday,255.0
580,2021.11.08 21:20,buy,0.02,1824.88,2021.11.09 14:57,1825.81,0.53,Monday,1057.0
581,2021.11.10 04:58,buy,0.02,1826.36,2021.11.12 07:55,1855.77,53.91,Wednesday,3057.0
582,2021.11.15 04:19,buy,0.02,1857.2,2021.11.15 08:48,1859.18,3.82,Monday,269.0
583,2021.11.15 11:46,buy,0.02,1863.53,2021.11.15 13:20,1865.27,3.34,Monday,94.0
584,2021.11.15 15:47,buy,0.02,1860.43,2021.11.15 20:25,1863.75,6.5,Monday,278.0
585,2021.11.16 04:56,buy,0.02,1865.63,2021.11.16 12:44,1870.8,10.2,Tuesday,468.0
586,2021.11.17 03:59,buy,0.02,1853.67,2021.11.17 13:38,1860.33,13.18,Wednesday,579.0
587,2021.11.17 20:03,buy,0.02,1863.74,2021.11.18 02:46,1865.55,-0.1,Wednesday,403.0
588,2021.11.18 06:27,buy,0.02,1865.22,2021.11.18 08:39,1865.39,0.2,Thursday,132.0
589,2021.11.18 21:54,buy,0.02,1858.9,2021.11.19 06:56,1859.07,-0.99,Thursday,542.0
590,2021.11.22 14:57,buy,0.02,1821.12,2021.12.02 17:00,1766.64,-123.42,Monday,14523.0
591,2021.12.07 03:30,buy,0.02,1779.44,2021.12.07 09:03,1779.61,0.2,Tuesday,333.0
592,2021.12.09 13:30,buy,0.02,1777.12,2021.12.09 14:34,1779.01,3.64,Thursday,64.0
593,2021.12.09 18:19,buy,0.02,1774.96,2021.12.10 06:07,1775.13,-0.99,Thursday,708.0
594,2021.12.13 05:55,buy,0.02,1785.57,2021.12.13 13:02,1787.24,3.2,Monday,427.0
595,2021.12.14 07:22,buy,0.02,1788.02,2021.12.17 11:10,1805.87,29.6,Tuesday,4548.0
596,2021.12.20 06:46,buy,0.02,1802.0,2021.12.23 12:17,1803.74,-2.62,Monday,4651.0
597,2021.12.23 15:08,buy,0.02,1804.48,2021.12.27 08:41,1806.29,1.09,Thursday,5373.0
598,2021.12.27 07:40,sell,0.02,1808.13,2021.12.27 13:38,1807.96,0.2,Monday,358.0
599,2021.12.27 15:39,sell,0.02,1812.61,2021.12.27 20:40,1810.85,3.38,Monday,301.0
600,2021.12.28 05:34,sell,0.02,1811.27,2021.12.29 14:35,1794.57,34.1,Tuesday,1981.0
601,2021.12.29 17:56,sell,0.02,1803.7,2021.12.30 08:20,1800.39,8.99,Wednesday,864.0
602,2021.12.30 11:01,sell,0.02,1800.9,2021.12.31 19:00,1828.57,-54.64,Thursday,1919.0
603,2022.01.03 11:20,sell,0.02,1825.99,2022.01.03 14:08,1809.78,32.28,Monday,168.0
604,2022.01.03 12:06,buy,0.02,1822.6,2022.01.05 15:01,1824.43,1.13,Monday,3055.0
605,2022.01.03 18:16,sell,0.02,1799.65,2022.01.06 10:27,1797.97,7.4,Monday,3851.0
606,2022.01.05 20:50,buy,0.02,1810.43,2022.01.07 19:00,1796.29,-33.19,Wednesday,2770.0
607,2022.01.06 14:52,sell,0.02,1794.13,2022.01.06 16:10,1792.06,4.0,Thursday,78.0
608,2022.01.06 20:48,sell,0.02,1788.82,2022.01.07 13:42,1786.84,4.66,Thursday,1014.0
609,2022.01.10 04:51,sell,0.02,1792.64,2022.01.14 19:00,1817.25,-44.34,Monday,6609.0
610,2022.01.10 13:15,buy,0.02,1794.21,2022.01.11 10:30,1805.34,20.93,Monday,1275.0
611,2022.01.11 14:29,buy,0.02,1803.46,2022.01.12 03:52,1818.16,28.07,Tuesday,803.0
612,2022.01.12 06:59,buy,0.02,1819.95,2022.01.12 14:00,1820.42,0.8,Wednesday,421.0
613,2022.01.12 16:01,buy,0.02,1824.13,2022.01.14 08:59,1824.3,-4.57,Wednesday,2458.0
614,2022.01.17 03:56,sell,0.02,1818.85,2022.01.18 11:42,1813.76,10.88,Monday,1906.0
615,2022.01.17 06:55,buy,0.02,1819.01,2022.01.17 13:08,1819.18,0.2,Monday,373.0
616,2022.01.18 09:16,buy,0.02,1812.85,2022.01.18 14:15,1814.71,3.58,Tuesday,299.0
617,2022.01.18 15:12,sell,0.02,1816.95,2022.01.18 17:19,1815.28,3.2,Tuesday,127.0
618,2022.01.18 19:30,sell,0.02,1814.89,2022.01.19 06:57,1814.72,1.04,Tuesday,687.0
619,2022.01.19 09:56,sell,0.02,1816.62,2022.01.21 19:00,1832.32,-28.2,Wednesday,3424.0
620,2022.01.19 21:49,buy,0.02,1840.44,2022.01.20 13:45,1842.49,0.38,Wednesday,956.0
621,2022.01.24 11:46,buy,0.02,1839.06,2022.01.25 08:37,1839.23,-0.99,Monday,1251.0
622,2022.01.25 10:45,buy,0.02,1837.37,2022.01.25 15:01,1848.4,21.92,Tuesday,256.0
623,2022.01.25 14:19,sell,0.02,1841.37,2022.01.26 14:31,1836.89,9.66,Tuesday,1452.0
624,2022.01.25 19:54,buy,0.02,1853.12,2022.01.27 21:00,1794.84,-121.47,Tuesday,2946.0
625,2022.01.26 18:58,sell,0.02,1830.26,2022.01.26 19:07,1829.1,2.18,Wednesday,9.0
626,2022.01.27 07:35,sell,0.02,1812.89,2022.01.27 12:06,1812.56,0.52,Thursday,271.0
627,2022.01.31 06:01,sell,0.02,1788.9,2022.02.04 19:00,1807.78,-32.88,Monday,6539.0
628,2022.01.31 20:29,buy,0.02,1797.04,2022.02.01 13:26,1803.47,11.53,Monday,1017.0
629,2022.02.01 17:14,buy,0.02,1803.44,2022.02.02 13:18,1803.76,-0.69,Tuesday,1204.0
630,2022.02.02 20:19,buy,0.02,1807.76,2022.02.04 13:30,1809.44,-1.55,Wednesday,2471.0
631,2022.02.07 03:22,buy,0.02,1809.68,2022.02.07 13:54,1813.06,6.62,Monday,632.0
632,2022.02.07 04:39,sell,0.02,1810.43,2022.02.11 19:00,1857.31,-88.88,Monday,6621.0
633,2022.02.07 21:41,buy,0.02,1821.18,2022.02.09 13:44,1828.16,11.43,Monday,2403.0
634,2022.02.09 19:29,buy,0.02,1833.77,2022.02.10 15:55,1836.14,1.02,Wednesday,1226.0
635,2022.02.10 19:00,buy,0.02,1835.4,2022.02.11 18:38,1846.65,21.17,Thursday,1418.0
636,2022.02.14 04:38,buy,0.02,1852.98,2022.02.14 12:42,1853.15,0.2,Monday,484.0
637,2022.02.14 16:29,buy,0.02,1864.59,2022.02.14 19:29,1868.77,8.22,Monday,180.0
638,2022.02.15 04:15,buy,0.02,1878.54,2022.02.17 08:29,1885.56,9.13,Tuesday,3134.0
639,2022.02.16 15:11,sell,0.02,1862.04,2022.02.18 19:00,1896.32,-65.36,Wednesday,3109.0
640,2022.02.17 11:26,buy,0.02,1885.03,2022.02.17 14:01,1892.43,14.66,Thursday,155.0
641,2022.02.21 04:54,buy,0.02,1892.44,2022.02.21 12:00,1894.14,3.26,Monday,426.0
642,2022.02.21 14:54,buy,0.02,1895.49,2022.02.21 23:26,1909.87,28.62,Monday,512.0
643,2022.02.22 13:01,sell,0.02,1899.48,2022.02.22 16:10,1899.31,0.2,Tuesday,189.0
644,2022.02.22 15:00,buy,0.02,1901.52,2022.02.22 19:26,1901.69,0.2,Tuesday,266.0
645,2022.02.22 21:34,buy,0.02,1899.29,2022.02.23 13:44,1899.52,-0.87,Tuesday,970.0
646,2022.02.23 07:34,sell,0.02,1895.76,2022.02.23 09:59,1893.75,3.88,Wednesday,145.0
647,2022.02.23 14:19,sell,0.02,1900.9,2022.02.24 04:15,1946.53,-88.89,Wednesday,836.0
648,2022.02.23 18:21,buy,0.02,1908.43,2022.02.24 03:11,1924.42,28.26,Wednesday,530.0
649,2022.02.24 08:36,buy,0.02,1940.47,2022.02.24 09:07,1940.64,0.2,Thursday,31.0
650,2022.02.24 20:35,buy,0.02,1893.14,2022.02.24 21:31,1901.92,17.42,Thursday,56.0
651,2022.02.28 09:37,buy,0.02,1900.35,2022.02.28 11:01,1904.63,8.42,Monday,84.0
652,2022.02.28 14:19,sell,0.02,1913.55,2022.02.28 14:38,1912.52,1.92,Monday,19.0
653,2022.02.28 17:22,buy,0.02,1892.93,2022.02.28 23:45,1906.18,26.36,Monday,383.0
654,2022.03.01 07:25,sell,0.02,1907.22,2022.03.04 19:00,1965.23,-111.98,Tuesday,5015.0
655,2022.03.01 11:41,buy,0.02,1921.95,2022.03.01 15:00,1922.31,0.58,Tuesday,199.0
656,2022.03.02 10:47,buy,0.02,1924.86,2022.03.02 11:14,1926.66,3.46,Wednesday,27.0
657,2022.03.02 21:34,buy,0.02,1926.97,2022.03.03 08:15,1929.06,0.46,Wednesday,641.0
658,2022.03.03 11:39,buy,0.02,1936.72,2022.03.03 20:59,1936.89,0.2,Thursday,560.0
659,2022.03.07 04:43,buy,0.02,1989.62,2022.03.07 09:56,1997.23,15.08,Monday,313.0
660,2022.03.07 16:20,buy,0.01,1978.4,2022.03.07 17:46,1980.36,1.89,Monday,86.0
661,2022.03.07 21:55,buy,0.01,1997.3,2022.03.08 06:39,2004.54,6.57,Monday,524.0
662,2022.03.08 11:57,buy,0.01,2009.02,2022.03.08 12:48,2011.0,1.91,Tuesday,51.0
663,2022.03.09 08:35,buy,0.01,2046.51,2022.03.10 07:59,1975.51,-72.86,Wednesday,1404.0
664,2022.03.09 19:39,sell,0.01,1982.6,2022.03.10 01:09,1977.0,6.78,Wednesday,330.0
665,2022.03.10 04:00,sell,0.01,1976.25,2022.03.11 11:44,1973.65,2.95,Thursday,1904.0
666,2022.03.10 12:28,buy,0.01,2001.73,2022.03.10 12:46,2003.87,2.07,Thursday,18.0
667,2022.03.10 21:41,buy,0.01,1995.96,2022.03.11 19:00,1985.89,-10.74,Thursday,1279.0
668,2022.03.14 07:37,buy,0.01,1973.35,2022.03.18 19:00,1923.67,-53.33,Monday,6443.0
669,2022.03.16 05:08,sell,0.01,1916.73,2022.03.16 07:23,1916.56,0.1,Wednesday,135.0
670,2022.03.16 10:22,sell,0.01,1919.94,2022.03.16 12:39,1919.61,0.26,Wednesday,137.0
671,2022.03.16 16:59,sell,0.01,1909.75,2022.03.16 18:01,1907.66,2.02,Wednesday,62.0
672,2022.03.17 03:40,sell,0.01,1936.91,2022.03.17 07:34,1935.1,1.74,Thursday,234.0
673,2022.03.17 11:26,sell,0.01,1943.6,2022.03.17 12:32,1939.59,3.94,Thursday,66.0
674,2022.03.17 19:10,sell,0.01,1940.56,2022.03.17 20:33,1940.39,0.1,Thursday,83.0
675,2022.03.21 03:49,sell,0.01,1926.94,2022.03.21 08:44,1926.77,0.1,Monday,295.0
676,2022.03.21 15:24,sell,0.01,1934.52,2022.03.21 16:33,1934.0,0.45,Monday,69.0
677,2022.03.21 19:40,buy,0.01,1939.45,2022.03.23 20:53,1944.29,3.58,Monday,2953.0
678,2022.03.22 03:24,sell,0.01,1935.42,2022.03.22 08:32,1929.99,5.36,Tuesday,308.0
679,2022.03.22 10:50,sell,0.01,1927.91,2022.03.22 13:50,1924.2,3.64,Tuesday,180.0
680,2022.03.22 16:45,sell,0.01,1921.46,2022.03.23 01:01,1919.73,2.08,Tuesday,496.0
681,2022.03.23 08:35,sell,0.01,1921.6,2022.03.25 19:00,1953.21,-30.01,Wednesday,3505.0
682,2022.03.24 03:01,buy,0.01,1941.57,2022.03.24 08:34,1941.74,0.1,Thursday,333.0
683,2022.03.24 16:24,buy,0.01,1964.37,2022.03.25 19:00,1953.01,-12.03,Thursday,1596.0
684,2022.03.28 04:57,buy,0.01,1943.63,2022.03.31 17:54,1945.37,-1.31,Monday,5097.0
685,2022.03.28 10:25,sell,0.01,1931.49,2022.03.28 11:10,1931.16,0.26,Monday,45.0
686,2022.03.28 16:55,sell,0.01,1938.25,2022.03.28 19:14,1926.16,12.02,Monday,139.0
687,2022.03.28 22:58,sell,0.01,1922.41,2022.03.29 08:41,1914.22,8.54,Monday,583.0
688,2022.03.29 14:26,sell,0.01,1912.03,2022.03.29 15:07,1911.86,0.1,Tuesday,41.0
689,2022.03.29 18:27,sell,0.01,1917.32,2022.04.01 19:00,1925.49,-6.15,Tuesday,4353.0
690,2022.03.31 22:40,buy,0.01,1936.25,2022.04.01 19:00,1925.29,-11.63,Thursday,1220.0
691,2022.04.04 05:35,sell,0.01,1919.22,2022.04.08 19:00,1944.11,-22.45,Monday,6565.0
692,2022.04.04 10:14,buy,0.01,1926.35,2022.04.04 12:58,1930.56,4.14,Monday,164.0
693,2022.04.06 16:42,buy,0.01,1925.5,2022.04.07 12:22,1929.26,1.9,Wednesday,1180.0
694,2022.04.07 19:19,buy,0.01,1932.2,2022.04.08 12:27,1934.28,1.41,Thursday,1028.0
695,2022.04.11 04:38,buy,0.01,1942.77,2022.04.11 10:27,1954.67,11.83,Monday,349.0
696,2022.04.11 20:11,sell,0.01,1953.93,2022.04.12 01:43,1953.76,0.52,Monday,332.0
697,2022.04.11 22:18,buy,0.01,1952.21,2022.04.12 07:09,1955.44,2.56,Monday,531.0
698,2022.04.12 17:30,buy,0.01,1972.25,2022.04.13 11:02,1975.85,2.93,Tuesday,1052.0
699,2022.04.13 16:55,buy,0.01,1979.06,2022.04.18 00:17,1984.28,2.17,Wednesday,6202.0
700,2022.04.18 18:45,buy,0.01,1978.96,2022.04.22 19:00,1932.86,-49.75,Monday,5775.0
701,2022.04.19 14:49,sell,0.01,1952.38,2022.04.19 20:00,1948.37,3.94,Tuesday,311.0
702,2022.04.20 07:43,sell,0.01,1942.83,2022.04.21 12:07,1940.83,3.18,Wednesday,1704.0
703,2022.04.21 17:50,sell,0.01,1947.1,2022.04.22 10:47,1934.92,12.53,Thursday,1017.0
704,2022.04.25 07:25,sell,0.01,1918.47,2022.04.25 08:20,1918.3,0.1,Monday,55.0
705,2022.04.25 22:25,sell,0.01,1899.2,2022.04.27 08:13,1890.67,9.3,Monday,2028.0
706,2022.04.27 16:46,sell,0.01,1887.6,2022.04.28 05:49,1876.26,12.52,Wednesday,783.0
707,2022.04.28 17:22,sell,0.01,1890.63,2022.04.29 19:00,1908.24,-17.26,Thursday,1538.0
708,2022.05.02 05:10,sell,0.01,1883.92,2022.05.02 10:55,1881.89,1.96,Monday,345.0
709,2022.05.02 13:37,sell,0.01,1859.99,2022.05.02 14:01,1859.82,0.1,Monday,24.0
710,2022.05.02 18:00,sell,0.01,1866.2,2022.05.03 00:05,1864.48,2.07,Monday,365.0
711,2022.05.03 09:49,sell,0.01,1858.48,2022.05.06 19:00,1882.6,-22.1,Tuesday,4871.0
712,2022.05.04 22:07,buy,0.01,1882.43,2022.05.05 05:59,1898.76,14.47,Wednesday,472.0
713,2022.05.05 16:25,buy,0.01,1875.32,2022.05.05 17:27,1875.49,0.1,Thursday,62.0
714,2022.05.09 03:27,sell,0.02,1875.99,2022.05.09 07:30,1870.53,10.78,Monday,243.0
715,2022.05.09 12:17,sell,0.02,1862.63,2022.05.09 14:40,1862.46,0.2,Monday,143.0
716,2022.05.10 05:43,sell,0.02,1862.72,2022.05.10 11:19,1860.48,4.34,Tuesday,336.0
717,2022.05.10 18:46,sell,0.02,1843.46,2022.05.10 20:20,1839.73,7.32,Tuesday,94.0
718,2022.05.11 04:52,sell,0.02,1838.55,2022.05.12 22:32,1814.93,49.61,Wednesday,2500.0
719,2022.05.12 04:59,buy,0.02,1851.21,2022.05.13 19:00,1810.88,-81.99,Thursday,2281.0
720,2022.05.16 14:56,sell,0.02,1812.83,2022.05.18 06:03,1812.66,1.87,Monday,2347.0
721,2022.05.16 22:39,buy,0.02,1823.78,2022.05.17 01:00,1824.4,-0.09,Monday,141.0
722,2022.05.17 11:20,buy,0.02,1827.89,2022.05.17 12:18,1831.35,6.78,Tuesday,58.0
723,2022.05.18 10:02,sell,0.02,1819.3,2022.05.18 12:37,1812.47,13.52,Wednesday,155.0
724,2022.05.18 15:26,sell,0.02,1815.4,2022.05.19 08:40,1815.23,2.71,Wednesday,1034.0
725,2022.05.19 11:03,sell,0.02,1829.14,2022.05.20 19:00,1843.37,-27.76,Thursday,1917.0
726,2022.05.23 10:44,buy,0.02,1862.29,2022.05.24 14:08,1864.27,2.63,Monday,1644.0
727,2022.05.25 10:44,buy,0.02,1855.09,2022.05.27 12:27,1857.25,-0.59,Wednesday,2983.0
728,2022.05.25 18:36,sell,0.02,1850.8,2022.05.26 07:00,1847.47,9.03,Wednesday,744.0
729,2022.05.26 10:57,sell,0.02,1844.61,2022.05.27 19:00,1853.13,-16.34,Thursday,1923.0
730,2022.05.30 09:48,buy,0.02,1857.72,2022.06.02 13:57,1863.11,4.68,Monday,4569.0
731,2022.05.30 15:18,sell,0.02,1857.49,2022.05.31 02:29,1850.45,14.78,Monday,671.0
732,2022.05.31 05:54,sell,0.02,1853.61,2022.05.31 12:01,1849.79,7.5,Tuesday,367.0
733,2022.05.31 16:31,sell,0.02,1842.23,2022.06.01 06:23,1835.15,14.86,Tuesday,832.0
734,2022.06.01 08:36,sell,0.02,1834.2,2022.06.01 12:15,1833.57,1.12,Wednesday,219.0
735,2022.06.01 15:15,sell,0.02,1843.46,2022.06.03 19:00,1850.88,-11.64,Wednesday,3105.0
736,2022.06.02 17:23,buy,0.02,1866.94,2022.06.03 03:12,1869.59,3.97,Thursday,589.0
737,2022.06.06 03:07,sell,0.02,1854.73,2022.06.07 01:52,1841.12,27.92,Monday,1365.0
738,2022.06.06 05:48,buy,0.02,1855.15,2022.06.08 16:46,1855.32,-2.19,Monday,3538.0
739,2022.06.07 09:11,sell,0.02,1847.05,2022.06.07 13:31,1846.84,0.28,Tuesday,260.0
740,2022.06.07 16:56,sell,0.02,1850.66,2022.06.08 07:44,1850.49,1.04,Tuesday,888.0
741,2022.06.08 10:26,sell,0.02,1850.13,2022.06.08 12:38,1849.68,0.76,Wednesday,132.0
742,2022.06.08 15:28,sell,0.02,1857.96,2022.06.08 20:51,1853.03,9.72,Wednesday,323.0
743,2022.06.09 06:15,buy,0.02,1851.6,2022.06.10 15:01,1855.43,6.33,Thursday,1966.0
744,2022.06.09 22:02,sell,0.02,1847.76,2022.06.10 07:34,1847.59,1.04,Thursday,572.0
745,2022.06.13 08:05,buy,0.02,1856.46,2022.06.17 19:00,1836.58,-47.06,Monday,6415.0
746,2022.06.14 04:26,sell,0.02,1826.57,2022.06.14 11:00,1824.9,3.2,Tuesday,394.0
747,2022.06.14 14:51,sell,0.01,1814.51,2022.06.14 16:44,1814.34,0.1,Tuesday,113.0
748,2022.06.14 22:10,sell,0.01,1807.87,2022.06.17 19:00,1836.78,-26.89,Tuesday,4130.0
749,2022.06.20 04:08,sell,0.01,1843.71,2022.06.20 09:14,1843.54,0.1,Monday,306.0
750,2022.06.20 11:50,buy,0.01,1838.61,2022.06.20 13:44,1839.05,0.37,Monday,114.0
751,2022.06.20 22:17,sell,0.01,1837.83,2022.06.21 07:55,1837.66,0.52,Monday,578.0
752,2022.06.21 06:28,buy,0.01,1835.46,2022.06.21 13:20,1835.63,0.1,Tuesday,412.0
753,2022.06.21 14:16,sell,0.01,1837.86,2022.06.21 20:17,1832.93,4.86,Tuesday,361.0
754,2022.06.22 15:25,buy,0.01,1840.75,2022.06.23 14:18,1841.15,-1.46,Wednesday,1373.0
755,2022.06.23 03:09,sell,0.01,1833.05,2022.06.23 11:46,1828.0,4.98,Thursday,517.0
756,2022.06.23 14:15,sell,0.01,1842.62,2022.06.23 19:26,1827.43,15.12,Thursday,311.0
757,2022.06.23 17:19,buy,0.01,1828.44,2022.06.24 19:00,1828.6,-0.51,Thursday,1541.0
758,2022.06.27 03:09,sell,0.01,1834.96,2022.06.27 13:04,1833.1,1.79,Monday,595.0
759,2022.06.27 18:29,sell,0.01,1824.42,2022.06.28 14:08,1822.68,2.09,Monday,1179.0
760,2022.06.28 19:20,sell,0.02,1820.27,2022.06.29 09:35,1816.18,8.88,Tuesday,855.0
761,2022.06.29 13:12,sell,0.02,1831.36,2022.06.30 00:43,1820.11,24.87,Wednesday,691.0
762,2022.06.29 17:19,buy,0.02,1816.54,2022.06.30 04:01,1816.71,-3.38,Wednesday,642.0
763,2022.06.30 09:12,sell,0.02,1815.28,2022.06.30 12:34,1807.7,15.02,Thursday,202.0
764,2022.06.30 22:47,sell,0.02,1805.72,2022.07.01 07:28,1797.05,18.04,Thursday,521.0
765,2022.07.04 05:22,sell,0.02,1812.93,2022.07.04 12:06,1808.05,9.62,Monday,404.0
766,2022.07.04 06:53,buy,0.02,1810.78,2022.07.05 22:00,1763.98,-94.93,Monday,2347.0
767,2022.07.04 14:12,sell,0.02,1808.42,2022.07.05 09:20,1804.93,7.68,Monday,1148.0
768,2022.07.05 12:30,sell,0.02,1800.42,2022.07.05 14:09,1770.41,59.88,Tuesday,99.0
769,2022.07.05 17:11,sell,0.02,1765.87,2022.07.06 12:07,1764.19,4.06,Tuesday,1136.0
770,2022.07.06 16:52,sell,0.02,1735.36,2022.07.08 19:00,1741.93,-9.94,Wednesday,3008.0
771,2022.07.11 11:46,sell,0.02,1734.15,2022.07.12 01:29,1727.63,13.74,Monday,823.0
772,2022.07.12 07:05,sell,0.02,1734.55,2022.07.12 14:00,1731.24,6.48,Tuesday,415.0
773,2022.07.12 18:42,sell,0.02,1726.2,2022.07.13 12:30,1725.35,2.4,Tuesday,1068.0
774,2022.07.14 17:34,sell,0.02,1708.42,2022.07.15 07:00,1705.02,7.5,Thursday,806.0
775,2022.07.18 07:53,sell,0.02,1718.66,2022.07.18 12:57,1716.9,3.38,Monday,304.0
776,2022.07.18 16:29,buy,0.02,1711.54,2022.07.19 11:58,1713.39,2.37,Monday,1169.0
777,2022.07.19 08:11,sell,0.02,1711.81,2022.07.20 09:15,1710.11,4.1,Tuesday,1504.0
778,2022.07.19 14:46,buy,0.02,1711.54,2022.07.21 15:13,1713.69,-0.61,Tuesday,2907.0
779,2022.07.20 22:05,sell,0.02,1696.47,2022.07.21 07:19,1689.53,16.25,Wednesday,554.0
780,2022.07.21 20:21,sell,0.02,1719.85,2022.07.22 06:23,1718.11,4.18,Thursday,602.0
781,2022.07.25 09:45,sell,0.02,1730.99,2022.07.25 17:26,1719.44,22.96,Monday,461.0
782,2022.07.25 12:19,buy,0.02,1726.16,2022.07.27 18:58,1733.95,13.05,Monday,3279.0
783,2022.07.25 19:50,sell,0.02,1717.79,2022.07.26 12:27,1717.62,1.04,Monday,997.0
784,2022.07.26 15:19,sell,0.02,1719.25,2022.07.27 05:44,1719.04,1.12,Tuesday,865.0
785,2022.07.27 08:55,sell,0.02,1723.47,2022.07.27 14:55,1716.42,13.96,Wednesday,360.0
786,2022.07.27 19:06,sell,0.02,1735.92,2022.07.29 19:00,1763.99,-52.94,Wednesday,2874.0
787,2022.07.28 10:20,buy,0.02,1741.7,2022.07.28 12:59,1745.35,7.16,Thursday,159.0
788,2022.07.28 15:34,buy,0.02,1755.63,2022.07.29 08:11,1763.78,14.97,Thursday,997.0
789,2022.08.01 05:06,buy,0.02,1760.22,2022.08.01 08:03,1762.2,3.82,Monday,177.0
790,2022.08.01 14:19,buy,0.02,1771.58,2022.08.02 02:46,1775.02,5.55,Monday,747.0
791,2022.08.02 16:28,buy,0.02,1776.16,2022.08.04 12:27,1784.47,11.71,Tuesday,2639.0
792,2022.08.03 03:43,sell,0.02,1767.8,2022.08.03 11:02,1764.38,6.7,Wednesday,439.0
793,2022.08.03 17:49,sell,0.02,1761.29,2022.08.05 19:00,1772.72,-19.66,Wednesday,2951.0
794,2022.08.04 20:49,buy,0.02,1791.34,2022.08.05 19:00,1772.52,-38.97,Thursday,1331.0
795,2022.08.08 06:30,buy,0.02,1774.61,2022.08.08 08:20,1774.78,0.2,Monday,110.0
796,2022.08.08 11:52,buy,0.02,1782.5,2022.08.09 01:18,1786.3,6.27,Monday,806.0
797,2022.08.09 10:51,buy,0.02,1793.49,2022.08.09 14:05,1795.55,3.98,Tuesday,194.0
798,2022.08.09 18:11,buy,0.02,1795.08,2022.08.10 12:30,1801.33,11.17,Tuesday,1099.0
799,2022.08.10 15:29,buy,0.02,1799.1,2022.08.12 19:00,1801.19,-0.73,Wednesday,3091.0
800,2022.08.11 22:07,sell,0.02,1789.57,2022.08.12 12:18,1789.3,1.24,Thursday,851.0
801,2022.08.15 04:23,buy,0.02,1794.36,2022.08.19 13:32,1754.28,-87.46,Monday,6309.0
802,2022.08.15 17:31,sell,0.02,1782.56,2022.08.16 02:03,1780.87,4.08,Monday,512.0
803,2022.08.16 18:09,sell,0.02,1776.28,2022.08.17 08:39,1776.11,1.04,Tuesday,870.0
804,2022.08.17 12:59,sell,0.02,1772.07,2022.08.17 18:00,1763.95,16.1,Wednesday,301.0
805,2022.08.17 22:49,sell,0.02,1763.42,2022.08.18 18:56,1759.42,10.37,Wednesday,1207.0
806,2022.08.18 22:46,sell,0.02,1757.58,2022.08.19 05:49,1755.85,4.16,Thursday,423.0
807,2022.08.22 08:07,sell,0.02,1736.92,2022.08.22 09:54,1736.75,0.2,Monday,107.0
808,2022.08.23 03:48,sell,0.02,1738.0,2022.08.23 12:40,1736.05,3.76,Tuesday,532.0
809,2022.08.23 15:40,sell,0.02,1750.98,2022.08.24 08:04,1748.86,4.94,Tuesday,984.0
810,2022.08.23 22:45,buy,0.02,1746.76,2022.08.24 10:03,1748.53,2.21,Tuesday,678.0
811,2022.08.24 14:02,buy,0.02,1745.67,2022.08.24 15:48,1750.79,10.1,Wednesday,106.0
812,2022.08.24 15:55,sell,0.02,1751.37,2022.08.26 12:30,1748.02,9.9,Wednesday,2675.0
813,2022.08.24 17:52,buy,0.02,1748.92,2022.08.25 12:14,1760.41,19.26,Wednesday,1102.0
814,2022.08.29 07:07,sell,0.02,1723.83,2022.08.31 11:24,1714.07,21.05,Monday,3137.0
815,2022.08.29 19:39,buy,0.02,1736.54,2022.09.01 22:00,1696.61,-85.96,Monday,4461.0
816,2022.09.01 03:54,sell,0.02,1704.59,2022.09.01 12:51,1700.31,8.42,Thursday,537.0
817,2022.09.01 20:52,sell,0.02,1696.28,2022.09.02 19:00,1713.63,-34.0,Thursday,1328.0
818,2022.09.05 07:40,buy,0.02,1710.29,2022.09.05 14:01,1710.47,0.22,Monday,381.0
819,2022.09.05 14:50,sell,0.02,1712.14,2022.09.06 13:24,1709.95,5.08,Monday,1354.0
820,2022.09.06 10:23,buy,0.02,1712.5,2022.09.07 18:45,1714.19,2.05,Tuesday,1942.0
821,2022.09.06 16:32,sell,0.02,1702.96,2022.09.07 00:54,1697.33,11.96,Tuesday,502.0
822,2022.09.07 04:53,sell,0.02,1693.73,2022.09.09 19:00,1715.71,-40.76,Wednesday,3727.0
823,2022.09.08 06:12,buy,0.02,1717.24,2022.09.08 07:28,1717.91,1.2,Thursday,76.0
824,2022.09.12 03:07,buy,0.02,1713.48,2022.09.12 12:25,1728.56,30.02,Monday,558.0
825,2022.09.12 05:04,sell,0.02,1713.18,2022.09.13 12:37,1712.65,1.76,Monday,1893.0
826,2022.09.12 16:39,buy,0.02,1732.68,2022.09.14 05:45,1701.55,-64.79,Monday,2226.0
827,2022.09.14 03:53,sell,0.02,1701.16,2022.09.14 22:00,1697.81,6.56,Wednesday,1087.0
828,2022.09.15 04:12,sell,0.02,1692.38,2022.09.15 10:01,1690.5,3.62,Thursday,349.0
829,2022.09.15 14:20,sell,0.02,1686.84,2022.09.15 14:59,1668.78,35.98,Thursday,39.0
830,2022.09.15 20:32,sell,0.02,1664.79,2022.09.16 08:49,1659.5,11.28,Thursday,737.0
831,2022.09.19 04:30,buy,0.02,1668.36,2022.09.19 16:22,1670.36,3.86,Monday,712.0
832,2022.09.19 04:46,sell,0.02,1668.66,2022.09.19 08:37,1664.94,7.3,Monday,231.0
833,2022.09.19 20:01,sell,0.02,1674.46,2022.09.20 06:36,1674.29,1.04,Monday,635.0
834,2022.09.20 09:39,buy,0.02,1668.54,2022.09.21 06:39,1671.94,5.47,Tuesday,1260.0
835,2022.09.20 22:17,sell,0.02,1664.39,2022.09.21 18:01,1663.05,3.38,Tuesday,1184.0
836,2022.09.21 14:55,buy,0.02,1668.04,2022.09.21 18:35,1677.97,19.72,Wednesday,220.0
837,2022.09.21 22:34,buy,0.02,1671.4,2022.09.22 08:22,1672.55,-1.42,Wednesday,588.0
838,2022.09.22 08:33,sell,0.02,1673.22,2022.09.22 09:31,1672.9,0.5,Thursday,58.0
839,2022.09.22 15:41,buy,0.02,1671.59,2022.09.22 17:44,1672.26,1.2,Thursday,123.0
840,2022.09.22 17:14,sell,0.02,1673.97,2022.09.22 19:30,1673.8,0.2,Thursday,136.0
841,2022.09.26 05:36,sell,0.02,1635.8,2022.09.26 18:56,1627.24,16.98,Monday,800.0
842,2022.09.27 06:43,sell,0.02,1635.95,2022.09.27 17:59,1630.79,10.18,Tuesday,676.0
843,2022.09.27 22:13,sell,0.02,1629.43,2022.09.28 07:30,1618.91,21.74,Tuesday,557.0
844,2022.09.28 13:00,sell,0.02,1635.02,2022.09.30 19:00,1662.18,-51.12,Wednesday,3240.0
845,2022.09.29 04:48,buy,0.02,1653.73,2022.09.29 13:41,1654.05,0.5,Thursday,533.0
846,2022.09.29 18:15,buy,0.02,1658.78,2022.09.30 02:00,1660.47,2.05,Thursday,465.0
847,2022.10.03 06:55,buy,0.02,1663.19,2022.10.03 07:26,1663.36,0.2,Monday,31.0
848,2022.10.03 16:54,buy,0.02,1690.38,2022.10.03 19:13,1695.31,9.72,Monday,139.0
849,2022.10.03 22:48,buy,0.02,1700.52,2022.10.04 09:12,1705.49,8.61,Monday,624.0
850,2022.10.05 07:37,buy,0.02,1718.5,2022.10.06 07:00,1720.23,-0.26,Wednesday,1403.0
851,2022.10.06 13:23,buy,0.02,1712.81,2022.10.06 13:45,1713.05,0.34,Thursday,22.0
852,2022.10.06 18:21,buy,0.02,1712.46,2022.10.07 19:00,1696.56,-33.13,Thursday,1479.0
853,2022.10.06 18:57,sell,0.02,1712.65,2022.10.07 07:40,1712.48,1.04,Thursday,763.0
854,2022.10.10 03:03,buy,0.02,1691.6,2022.10.14 17:00,1643.78,-102.94,Monday,6597.0
855,2022.10.10 09:18,sell,0.02,1683.73,2022.10.10 11:57,1678.23,10.86,Monday,159.0
856,2022.10.11 05:35,sell,0.02,1664.14,2022.10.13 12:30,1655.9,19.68,Tuesday,3295.0
857,2022.10.13 17:52,sell,0.02,1671.33,2022.10.14 01:44,1664.47,14.42,Thursday,472.0
858,2022.10.17 05:38,sell,0.02,1651.52,2022.10.17 20:50,1650.84,1.22,Monday,912.0
859,2022.10.18 08:27,sell,0.02,1655.37,2022.10.18 09:04,1653.25,4.1,Tuesday,37.0
860,2022.10.18 12:52,sell,0.02,1656.33,2022.10.18 14:55,1653.06,6.4,Tuesday,123.0
861,2022.10.18 19:46,sell,0.02,1650.81,2022.10.19 07:41,1642.19,17.94,Tuesday,715.0
862,2022.10.20 03:34,sell,0.02,1625.7,2022.10.21 07:23,1622.08,7.94,Thursday,1669.0
863,2022.10.24 05:07,sell,0.02,1658.25,2022.10.24 07:07,1657.95,0.46,Monday,120.0
864,2022.10.24 08:20,buy,0.02,1648.27,2022.10.24 13:49,1648.44,0.2,Monday,329.0
865,2022.10.24 12:28,sell,0.02,1648.57,2022.10.24 14:32,1648.4,0.2,Monday,124.0
866,2022.10.24 14:41,buy,0.02,1649.07,2022.10.25 01:15,1650.78,2.09,Monday,634.0
867,2022.10.24 20:21,sell,0.02,1649.06,2022.10.25 11:27,1642.3,14.22,Monday,906.0
868,2022.10.25 15:52,sell,0.02,1656.61,2022.10.25 18:07,1656.44,0.2,Tuesday,135.0
869,2022.10.26 06:06,sell,0.02,1658.79,2022.10.28 08:47,1652.0,16.78,Wednesday,3041.0
870,2022.10.26 11:12,buy,0.02,1670.11,2022.10.28 19:00,1643.0,-59.13,Wednesday,3348.0
871,2022.10.31 04:27,sell,0.02,1645.16,2022.10.31 09:45,1640.1,9.98,Monday,318.0
872,2022.10.31 20:36,sell,0.02,1632.76,2022.11.03 12:04,1621.45,26.66,Monday,3808.0
873,2022.11.01 13:08,buy,0.02,1654.02,2022.11.02 12:15,1654.58,-0.21,Tuesday,1387.0
874,2022.11.02 14:53,buy,0.02,1648.68,2022.11.02 18:36,1664.24,30.98,Wednesday,223.0
875,2022.11.07 04:31,buy,0.02,1672.48,2022.11.07 11:14,1676.11,7.12,Monday,403.0
876,2022.11.07 14:51,buy,0.02,1680.6,2022.11.08 15:10,1693.56,24.59,Monday,1459.0
877,2022.11.08 11:36,sell,0.02,1672.25,2022.11.10 13:30,1733.95,-120.2,Tuesday,2994.0
878,2022.11.08 19:48,buy,0.02,1711.18,2022.11.09 09:08,1711.35,-0.99,Tuesday,800.0
879,2022.11.09 13:27,buy,0.02,1705.26,2022.11.09 14:51,1712.21,13.76,Wednesday,84.0
880,2022.11.09 19:05,buy,0.02,1704.74,2022.11.10 07:06,1708.15,3.1,Wednesday,721.0
881,2022.11.14 06:19,buy,0.02,1762.19,2022.11.14 15:25,1769.72,14.92,Monday,546.0
882,2022.11.15 06:18,buy,0.02,1770.32,2022.11.15 08:06,1780.21,19.64,Tuesday,108.0
883,2022.11.15 21:10,buy,0.02,1779.23,2022.11.16 11:08,1780.93,2.07,Tuesday,838.0
884,2022.11.16 17:03,buy,0.02,1774.49,2022.11.18 19:00,1748.87,-56.15,Wednesday,2997.0
885,2022.11.17 07:17,sell,0.02,1765.92,2022.11.17 11:58,1765.75,0.2,Thursday,281.0
886,2022.11.17 19:27,sell,0.02,1760.77,2022.11.18 15:16,1755.58,11.08,Thursday,1189.0
887,2022.11.21 04:31,sell,0.02,1746.01,2022.11.21 10:05,1741.09,9.7,Monday,334.0
888,2022.11.21 05:04,buy,0.02,1746.01,2022.11.23 19:07,1749.18,3.81,Monday,3723.0
889,2022.11.22 15:07,sell,0.02,1743.08,2022.11.23 00:00,1741.37,4.12,Tuesday,533.0
890,2022.11.23 07:12,sell,0.02,1738.83,2022.11.23 11:49,1738.61,0.3,Wednesday,277.0
891,2022.11.23 19:18,sell,0.02,1750.15,2022.11.25 14:27,1749.98,3.54,Wednesday,2589.0
892,2022.11.23 21:28,buy,0.02,1750.21,2022.11.24 08:00,1753.5,2.86,Wednesday,632.0
893,2022.11.24 10:44,buy,0.02,1755.47,2022.11.25 06:05,1755.64,-0.99,Thursday,1161.0
894,2022.11.28 04:41,sell,0.02,1751.06,2022.11.28 14:45,1749.11,3.76,Monday,604.0
895,2022.11.28 05:48,buy,0.02,1749.79,2022.11.28 07:37,1749.96,0.2,Monday,109.0
896,2022.11.28 10:16,buy,0.02,1761.41,2022.12.01 01:57,1775.77,22.62,Monday,3821.0
897,2022.11.30 20:54,sell,0.02,1769.13,2022.12.02 19:00,1795.54,-49.62,Wednesday,2766.0
898,2022.12.01 20:47,buy,0.02,1802.96,2022.12.02 19:00,1795.34,-16.57,Thursday,1333.0
899,2022.12.05 04:54,buy,0.02,1809.19,2022.12.09 19:00,1798.28,-29.12,Monday,6606.0
900,2022.12.06 07:34,sell,0.02,1770.05,2022.12.09 19:00,1798.48,-52.82,Tuesday,5006.0
901,2022.12.13 07:42,sell,0.02,1787.98,2022.12.13 11:03,1787.81,0.2,Tuesday,201.0
902,2022.12.13 08:50,buy,0.02,1785.92,2022.12.13 13:29,1790.74,9.5,Tuesday,279.0
903,2022.12.13 13:16,sell,0.02,1787.84,2022.12.15 08:30,1777.81,23.26,Tuesday,2594.0
904,2022.12.14 08:43,buy,0.02,1808.83,2022.12.14 17:12,1809.0,0.2,Wednesday,509.0
905,2022.12.14 21:50,buy,0.02,1807.38,2022.12.16 19:00,1791.55,-36.57,Wednesday,2710.0
906,2022.12.15 15:14,sell,0.02,1781.59,2022.12.15 15:48,1779.37,4.3,Thursday,34.0
907,2022.12.19 05:47,buy,0.02,1791.59,2022.12.19 12:34,1793.52,3.72,Monday,407.0
908,2022.12.19 19:52,buy,0.02,1786.8,2022.12.20 03:46,1791.0,7.07,Monday,474.0
909,2022.12.21 04:57,buy,0.02,1813.97,2022.12.21 15:52,1818.93,9.78,Wednesday,655.0
910,2022.12.22 05:43,buy,0.02,1819.9,2022.12.23 19:00,1795.65,-49.83,Thursday,2237.0
911,2022.12.27 03:02,sell,0.02,1806.01,2022.12.28 10:13,1804.01,4.7,Tuesday,1871.0
912,2022.12.27 03:50,buy,0.02,1804.4,2022.12.27 13:26,1806.26,3.58,Tuesday,576.0
913,2022.12.27 16:49,buy,0.02,1820.03,2022.12.30 14:15,1820.2,-5.76,Tuesday,4166.0
914,2022.12.29 15:44,sell,0.02,1813.71,2022.12.30 19:00,1819.25,-10.38,Thursday,1636.0
915,2023.01.03 05:12,buy,0.02,1840.72,2023.01.03 07:50,1845.56,9.54,Tuesday,158.0
916,2023.01.03 10:44,buy,0.02,1836.53,2023.01.03 14:05,1836.7,0.2,Tuesday,201.0
917,2023.01.04 10:42,buy,0.02,1858.43,2023.01.04 11:41,1858.6,0.2,Wednesday,59.0
918,2023.01.04 18:15,buy,0.02,1852.52,2023.01.05 02:23,1854.26,-0.24,Wednesday,488.0
919,2023.01.05 04:43,buy,0.02,1851.29,2023.01.05 06:58,1851.55,0.38,Thursday,135.0
920,2023.01.05 11:00,sell,0.02,1848.94,2023.01.05 14:07,1835.52,26.7,Thursday,187.0
921,2023.01.05 12:14,buy,0.02,1846.13,2023.01.06 14:07,1847.88,2.17,Thursday,1553.0
922,2023.01.05 17:41,sell,0.02,1833.54,2023.01.06 19:00,1868.76,-69.74,Thursday,1519.0
923,2023.01.09 04:08,buy,0.02,1877.35,2023.01.09 14:58,1877.52,0.2,Monday,650.0
924,2023.01.10 03:05,buy,0.02,1872.59,2023.01.10 12:17,1873.0,0.68,Tuesday,552.0
925,2023.01.10 20:03,buy,0.02,1876.59,2023.01.11 12:11,1881.67,8.83,Tuesday,968.0
926,2023.01.11 14:35,buy,0.02,1877.64,2023.01.12 13:30,1885.98,12.96,Wednesday,1375.0
927,2023.01.11 18:32,sell,0.02,1874.97,2023.01.13 19:00,1919.68,-86.22,Wednesday,2908.0
928,2023.01.12 20:59,buy,0.02,1898.21,2023.01.13 09:22,1905.43,13.11,Thursday,743.0
929,2023.01.16 10:42,buy,0.02,1916.57,2023.01.18 13:33,1919.54,3.41,Monday,3051.0
930,2023.01.17 11:25,sell,0.02,1906.7,2023.01.18 02:42,1905.43,3.24,Tuesday,917.0
931,2023.01.18 11:36,sell,0.02,1914.74,2023.01.18 18:07,1906.39,16.56,Wednesday,391.0
932,2023.01.18 15:34,buy,0.02,1917.38,2023.01.19 15:49,1919.13,-0.22,Wednesday,1455.0
933,2023.01.19 03:26,sell,0.02,1907.63,2023.01.20 19:00,1929.49,-43.02,Thursday,2374.0
934,2023.01.23 04:17,buy,0.02,1930.82,2023.01.24 04:03,1932.49,2.01,Monday,1426.0
935,2023.01.23 18:50,sell,0.02,1929.3,2023.01.23 20:21,1929.13,0.2,Monday,91.0
936,2023.01.24 09:29,buy,0.02,1936.47,2023.01.25 20:15,1943.95,13.63,Tuesday,2086.0
937,2023.01.25 11:12,sell,0.02,1924.58,2023.01.25 14:04,1924.41,0.2,Wednesday,172.0
938,2023.01.25 16:45,sell,0.02,1934.51,2023.01.26 15:00,1933.54,4.31,Wednesday,1335.0
939,2023.01.26 12:35,buy,0.02,1936.19,2023.01.26 14:25,1938.32,4.12,Thursday,110.0
940,2023.01.26 20:59,buy,0.02,1929.5,2023.01.27 01:59,1929.67,-0.99,Thursday,300.0
941,2023.01.30 03:12,sell,0.02,1925.91,2023.01.30 10:06,1925.74,0.2,Monday,414.0
942,2023.01.30 03:29,buy,0.02,1925.63,2023.01.30 07:20,1929.15,6.9,Monday,231.0
943,2023.01.30 16:31,sell,0.02,1923.89,2023.01.31 12:45,1906.07,36.34,Monday,1214.0
944,2023.01.30 17:06,buy,0.02,1924.13,2023.02.01 01:21,1925.91,1.03,Monday,1935.0
945,2023.02.01 05:02,buy,0.02,1926.04,2023.02.01 13:35,1927.86,3.5,Wednesday,513.0
946,2023.02.02 05:33,buy,0.02,1953.94,2023.02.02 09:14,1954.23,0.44,Thursday,221.0
947,2023.02.06 05:21,sell,0.02,1876.68,2023.02.06 09:29,1874.45,4.32,Monday,248.0
948,2023.02.06 18:53,sell,0.02,1867.17,2023.02.09 17:56,1867.0,4.38,Monday,4263.0
949,2023.02.08 11:43,buy,0.02,1881.98,2023.02.09 11:16,1882.15,-3.38,Wednesday,1413.0
950,2023.02.09 21:41,sell,0.02,1861.54,2023.02.10 05:53,1857.97,7.84,Thursday,492.0
951,2023.02.13 06:03,sell,0.02,1859.66,2023.02.13 10:24,1857.89,3.4,Monday,261.0
952,2023.02.13 21:19,sell,0.02,1854.08,2023.02.14 14:37,1847.45,13.96,Monday,1038.0
953,2023.02.14 17:22,sell,0.02,1849.55,2023.02.15 09:09,1836.51,26.78,Tuesday,947.0
954,2023.02.15 11:53,sell,0.02,1834.44,2023.02.16 13:50,1831.77,7.71,Wednesday,1557.0
955,2023.02.16 20:50,buy,0.02,1838.11,2023.02.17 19:00,1842.02,6.49,Thursday,1330.0
956,2023.02.20 04:40,sell,0.02,1844.28,2023.02.21 08:57,1835.87,17.52,Monday,1697.0
957,2023.02.20 17:39,buy,0.02,1841.58,2023.02.22 12:41,1841.75,-2.19,Monday,2582.0
958,2023.02.21 17:46,sell,0.02,1835.9,2023.02.21 20:04,1835.73,0.2,Tuesday,138.0
959,2023.02.22 04:45,sell,0.02,1835.47,2023.02.22 15:20,1835.3,0.2,Wednesday,635.0
960,2023.02.23 12:25,sell,0.02,1825.41,2023.02.23 13:35,1824.27,2.14,Thursday,70.0
961,2023.02.23 15:38,sell,0.02,1823.57,2023.02.23 18:50,1823.4,0.2,Thursday,192.0
962,2023.02.27 05:55,sell,0.02,1808.86,2023.02.28 08:25,1808.69,1.04,Monday,1590.0
963,2023.02.27 20:06,buy,0.02,1817.11,2023.02.28 15:18,1821.07,6.59,Monday,1152.0
964,2023.02.28 16:00,sell,0.02,1823.98,2023.03.03 19:00,1850.19,-48.38,Tuesday,4500.0
965,2023.02.28 19:40,buy,0.02,1829.48,2023.03.01 07:36,1831.58,2.87,Tuesday,716.0
966,2023.03.01 10:03,buy,0.02,1831.82,2023.03.01 13:10,1836.85,9.92,Wednesday,187.0
967,2023.03.02 14:10,buy,0.02,1833.81,2023.03.02 15:21,1834.02,0.28,Thursday,71.0
968,2023.03.06 04:18,buy,0.02,1855.76,2023.03.07 21:00,1813.92,-85.01,Monday,2442.0
969,2023.03.07 15:59,sell,0.02,1817.94,2023.03.08 07:08,1814.39,7.8,Tuesday,909.0
970,2023.03.09 08:00,sell,0.02,1814.67,2023.03.10 15:26,1864.57,-99.1,Thursday,1886.0
971,2023.03.09 16:30,buy,0.02,1827.75,2023.03.09 20:14,1829.45,3.26,Thursday,224.0
972,2023.03.13 07:30,buy,0.02,1873.36,2023.03.13 09:49,1889.7,32.54,Monday,139.0
973,2023.03.13 16:14,buy,0.02,1905.62,2023.03.13 19:11,1908.89,6.4,Monday,177.0
974,2023.03.14 04:12,buy,0.02,1903.37,2023.03.14 06:21,1908.74,10.6,Tuesday,129.0
975,2023.03.14 16:21,buy,0.02,1903.46,2023.03.14 19:08,1905.24,3.42,Tuesday,167.0
976,2023.03.15 06:32,buy,0.02,1899.3,2023.03.15 11:45,1914.85,30.96,Wednesday,313.0
977,2023.03.15 17:41,buy,0.02,1926.09,2023.03.16 12:30,1926.26,-3.38,Wednesday,1129.0
978,2023.03.16 16:02,buy,0.01,1918.62,2023.03.17 06:03,1928.15,8.86,Thursday,841.0
979,2023.03.20 10:20,buy,0.01,1986.18,2023.03.23 18:55,1997.82,8.59,Monday,4835.0
980,2023.03.21 19:40,sell,0.01,1937.99,2023.03.23 22:00,1993.4,-53.81,Tuesday,3020.0
981,2023.03.27 06:18,sell,0.01,1968.59,2023.03.27 11:20,1952.38,16.14,Monday,302.0
982,2023.03.27 13:18,buy,0.01,1948.34,2023.03.27 16:55,1955.34,6.93,Monday,217.0
983,2023.03.27 19:45,buy,0.01,1957.4,2023.03.28 02:26,1959.18,1.11,Monday,401.0
984,2023.03.27 20:12,sell,0.01,1957.15,2023.03.28 07:30,1956.76,0.74,Monday,678.0
985,2023.03.28 07:35,buy,0.01,1955.84,2023.03.28 13:00,1963.3,7.39,Tuesday,325.0
986,2023.03.28 10:38,sell,0.01,1956.19,2023.03.31 19:00,1971.36,-13.15,Tuesday,4822.0
987,2023.03.28 20:48,buy,0.01,1973.55,2023.03.30 17:25,1978.97,2.96,Tuesday,2677.0
988,2023.04.03 03:37,buy,0.01,1951.42,2023.04.03 13:31,1975.71,24.22,Monday,594.0
989,2023.04.03 04:11,sell,0.01,1951.03,2023.04.04 22:00,2020.29,-68.91,Monday,2509.0
990,2023.04.03 17:28,buy,0.01,1984.64,2023.04.04 14:11,2007.37,22.06,Monday,1243.0
991,2023.04.04 20:52,buy,0.01,2020.9,2023.04.05 08:53,2024.26,2.69,Tuesday,721.0
992,2023.04.05 14:47,buy,0.01,2017.77,2023.04.05 17:20,2019.52,1.68,Wednesday,153.0
993,2023.04.05 20:08,buy,0.01,2021.11,2023.04.12 12:44,2023.54,-1.82,Wednesday,9636.0
994,2023.04.10 03:50,sell,0.01,1991.03,2023.04.10 13:11,1990.86,0.1,Monday,561.0
995,2023.04.10 19:17,sell,0.01,1990.66,2023.04.14 19:00,2006.47,-13.37,Monday,5743.0
996,2023.04.12 17:13,buy,0.01,2008.05,2023.04.12 19:58,2013.12,5.0,Wednesday,165.0
997,2023.04.13 03:32,buy,0.01,2017.18,2023.04.13 12:30,2032.51,15.26,Thursday,538.0
998,2023.04.13 15:02,buy,0.01,2035.01,2023.04.13 18:41,2038.61,3.53,Thursday,219.0
999,2023.04.17 03:40,sell,0.01,2004.66,2023.04.17 12:52,2003.59,1.0,Monday,552.0
1000,2023.04.17 08:20,buy,0.01,2011.85,2023.04.21 19:00,1979.05,-36.45,Monday,6400.0
1001,2023.04.18 03:50,sell,0.01,1999.78,2023.04.18 13:41,1996.35,3.36,Tuesday,591.0
1002,2023.04.18 18:51,sell,0.01,2004.01,2023.04.19 06:45,1992.57,11.79,Tuesday,714.0
1003,2023.04.19 12:56,sell,0.01,1979.59,2023.04.21 13:57,1977.5,3.69,Wednesday,2941.0
1004,2023.04.24 06:39,sell,0.01,1981.23,2023.04.24 13:38,1978.99,2.17,Monday,419.0
1005,2023.04.24 17:38,sell,0.01,1989.65,2023.04.25 12:17,1980.77,9.23,Monday,1119.0
1006,2023.04.25 03:33,buy,0.01,1995.41,2023.04.25 18:28,1998.72,3.24,Tuesday,895.0
1007,2023.04.25 14:24,sell,0.01,1985.36,2023.04.27 13:50,1979.38,7.58,Tuesday,2846.0
1008,2023.04.25 20:52,buy,0.01,1996.42,2023.04.26 00:48,1998.2,1.11,Tuesday,236.0
1009,2023.04.26 04:09,buy,0.01,1994.82,2023.04.26 11:41,1996.89,2.0,Wednesday,452.0
1010,2023.04.27 08:14,buy,0.01,1998.84,2023.04.27 12:30,1999.26,0.35,Thursday,256.0
1011,2023.04.27 20:15,sell,0.01,1987.87,2023.04.28 10:21,1984.32,3.9,Thursday,846.0
1012,2023.05.01 05:01,sell,0.01,1983.93,2023.05.01 09:18,1982.2,1.66,Monday,257.0
1013,2023.05.01 15:00,buy,0.01,1984.37,2023.05.02 11:57,1986.06,1.02,Monday,1257.0
1014,2023.05.01 22:04,sell,0.01,1981.61,2023.05.03 22:00,2054.35,-71.97,Monday,2876.0
1015,2023.05.02 19:10,buy,0.01,2016.13,2023.05.03 15:37,2022.7,5.9,Tuesday,1227.0
1016,2023.05.04 07:49,buy,0.01,2032.93,2023.05.04 12:17,2039.94,6.94,Thursday,268.0
1017,2023.05.04 18:17,buy,0.01,2046.21,2023.05.05 02:18,2048.03,1.15,Thursday,481.0
1018,2023.05.08 04:29,sell,0.01,2024.01,2023.05.08 13:46,2022.21,1.73,Monday,557.0
1019,2023.05.08 06:44,buy,0.01,2021.7,2023.05.08 13:19,2021.88,0.11,Monday,395.0
1020,2023.05.08 16:04,sell,0.01,2027.61,2023.05.09 01:23,2023.92,4.04,Monday,559.0
1021,2023.05.08 19:00,buy,0.01,2021.67,2023.05.09 07:01,2023.36,1.02,Monday,721.0
1022,2023.05.09 08:08,sell,0.01,2024.5,2023.05.11 14:01,2015.24,10.86,Tuesday,3233.0
1023,2023.05.09 19:28,buy,0.01,2034.55,2023.05.10 12:34,2041.7,6.48,Tuesday,1026.0
1024,2023.05.10 15:33,buy,0.01,2024.08,2023.05.10 19:33,2029.21,5.06,Wednesday,240.0
1025,2023.05.11 03:50,buy,0.01,2032.26,2023.05.11 12:16,2034.63,2.3,Thursday,506.0
1026,2023.05.11 14:28,buy,0.01,2016.81,2023.05.11 15:32,2016.98,0.1,Thursday,64.0
1027,2023.05.15 07:43,sell,0.01,2018.71,2023.05.15 12:30,2016.82,1.82,Monday,287.0
1028,2023.05.15 09:26,buy,0.01,2016.16,2023.05.15 14:16,2018.11,1.88,Monday,290.0
1029,2023.05.15 16:00,sell,0.01,2017.62,2023.05.16 06:48,2007.7,10.27,Monday,888.0
1030,2023.05.16 13:00,sell,0.01,2011.92,2023.05.16 15:19,2002.7,9.15,Tuesday,139.0
1031,2023.05.16 18:55,sell,0.01,1989.78,2023.05.17 10:32,1988.07,2.06,Tuesday,937.0
1032,2023.05.17 16:44,sell,0.01,1982.74,2023.05.18 09:32,1977.27,6.65,Wednesday,1008.0
1033,2023.05.18 19:05,sell,0.01,1956.56,2023.05.19 19:00,1977.05,-20.14,Thursday,1435.0
1034,2023.05.22 14:15,buy,0.01,1972.96,2023.05.22 18:33,1973.47,0.44,Monday,258.0
1035,2023.05.22 16:54,sell,0.01,1974.16,2023.05.23 06:15,1963.72,10.79,Monday,801.0
1036,2023.05.23 08:49,sell,0.01,1959.42,2023.05.23 11:21,1959.25,0.1,Tuesday,152.0
1037,2023.05.23 19:05,sell,0.01,1976.01,2023.05.24 07:42,1975.84,0.52,Tuesday,757.0
1038,2023.05.23 20:01,buy,0.01,1975.13,2023.05.24 06:30,1975.3,-0.5,Tuesday,629.0
1039,2023.05.24 09:02,buy,0.01,1976.8,2023.05.24 12:36,1981.19,4.32,Wednesday,214.0
1040,2023.05.24 11:22,sell,0.01,1977.13,2023.05.24 14:09,1970.99,6.07,Wednesday,167.0
1041,2023.05.24 14:45,buy,0.01,1970.99,2023.05.26 19:00,1946.14,-27.31,Wednesday,3135.0
1042,2023.05.24 17:52,sell,0.01,1963.47,2023.05.24 22:50,1961.79,1.61,Wednesday,298.0
1043,2023.05.25 10:46,sell,0.01,1962.09,2023.05.25 13:00,1944.38,17.64,Thursday,134.0
1044,2023.05.29 03:16,sell,0.01,1945.58,2023.05.29 08:58,1945.4,0.11,Monday,342.0
1045,2023.05.29 11:46,sell,0.01,1946.06,2023.05.30 02:12,1945.89,0.52,Monday,866.0
1046,2023.05.30 10:37,sell,0.01,1954.53,2023.05.30 14:07,1954.36,0.1,Tuesday,210.0
1047,2023.05.31 03:35,buy,0.01,1957.56,2023.05.31 06:26,1960.96,3.33,Wednesday,171.0
1048,2023.05.31 05:36,sell,0.01,1958.75,2023.06.01 09:31,1958.55,1.38,Wednesday,1675.0
1049,2023.05.31 09:08,buy,0.01,1955.43,2023.05.31 10:21,1955.6,0.1,Wednesday,73.0
1050,2023.06.01 11:44,sell,0.01,1966.89,2023.06.01 12:30,1963.15,3.67,Thursday,46.0
1051,2023.06.01 16:29,sell,0.01,1979.77,2023.06.02 02:11,1979.6,0.52,Thursday,582.0
1052,2023.06.01 22:53,buy,0.01,1976.9,2023.06.02 05:27,1978.63,1.06,Thursday,394.0
1053,2023.06.05 06:06,sell,0.01,1944.55,2023.06.05 08:11,1942.57,1.91,Monday,125.0
1054,2023.06.05 14:30,sell,0.01,1958.61,2023.06.06 14:05,1958.44,0.52,Monday,1415.0
1055,2023.06.06 03:05,buy,0.01,1960.65,2023.06.06 12:33,1960.82,0.1,Tuesday,568.0
1056,2023.06.06 17:55,sell,0.01,1964.79,2023.06.07 08:27,1959.77,5.37,Tuesday,872.0
1057,2023.06.06 19:21,buy,0.01,1963.05,2023.06.07 14:09,1964.9,1.18,Tuesday,1128.0
1058,2023.06.07 11:25,sell,0.01,1962.21,2023.06.07 13:36,1961.85,0.29,Wednesday,131.0
1059,2023.06.07 15:31,sell,0.01,1954.85,2023.06.07 17:34,1945.1,9.68,Wednesday,123.0
1060,2023.06.07 18:57,buy,0.01,1942.79,2023.06.08 06:20,1942.96,-1.69,Wednesday,683.0
1061,2023.06.08 04:41,sell,0.01,1946.15,2023.06.09 19:00,1961.64,-15.14,Thursday,2299.0
1062,2023.06.12 06:00,sell,0.01,1959.0,2023.06.12 14:02,1954.61,4.32,Monday,482.0
1063,2023.06.12 14:11,buy,0.01,1951.37,2023.06.12 16:27,1953.15,1.71,Monday,136.0
1064,2023.06.12 17:33,sell,0.01,1955.68,2023.06.13 12:30,1953.46,2.57,Monday,1137.0
1065,2023.06.13 07:18,buy,0.01,1964.3,2023.06.13 12:30,1966.72,2.35,Tuesday,312.0
1066,2023.06.13 14:55,buy,0.02,1952.8,2023.06.14 12:48,1955.11,3.29,Tuesday,1313.0
1067,2023.06.13 17:01,sell,0.02,1945.14,2023.06.13 22:36,1944.95,0.24,Tuesday,335.0
1068,2023.06.14 08:05,sell,0.02,1950.39,2023.06.14 12:30,1950.22,0.2,Wednesday,265.0
1069,2023.06.14 12:57,sell,0.02,1956.59,2023.06.14 18:02,1948.01,17.02,Wednesday,305.0
1070,2023.06.14 22:39,sell,0.02,1945.04,2023.06.15 03:34,1936.51,19.43,Wednesday,295.0
1071,2023.06.15 07:39,sell,0.02,1933.11,2023.06.15 12:18,1931.31,3.46,Thursday,279.0
1072,2023.06.15 16:26,sell,0.02,1958.96,2023.06.16 06:04,1958.79,1.04,Thursday,818.0
1073,2023.06.15 20:51,buy,0.02,1957.98,2023.06.16 12:50,1962.92,8.55,Thursday,959.0
1074,2023.06.19 04:38,sell,0.02,1955.92,2023.06.19 13:30,1952.66,6.38,Monday,532.0
1075,2023.06.19 06:24,buy,0.02,1955.11,2023.06.23 19:00,1920.43,-76.66,Monday,6516.0
1076,2023.06.19 22:33,sell,0.02,1951.85,2023.06.20 02:24,1949.99,4.42,Monday,231.0
1077,2023.06.20 06:37,sell,0.02,1951.37,2023.06.20 14:11,1934.29,34.02,Tuesday,454.0
1078,2023.06.21 04:18,sell,0.02,1935.85,2023.06.21 07:10,1935.65,0.26,Wednesday,172.0
1079,2023.06.21 17:18,sell,0.02,1934.42,2023.06.22 08:14,1931.16,8.89,Wednesday,896.0
1080,2023.06.22 10:34,sell,0.02,1927.35,2023.06.22 13:36,1923.33,7.9,Thursday,182.0
1081,2023.06.22 16:51,sell,0.02,1916.7,2023.06.23 04:34,1915.0,4.1,Thursday,703.0
1082,2023.06.26 06:50,buy,0.02,1923.1,2023.06.26 13:29,1927.84,9.34,Monday,399.0
1083,2023.06.26 08:41,sell,0.02,1932.12,2023.06.26 15:20,1927.12,9.86,Monday,399.0
1084,2023.06.26 16:15,buy,0.02,1925.84,2023.06.27 05:46,1926.21,-0.59,Monday,811.0
1085,2023.06.26 20:21,sell,0.02,1922.64,2023.06.27 14:22,1915.59,14.8,Monday,1081.0
1086,2023.06.27 16:59,buy,0.02,1914.91,2023.06.30 14:36,1915.08,-5.76,Tuesday,4177.0
1087,2023.06.28 15:42,sell,0.02,1912.21,2023.06.29 01:15,1912.04,2.71,Wednesday,573.0
1088,2023.06.29 08:51,sell,0.02,1906.72,2023.06.29 13:50,1898.12,17.06,Thursday,299.0
1089,2023.06.29 17:13,sell,0.02,1910.12,2023.06.30 09:55,1905.1,10.74,Thursday,1002.0
1090,2023.07.03 04:40,sell,0.02,1919.33,2023.07.03 12:24,1914.63,9.26,Monday,464.0
1091,2023.07.03 06:43,buy,0.02,1913.94,2023.07.03 14:10,1926.42,24.82,Monday,447.0
1092,2023.07.03 14:21,sell,0.02,1925.79,2023.07.04 04:19,1923.84,4.6,Monday,838.0
1093,2023.07.03 17:23,buy,0.02,1921.25,2023.07.04 12:41,1926.21,8.59,Monday,1158.0
1094,2023.07.04 06:39,sell,0.02,1926.23,2023.07.05 07:42,1926.06,1.04,Tuesday,1503.0
1095,2023.07.05 03:46,buy,0.02,1924.7,2023.07.05 13:31,1930.22,10.9,Wednesday,585.0
1096,2023.07.05 18:55,buy,0.02,1916.24,2023.07.06 08:37,1916.41,-3.38,Wednesday,822.0
1097,2023.07.06 03:50,sell,0.02,1918.3,2023.07.06 12:32,1910.12,16.22,Thursday,522.0
1098,2023.07.06 22:02,sell,0.02,1910.54,2023.07.07 19:00,1926.41,-31.04,Thursday,1258.0
1099,2023.07.10 07:23,sell,0.02,1924.52,2023.07.10 13:07,1916.8,15.3,Monday,344.0
1100,2023.07.10 17:56,sell,0.02,1925.97,2023.07.14 01:27,1960.56,-64.3,Monday,4771.0
1101,2023.07.10 18:32,buy,0.02,1925.62,2023.07.11 07:03,1933.03,13.49,Monday,751.0
1102,2023.07.11 12:00,buy,0.02,1936.41,2023.07.12 06:35,1936.58,-0.99,Tuesday,1115.0
1103,2023.07.12 08:55,buy,0.02,1935.79,2023.07.12 12:42,1945.99,20.26,Wednesday,227.0
1104,2023.07.12 17:49,buy,0.02,1956.53,2023.07.13 05:00,1956.84,-3.1,Wednesday,671.0
1105,2023.07.13 17:24,buy,0.02,1958.81,2023.07.14 05:40,1958.98,-0.99,Thursday,736.0
1106,2023.07.17 03:21,sell,0.02,1952.42,2023.07.17 13:59,1950.74,3.22,Monday,638.0
1107,2023.07.17 07:10,buy,0.02,1954.34,2023.07.17 12:23,1954.51,0.2,Monday,313.0
1108,2023.07.17 15:20,buy,0.02,1952.98,2023.07.18 11:17,1967.93,28.57,Monday,1197.0
1109,2023.07.18 17:16,buy,0.02,1977.5,2023.07.20 05:38,1982.53,5.15,Tuesday,2182.0
1110,2023.07.20 16:39,buy,0.02,1967.21,2023.07.21 05:35,1968.9,2.05,Thursday,776.0
1111,2023.07.20 18:19,sell,0.02,1970.44,2023.07.21 11:49,1965.64,10.3,Thursday,1050.0
1112,2023.07.24 05:49,buy,0.02,1960.36,2023.07.24 08:39,1960.53,0.2,Monday,170.0
1113,2023.07.24 07:42,sell,0.02,1963.91,2023.07.24 09:17,1963.74,0.2,Monday,95.0
1114,2023.07.24 14:10,buy,0.02,1960.8,2023.07.26 13:19,1968.81,13.49,Monday,2829.0
1115,2023.07.24 14:29,sell,0.02,1958.95,2023.07.25 01:16,1958.78,1.04,Monday,647.0
1116,2023.07.25 09:21,sell,0.02,1962.94,2023.07.25 11:50,1958.03,9.68,Tuesday,149.0
1117,2023.07.25 16:08,sell,0.02,1964.31,2023.07.27 13:46,1948.8,34.22,Tuesday,2738.0
1118,2023.07.26 17:28,buy,0.02,1968.57,2023.07.26 18:01,1968.75,0.22,Wednesday,33.0
1119,2023.07.27 05:15,buy,0.02,1976.56,2023.07.27 08:36,1976.73,0.2,Thursday,201.0
1120,2023.07.27 13:25,buy,0.02,1956.29,2023.07.28 12:31,1957.14,0.37,Thursday,1386.0
1121,2023.07.27 22:15,sell,0.02,1946.83,2023.07.28 19:00,1959.11,-23.86,Thursday,1245.0
1122,2023.07.31 08:18,sell,0.02,1955.28,2023.07.31 09:06,1955.11,0.2,Monday,48.0
1123,2023.07.31 17:00,sell,0.02,1970.85,2023.08.01 14:00,1949.88,42.64,Monday,1260.0
1124,2023.07.31 22:40,buy,0.02,1965.46,2023.08.04 19:00,1941.31,-55.6,Monday,5540.0
1125,2023.08.01 22:13,sell,0.02,1950.39,2023.08.02 06:09,1950.22,1.04,Tuesday,476.0
1126,2023.08.02 11:18,sell,0.02,1951.8,2023.08.02 12:19,1949.95,3.56,Wednesday,61.0
1127,2023.08.02 22:31,sell,0.02,1935.78,2023.08.03 07:31,1935.61,2.71,Wednesday,540.0
1128,2023.08.03 15:30,sell,0.02,1937.37,2023.08.04 01:00,1937.2,1.04,Thursday,570.0
1129,2023.08.07 11:09,sell,0.02,1934.76,2023.08.08 08:53,1934.59,1.04,Monday,1304.0
1130,2023.08.08 14:39,sell,0.02,1929.16,2023.08.09 01:34,1928.86,1.3,Tuesday,655.0
1131,2023.08.09 04:31,sell,0.02,1930.09,2023.08.09 14:04,1926.69,6.66,Wednesday,573.0
1132,2023.08.09 18:48,sell,0.02,1915.65,2023.08.11 00:56,1914.98,4.54,Wednesday,1808.0
1133,2023.08.14 05:45,sell,0.02,1913.21,2023.08.14 12:51,1911.31,3.66,Monday,426.0
1134,2023.08.14 15:56,sell,0.03,1910.63,2023.08.15 12:34,1900.42,31.67,Monday,1238.0
1135,2023.08.15 16:09,sell,0.03,1906.51,2023.08.16 02:42,1904.8,6.17,Tuesday,633.0
1136,2023.08.16 09:28,sell,0.03,1906.8,2023.08.16 13:22,1903.27,10.38,Wednesday,234.0
1137,2023.08.16 20:45,sell,0.03,1892.78,2023.08.17 23:00,1890.44,10.57,Wednesday,1575.0
1138,2023.08.21 03:27,sell,0.03,1892.13,2023.08.21 11:39,1891.96,0.3,Monday,492.0
1139,2023.08.21 15:03,buy,0.03,1886.59,2023.08.22 12:27,1899.46,36.61,Monday,1284.0
1140,2023.08.22 03:44,sell,0.03,1895.97,2023.08.22 14:13,1893.97,5.79,Tuesday,629.0
1141,2023.08.22 18:10,sell,0.03,1897.52,2023.08.25 19:00,1913.48,-41.82,Tuesday,4370.0
1142,2023.08.22 20:46,buy,0.03,1897.54,2023.08.23 12:58,1904.05,17.53,Tuesday,972.0
1143,2023.08.23 18:25,buy,0.03,1917.06,2023.08.24 10:52,1918.73,-0.57,Wednesday,987.0
1144,2023.08.24 16:29,buy,0.03,1919.52,2023.08.25 19:00,1913.28,-20.72,Thursday,1591.0
1145,2023.08.28 03:12,buy,0.03,1915.79,2023.08.28 16:57,1920.65,14.37,Monday,825.0
1146,2023.08.28 13:01,sell,0.03,1917.17,2023.08.28 13:42,1917.0,0.3,Monday,41.0
1147,2023.08.29 04:35,buy,0.03,1924.68,2023.08.30 15:10,1944.9,58.66,Tuesday,2075.0
1148,2023.08.31 08:00,buy,0.03,1945.11,2023.09.01 12:44,1948.16,7.15,Thursday,1724.0
1149,2023.09.04 07:04,buy,0.03,1945.04,2023.09.06 22:00,1916.55,-89.26,Monday,3776.0
1150,2023.09.05 03:12,sell,0.03,1936.34,2023.09.05 12:43,1932.89,10.14,Tuesday,571.0
1151,2023.09.05 22:38,sell,0.03,1926.23,2023.09.06 13:45,1925.89,2.06,Tuesday,907.0
1152,2023.09.07 11:55,sell,0.03,1921.64,2023.09.07 12:51,1921.47,0.3,Thursday,56.0
1153,2023.09.07 17:48,sell,0.03,1918.79,2023.09.08 19:00,1918.7,1.31,Thursday,1512.0
1154,2023.09.11 11:50,sell,0.03,1924.93,2023.09.12 14:30,1912.42,38.57,Monday,1600.0
1155,2023.09.11 12:12,buy,0.03,1925.53,2023.09.11 13:47,1925.7,0.3,Monday,95.0
1156,2023.09.12 20:49,sell,0.03,1913.14,2023.09.13 11:00,1912.97,1.55,Tuesday,851.0
1157,2023.09.13 13:04,sell,0.03,1912.63,2023.09.14 00:49,1912.46,4.06,Wednesday,705.0
1158,2023.09.14 08:19,sell,0.03,1905.74,2023.09.14 12:52,1905.57,0.3,Thursday,273.0
1159,2023.09.14 19:42,sell,0.03,1909.13,2023.09.15 19:00,1924.15,-44.02,Thursday,1398.0
1160,2023.09.18 03:05,sell,0.03,1928.2,2023.09.18 13:18,1928.03,0.3,Monday,613.0
1161,2023.09.19 03:07,buy,0.03,1932.96,2023.09.19 13:16,1933.13,0.3,Tuesday,609.0
1162,2023.09.19 15:27,buy,0.03,1933.39,2023.09.20 15:58,1941.7,22.93,Tuesday,1471.0
1163,2023.09.20 20:34,buy,0.03,1930.92,2023.09.22 19:00,1924.92,-25.37,Wednesday,2786.0
1164,2023.09.21 06:09,sell,0.03,1928.13,2023.09.21 13:43,1918.19,29.61,Thursday,454.0
1165,2023.09.21 22:04,sell,0.03,1919.68,2023.09.22 19:00,1925.12,-15.28,Thursday,1256.0
1166,2023.09.25 06:33,sell,0.03,1921.17,2023.09.26 08:03,1914.72,20.39,Monday,1530.0
1167,2023.09.25 08:10,buy,0.03,1923.24,2023.09.27 09:00,1896.56,-83.83,Monday,2930.0
1168,2023.09.26 18:20,sell,0.03,1900.29,2023.09.27 14:00,1888.79,35.54,Tuesday,1180.0
1169,2023.09.28 07:33,sell,0.03,1877.49,2023.09.28 14:07,1875.41,6.03,Thursday,394.0
1170,2023.09.28 20:27,sell,0.03,1866.48,2023.09.29 19:00,1849.0,53.48,Thursday,1353.0
1171,2023.10.02 04:33,sell,0.03,1843.79,2023.10.02 06:27,1843.62,0.3,Monday,114.0
1172,2023.10.02 08:32,sell,0.03,1842.19,2023.10.02 10:27,1836.29,17.49,Monday,115.0
1173,2023.10.02 16:55,sell,0.03,1831.75,2023.10.02 23:43,1824.61,21.21,Monday,408.0
1174,2023.10.03 04:16,sell,0.03,1821.41,2023.10.04 07:42,1821.24,1.55,Tuesday,1646.0
1175,2023.10.04 22:41,sell,0.03,1821.91,2023.10.05 13:24,1817.13,17.89,Wednesday,883.0
1176,2023.10.05 07:17,buy,0.03,1822.03,2023.10.06 14:35,1827.1,13.21,Thursday,1878.0
1177,2023.10.05 16:54,sell,0.03,1817.06,2023.10.06 12:30,1815.11,6.89,Thursday,1176.0
1178,2023.10.09 05:25,sell,0.03,1849.89,2023.10.09 13:00,1849.34,1.44,Monday,455.0
1179,2023.10.09 10:08,buy,0.03,1851.51,2023.10.10 00:32,1861.32,27.43,Monday,864.0
1180,2023.10.09 18:43,sell,0.03,1855.19,2023.10.13 11:07,1891.41,-101.35,Monday,5304.0
1181,2023.10.10 04:40,buy,0.03,1861.83,2023.10.11 12:30,1870.08,22.75,Tuesday,1910.0
1182,2023.10.11 17:51,buy,0.03,1871.23,2023.10.12 12:30,1880.89,23.4,Wednesday,1119.0
1183,2023.10.12 20:17,buy,0.03,1868.91,2023.10.13 12:37,1913.55,131.92,Thursday,980.0
1184,2023.10.16 03:36,buy,0.03,1919.08,2023.10.16 12:34,1919.25,0.3,Monday,538.0
1185,2023.10.16 17:08,buy,0.02,1922.12,2023.10.17 11:04,1922.39,-0.79,Monday,1076.0
1186,2023.10.17 15:42,buy,0.02,1925.4,2023.10.18 02:42,1938.65,25.17,Tuesday,660.0
1187,2023.10.18 05:47,buy,0.02,1938.77,2023.10.18 12:41,1945.18,12.68,Wednesday,414.0
1188,2023.10.18 15:03,buy,0.02,1946.54,2023.10.18 18:11,1951.61,10.0,Wednesday,188.0
1189,2023.10.19 04:59,buy,0.02,1948.34,2023.10.19 08:24,1950.11,3.4,Thursday,205.0
1190,2023.10.19 20:18,buy,0.02,1973.67,2023.10.19 23:45,1976.93,6.38,Thursday,207.0
1191,2023.10.23 04:00,buy,0.02,1973.76,2023.10.23 09:45,1978.56,9.46,Monday,345.0
1192,2023.10.23 14:03,buy,0.02,1974.14,2023.10.23 15:52,1974.31,0.2,Monday,109.0
1193,2023.10.24 22:15,buy,0.02,1970.57,2023.10.25 02:53,1972.31,2.15,Tuesday,278.0
1194,2023.10.25 07:45,buy,0.02,1970.55,2023.10.25 09:00,1970.72,0.2,Wednesday,75.0
1195,2023.10.25 11:41,buy,0.02,1974.73,2023.10.25 14:04,1982.11,14.62,Wednesday,143.0
1196,2023.10.25 14:18,sell,0.02,1976.38,2023.10.25 15:04,1967.51,17.6,Wednesday,46.0
1197,2023.10.25 19:27,buy,0.02,1981.93,2023.10.26 05:59,1985.36,3.14,Wednesday,632.0
1198,2023.10.26 12:09,buy,0.02,1985.16,2023.10.26 18:13,1985.33,0.2,Thursday,364.0
1199,2023.10.30 06:40,buy,0.02,1998.09,2023.10.30 13:33,1998.44,0.56,Monday,413.0
1200,2023.10.30 17:48,buy,0.02,1999.01,2023.10.31 14:30,2003.14,6.93,Monday,1242.0
1201,2023.10.31 16:43,buy,0.02,1990.27,2023.11.03 13:00,1999.15,11.66,Tuesday,4097.0
1202,2023.10.31 20:26,sell,0.02,1983.75,2023.11.01 06:04,1980.49,7.22,Tuesday,578.0
1203,2023.11.01 13:24,sell,0.02,1985.01,2023.11.01 17:04,1979.35,11.18,Wednesday,220.0
1204,2023.11.01 19:35,sell,0.02,1981.1,2023.11.03 19:00,1995.22,-25.04,Wednesday,2845.0
1205,2023.11.06 04:26,buy,0.02,1984.53,2023.11.06 14:34,1984.7,0.2,Monday,608.0
1206,2023.11.06 08:40,sell,0.02,1986.45,2023.11.06 17:08,1984.59,3.58,Monday,508.0
1207,2023.11.06 21:57,buy,0.02,1978.1,2023.11.10 19:00,1935.87,-91.76,Monday,5583.0
1208,2023.11.07 06:08,sell,0.02,1973.52,2023.11.07 09:26,1968.73,9.44,Tuesday,198.0
1209,2023.11.07 20:48,sell,0.02,1968.3,2023.11.08 11:34,1964.79,7.72,Tuesday,886.0
1210,2023.11.08 14:29,sell,0.02,1963.15,2023.11.08 15:53,1955.53,15.1,Wednesday,84.0
1211,2023.11.08 21:19,sell,0.02,1949.75,2023.11.09 08:45,1949.58,2.71,Wednesday,686.0
1212,2023.11.09 11:54,sell,0.02,1947.82,2023.11.10 12:51,1947.65,1.04,Thursday,1497.0
1213,2023.11.13 07:05,sell,0.02,1938.88,2023.11.13 15:46,1936.92,3.78,Monday,521.0
1214,2023.11.13 21:01,sell,0.02,1946.2,2023.11.14 13:30,1942.18,8.74,Monday,989.0
1215,2023.11.14 04:15,buy,0.02,1944.53,2023.11.14 13:30,1952.18,15.16,Tuesday,555.0
1216,2023.11.14 16:29,buy,0.02,1964.8,2023.11.15 13:31,1969.85,8.77,Tuesday,1262.0
1217,2023.11.14 20:31,sell,0.02,1963.98,2023.11.15 15:26,1960.24,8.18,Tuesday,1135.0
1218,2023.11.15 16:57,buy,0.02,1962.14,2023.11.16 12:07,1963.89,-0.22,Wednesday,1150.0
1219,2023.11.16 03:04,sell,0.02,1960.73,2023.11.17 19:00,1982.05,-41.94,Thursday,2396.0
1220,2023.11.16 20:48,buy,0.02,1981.26,2023.11.17 06:43,1982.94,2.03,Thursday,595.0
1221,2023.11.20 07:53,buy,0.02,1979.03,2023.11.21 08:45,1989.31,19.23,Monday,1492.0
1222,2023.11.20 13:18,sell,0.02,1971.81,2023.11.20 13:54,1969.78,3.92,Monday,36.0
1223,2023.11.20 18:23,sell,0.02,1978.64,2023.11.28 15:40,2030.08,-96.33,Monday,11357.0
1224,2023.11.21 17:28,buy,0.02,1999.61,2023.11.22 08:31,2001.37,2.19,Tuesday,903.0
1225,2023.11.22 16:43,buy,0.02,1992.93,2023.11.23 09:19,1993.31,-2.96,Wednesday,996.0
1226,2023.11.23 11:30,buy,0.02,1993.88,2023.11.24 15:30,1999.18,9.27,Thursday,1680.0
1227,2023.11.27 04:16,buy,0.02,2009.69,2023.11.27 13:41,2011.4,3.28,Monday,565.0
1228,2023.11.27 16:04,buy,0.02,2009.66,2023.11.28 07:46,2013.21,5.77,Monday,942.0
1229,2023.11.28 12:30,buy,0.02,2015.44,2023.11.28 14:40,2023.25,15.48,Tuesday,130.0
1230,2023.11.28 15:49,buy,0.02,2030.07,2023.11.28 18:13,2038.92,17.56,Tuesday,144.0
1231,2023.11.29 06:29,buy,0.02,2044.8,2023.11.29 20:17,2044.97,0.2,Wednesday,828.0
1232,2023.11.30 05:56,buy,0.02,2042.3,2023.11.30 07:44,2042.47,0.2,Thursday,108.0
1233,2023.11.30 10:07,buy,0.02,2039.32,2023.11.30 13:30,2039.55,0.32,Thursday,203.0
1234,2023.11.30 15:41,buy,0.02,2036.95,2023.11.30 17:58,2037.12,0.2,Thursday,137.0
1235,2023.11.30 16:16,sell,0.02,2037.55,2023.12.01 19:00,2071.92,-68.04,Thursday,1604.0
1236,2023.11.30 20:37,buy,0.02,2035.46,2023.12.01 03:50,2038.76,5.27,Thursday,433.0
1237,2023.12.04 04:25,buy,0.02,2084.12,2023.12.04 05:59,2085.96,3.54,Monday,94.0
1238,2023.12.04 08:24,buy,0.02,2063.08,2023.12.04 09:39,2072.05,17.8,Monday,75.0
1239,2023.12.04 18:42,sell,0.01,2023.38,2023.12.05 14:47,2020.62,3.11,Monday,1205.0
1240,2023.12.05 06:55,buy,0.01,2033.77,2023.12.05 08:40,2035.5,1.66,Tuesday,105.0
1241,2023.12.05 15:10,buy,0.02,2021.31,2023.12.06 08:29,2031.59,19.23,Tuesday,1039.0
1242,2023.12.06 11:33,buy,0.02,2020.79,2023.12.06 14:45,2028.73,15.74,Wednesday,192.0
1243,2023.12.06 18:57,buy,0.02,2030.81,2023.12.07 11:31,2031.03,-3.28,Wednesday,994.0
1244,2023.12.06 19:30,sell,0.02,2029.03,2023.12.07 00:44,2028.86,2.71,Wednesday,314.0
1245,2023.12.07 07:24,sell,0.02,2029.02,2023.12.07 17:33,2025.3,7.3,Thursday,609.0
1246,2023.12.11 11:14,sell,0.02,1993.65,2023.12.11 18:32,1980.02,27.12,Monday,438.0
1247,2023.12.12 10:12,sell,0.02,1986.03,2023.12.12 23:38,1982.35,7.22,Tuesday,806.0
1248,2023.12.14 04:35,sell,0.02,2030.45,2023.12.15 19:00,2019.7,22.2,Thursday,2305.0
1249,2023.12.18 05:59,sell,0.02,2022.92,2023.12.18 12:01,2022.75,0.2,Monday,362.0
1250,2023.12.18 08:53,buy,0.02,2024.83,2023.12.18 18:06,2029.48,9.16,Monday,553.0
1251,2023.12.19 06:22,buy,0.02,2024.43,2023.12.19 15:42,2040.44,31.88,Tuesday,560.0
1252,2023.12.19 08:55,sell,0.02,2026.92,2023.12.22 19:00,2057.26,-56.64,Tuesday,4925.0
1253,2023.12.19 18:26,buy,0.02,2037.39,2023.12.20 01:40,2037.56,-0.99,Tuesday,434.0
1254,2023.12.20 04:21,buy,0.02,2040.42,2023.12.21 14:06,2040.59,-3.38,Wednesday,2025.0
1255,2023.12.21 17:06,buy,0.02,2042.01,2023.12.22 00:11,2049.96,14.57,Thursday,425.0
1256,2023.12.26 06:06,buy,0.02,2062.74,2023.12.27 00:08,2064.48,2.15,Tuesday,1082.0
1257,2023.12.27 11:09,buy,0.02,2065.16,2023.12.27 12:54,2065.33,0.2,Wednesday,105.0
1258,2023.12.27 17:18,buy,0.02,2080.67,2023.12.28 06:32,2084.21,3.36,Wednesday,794.0
1259,2023.12.28 09:32,buy,0.02,2075.05,2023.12.28 10:44,2075.22,0.2,Thursday,72.0
1260,2023.12.28 13:26,buy,0.02,2077.04,2023.12.29 19:00,2064.73,-25.95,Thursday,1774.0
1261,2024.01.02 06:13,sell,0.02,2074.26,2024.01.02 13:33,2070.42,7.54,Tuesday,440.0
1262,2024.01.02 10:40,buy,0.02,2075.05,2024.01.05 19:00,2048.09,-60.02,Tuesday,4820.0
1263,2024.01.02 16:27,sell,0.02,2066.03,2024.01.03 02:04,2062.7,7.36,Tuesday,577.0
1264,2024.01.03 04:11,sell,0.02,2064.72,2024.01.03 12:46,2047.16,34.98,Wednesday,515.0
1265,2024.01.03 17:47,sell,0.02,2031.59,2024.01.05 13:33,2029.71,6.96,Wednesday,2626.0
1266,2024.01.08 03:30,buy,0.02,2040.14,2024.01.12 12:18,2049.01,10.44,Monday,6288.0
1267,2024.01.08 14:25,sell,0.02,2019.45,2024.01.11 16:47,2019.06,4.82,Monday,4462.0
1268,2024.01.11 21:05,sell,0.02,2027.81,2024.01.12 19:00,2047.6,-38.88,Thursday,1315.0
1269,2024.01.15 04:53,buy,0.02,2054.57,2024.01.19 19:00,2027.85,-60.74,Monday,6607.0
1270,2024.01.16 11:11,sell,0.02,2039.6,2024.01.16 13:30,2035.48,8.1,Tuesday,139.0
1271,2024.01.16 18:58,sell,0.02,2024.74,2024.01.17 07:43,2022.99,4.2,Tuesday,765.0
1272,2024.01.17 10:15,sell,0.02,2023.77,2024.01.17 13:34,2023.05,1.3,Wednesday,199.0
1273,2024.01.18 03:35,sell,0.02,2007.29,2024.01.19 19:00,2028.05,-40.82,Thursday,2365.0
1274,2024.01.23 04:15,sell,0.02,2027.61,2024.01.23 13:01,2027.44,0.2,Tuesday,526.0
1275,2024.01.23 07:51,buy,0.02,2030.79,2024.01.24 13:37,2032.58,2.25,Tuesday,1786.0
1276,2024.01.24 04:12,sell,0.02,2024.57,2024.01.24 15:06,2023.33,2.34,Wednesday,654.0
1277,2024.01.24 20:22,sell,0.02,2013.1,2024.01.26 19:00,2017.38,-5.36,Wednesday,2798.0
1278,2024.01.25 18:33,buy,0.02,2017.55,2024.01.26 09:05,2019.29,2.15,Thursday,872.0
1279,2024.01.29 03:27,sell,0.02,2024.97,2024.01.29 15:45,2024.8,0.2,Monday,738.0
1280,2024.01.29 15:13,buy,0.02,2024.22,2024.01.29 18:21,2025.92,3.26,Monday,188.0
1281,2024.01.29 17:57,sell,0.02,2029.56,2024.01.29 20:01,2029.39,0.2,Monday,124.0
1282,2024.01.30 13:38,buy,0.02,2035.75,2024.01.30 15:00,2044.42,17.2,Tuesday,82.0
1283,2024.01.30 18:59,buy,0.02,2032.74,2024.01.31 02:00,2034.43,2.05,Tuesday,421.0
1284,2024.01.31 10:24,buy,0.02,2038.02,2024.01.31 15:04,2050.58,24.98,Wednesday,280.0
1285,2024.02.01 15:06,sell,0.02,2045.86,2024.02.02 13:30,2045.38,1.66,Thursday,1344.0
1286,2024.02.01 17:11,buy,0.02,2061.3,2024.02.02 19:00,2037.33,-49.27,Thursday,1549.0
1287,2024.02.05 05:46,sell,0.02,2030.02,2024.02.05 10:34,2024.87,10.16,Monday,288.0
1288,2024.02.05 08:48,buy,0.02,2023.37,2024.02.05 12:39,2023.73,0.58,Monday,231.0
1289,2024.02.05 16:16,buy,0.02,2019.55,2024.02.06 03:13,2024.32,8.21,Monday,657.0
1290,2024.02.05 18:46,sell,0.02,2025.96,2024.02.08 13:33,2025.79,4.38,Monday,4007.0
1291,2024.02.07 06:44,buy,0.02,2032.63,2024.02.07 14:31,2032.83,0.26,Wednesday,467.0
1292,2024.02.07 17:26,buy,0.02,2036.37,2024.02.09 19:00,2023.59,-30.47,Wednesday,2974.0
1293,2024.02.08 15:47,sell,0.02,2030.42,2024.02.09 13:31,2030.21,1.12,Thursday,1304.0
1294,2024.02.12 04:09,sell,0.02,2022.76,2024.02.12 14:39,2017.34,10.7,Monday,630.0
1295,2024.02.12 16:57,sell,0.02,2015.42,2024.02.13 14:16,2004.36,22.82,Monday,1279.0
1296,2024.02.14 04:44,sell,0.02,1992.32,2024.02.14 09:32,1990.62,3.26,Wednesday,288.0
1297,2024.02.15 08:37,sell,0.02,1995.18,2024.02.16 19:00,2013.99,-36.92,Thursday,2063.0
1298,2024.02.15 16:20,buy,0.02,2000.32,2024.02.16 13:30,2003.62,5.27,Thursday,1270.0
1299,2024.02.19 04:40,buy,0.02,2018.75,2024.02.19 08:49,2018.92,0.2,Monday,249.0
1300,2024.02.19 14:23,buy,0.02,2017.03,2024.02.20 19:53,2025.3,15.21,Monday,1770.0
1301,2024.02.19 18:38,sell,0.02,2017.36,2024.02.23 19:00,2040.59,-41.58,Monday,5782.0
1302,2024.02.21 06:23,buy,0.02,2030.3,2024.02.22 09:22,2030.71,-2.9,Wednesday,1619.0
1303,2024.02.22 12:58,buy,0.02,2028.27,2024.02.23 19:00,2040.39,22.91,Thursday,1802.0
1304,2024.02.26 09:13,buy,0.02,2033.93,2024.02.27 14:13,2034.1,-0.99,Monday,1740.0
1305,2024.02.26 17:41,sell,0.02,2027.2,2024.03.01 16:42,2080.16,-101.04,Monday,5701.0
1306,2024.02.27 16:54,buy,0.02,2033.47,2024.02.28 14:20,2033.64,-0.99,Tuesday,1286.0
1307,2024.02.29 09:36,buy,0.02,2035.7,2024.02.29 15:25,2046.57,21.6,Thursday,349.0
1308,2024.02.29 21:19,buy,0.02,2043.57,2024.03.01 08:13,2043.74,-0.99,Thursday,654.0
1309,2024.03.04 06:07,buy,0.02,2081.9,2024.03.04 08:49,2083.58,3.22,Monday,162.0
1310,2024.03.04 18:14,buy,0.02,2116.97,2024.03.05 12:28,2122.17,9.07,Monday,1094.0
1311,2024.03.05 16:07,buy,0.02,2126.25,2024.03.05 19:59,2129.48,6.32,Tuesday,232.0
1312,2024.03.06 10:35,buy,0.02,2127.14,2024.03.06 13:30,2133.82,13.22,Wednesday,175.0
1313,2024.03.06 15:51,buy,0.02,2140.16,2024.03.06 16:35,2143.63,6.8,Wednesday,44.0
1314,2024.03.06 19:28,buy,0.02,2141.56,2024.03.06 23:46,2147.04,10.82,Wednesday,258.0
1315,2024.03.07 06:18,buy,0.02,2154.16,2024.03.07 07:45,2154.33,0.2,Thursday,87.0
1316,2024.03.07 14:28,buy,0.02,2155.7,2024.03.08 01:14,2158.93,5.13,Thursday,646.0
1317,2024.03.11 06:05,buy,0.02,2177.7,2024.03.11 08:41,2177.87,0.2,Monday,156.0
1318,2024.03.11 12:38,buy,0.02,2179.34,2024.03.11 14:02,2179.77,0.72,Monday,84.0
1319,2024.03.11 18:08,buy,0.02,2179.74,2024.03.12 01:37,2179.91,-0.99,Monday,449.0
1320,2024.03.12 06:33,buy,0.02,2175.9,2024.03.12 12:50,2177.87,3.8,Tuesday,377.0
1321,2024.03.12 18:30,buy,0.02,2155.37,2024.03.12 22:32,2157.34,3.8,Tuesday,242.0
1322,2024.03.12 22:04,sell,0.02,2158.31,2024.03.14 15:55,2157.75,4.32,Tuesday,2511.0
1323,2024.03.13 12:54,buy,0.02,2164.0,2024.03.13 13:44,2167.46,6.78,Wednesday,50.0
1324,2024.03.13 19:38,buy,0.02,2173.99,2024.03.15 19:00,2159.22,-34.45,Wednesday,2842.0
1325,2024.03.18 04:51,sell,0.02,2147.08,2024.03.20 22:16,2198.66,-101.63,Monday,3925.0
1326,2024.03.19 05:36,buy,0.02,2158.53,2024.03.20 14:23,2160.69,2.99,Tuesday,1967.0
1327,2024.03.21 06:14,buy,0.02,2207.67,2024.03.21 10:42,2207.84,0.2,Thursday,268.0
1328,2024.03.21 15:22,buy,0.02,2172.19,2024.03.22 01:36,2180.7,15.69,Thursday,614.0
1329,2024.03.25 04:12,buy,0.02,2170.53,2024.03.25 13:54,2175.73,10.26,Monday,582.0
1330,2024.03.26 05:05,buy,0.02,2172.19,2024.03.26 09:42,2191.16,37.8,Tuesday,277.0
1331,2024.03.26 22:44,buy,0.02,2178.69,2024.03.27 09:44,2189.83,20.95,Tuesday,660.0
1332,2024.03.27 06:30,sell,0.02,2178.23,2024.03.28 20:49,2236.22,-113.61,Wednesday,2299.0
1333,2024.03.27 12:03,buy,0.02,2188.45,2024.03.27 13:46,2188.62,0.2,Wednesday,103.0
1334,2024.03.28 08:47,buy,0.02,2196.56,2024.03.28 10:30,2204.29,15.32,Thursday,103.0
1335,2024.03.28 12:47,buy,0.02,2207.42,2024.03.28 13:08,2211.97,8.96,Thursday,21.0
1336,2024.04.01 07:14,buy,0.02,2260.04,2024.04.02 09:45,2262.03,2.65,Monday,1591.0
1337,2024.04.02 12:59,buy,0.02,2257.69,2024.04.02 14:08,2269.7,23.88,Tuesday,69.0
1338,2024.04.03 08:22,buy,0.02,2269.14,2024.04.03 09:26,2270.97,3.52,Wednesday,64.0
1339,2024.04.03 11:42,buy,0.02,2270.31,2024.04.03 12:15,2270.48,0.2,Wednesday,33.0
1340,2024.04.03 19:35,buy,0.02,2295.32,2024.04.03 23:39,2298.56,6.34,Wednesday,244.0
1341,2024.04.04 19:32,buy,0.02,2295.35,2024.04.05 13:58,2299.5,6.97,Thursday,1106.0
1342,2024.04.08 03:51,buy,0.02,2342.31,2024.04.09 01:39,2344.35,2.75,Monday,1308.0
1343,2024.04.09 15:27,buy,0.02,2347.39,2024.04.10 01:01,2350.68,5.25,Tuesday,574.0
1344,2024.04.10 03:10,buy,0.02,2352.58,2024.04.10 05:57,2355.85,6.4,Wednesday,167.0
1345,2024.04.10 08:03,buy,0.02,2353.23,2024.04.11 20:57,2372.6,35.02,Wednesday,2214.0
1346,2024.04.10 16:03,sell,0.02,2336.96,2024.04.10 17:17,2330.46,12.86,Wednesday,74.0
1347,2024.04.11 12:49,sell,0.02,2341.49,2024.04.11 13:11,2341.21,0.42,Thursday,22.0
1348,2024.04.11 15:20,sell,0.02,2340.65,2024.04.12 13:00,2395.92,-109.84,Thursday,1300.0
1349,2024.04.15 05:13,sell,0.01,2354.8,2024.04.15 07:03,2354.07,0.66,Monday,110.0
1350,2024.04.15 09:23,sell,0.01,2349.38,2024.04.15 13:45,2347.22,2.09,Monday,262.0
1351,2024.04.15 18:06,sell,0.01,2365.72,2024.04.17 16:47,2365.23,1.26,Monday,2801.0
1352,2024.04.16 07:10,buy,0.01,2373.49,2024.04.16 13:03,2373.66,0.1,Tuesday,353.0
1353,2024.04.17 03:43,buy,0.01,2381.64,2024.04.17 10:14,2388.74,7.03,Wednesday,391.0
1354,2024.04.17 15:55,buy,0.01,2386.39,2024.04.18 13:34,2388.38,0.13,Wednesday,1299.0
1355,2024.04.18 04:56,sell,0.01,2374.78,2024.04.18 14:44,2374.61,0.1,Thursday,588.0
1356,2024.04.18 20:09,buy,0.01,2380.22,2024.04.19 01:17,2388.29,7.4,Thursday,308.0
1357,2024.04.22 04:47,sell,0.01,2369.8,2024.04.22 05:54,2364.96,4.77,Monday,67.0
1358,2024.04.22 07:55,sell,0.01,2359.09,2024.04.22 11:19,2345.64,13.38,Monday,204.0
1359,2024.04.22 11:46,buy,0.01,2344.77,2024.04.22 12:40,2344.94,0.1,Monday,54.0
1360,2024.04.22 16:57,buy,0.01,2330.11,2024.04.22 17:16,2330.28,0.1,Monday,19.0
1361,2024.04.22 18:14,sell,0.01,2326.46,2024.04.23 01:43,2309.56,17.25,Monday,449.0
1362,2024.04.23 03:23,buy,0.01,2301.77,2024.04.23 04:01,2301.94,0.1,Tuesday,38.0
1363,2024.04.23 12:53,sell,0.01,2310.47,2024.04.25 03:15,2309.1,2.97,Tuesday,2302.0
1364,2024.04.24 18:04,buy,0.01,2323.83,2024.04.25 09:56,2324.1,-1.59,Wednesday,952.0
1365,2024.04.25 05:22,sell,0.01,2317.28,2024.04.25 13:18,2317.11,0.1,Thursday,476.0
1366,2024.04.29 04:04,buy,0.01,2328.2,2024.04.29 05:34,2331.77,3.5,Monday,90.0
1367,2024.04.29 04:54,sell,0.01,2332.46,2024.04.29 07:11,2332.25,0.14,Monday,137.0
1368,2024.04.29 17:04,sell,0.01,2343.54,2024.04.30 02:57,2331.68,12.21,Monday,593.0
1369,2024.04.29 18:10,buy,0.01,2342.31,2024.05.03 19:00,2299.15,-46.81,Monday,5810.0
1370,2024.04.30 07:14,sell,0.01,2321.22,2024.04.30 09:20,2315.41,5.74,Tuesday,126.0
1371,2024.04.30 12:30,sell,0.01,2309.87,2024.04.30 12:35,2308.85,0.95,Tuesday,5.0
1372,2024.04.30 15:52,sell,0.01,2295.96,2024.04.30 17:38,2295.79,0.1,Tuesday,106.0
1373,2024.05.01 09:28,sell,0.01,2287.23,2024.05.03 13:36,2281.67,7.16,Wednesday,3128.0
1374,2024.05.06 08:00,sell,0.01,2322.65,2024.05.06 09:47,2320.93,1.65,Monday,107.0
1375,2024.05.06 09:37,buy,0.01,2317.72,2024.05.06 11:43,2317.89,0.1,Monday,126.0
1376,2024.05.06 13:08,sell,0.01,2324.5,2024.05.06 14:40,2324.3,0.13,Monday,92.0
1377,2024.05.06 19:50,sell,0.01,2323.85,2024.05.07 02:30,2323.68,0.52,Monday,400.0
1378,2024.05.07 03:14,buy,0.01,2322.88,2024.05.09 13:00,2324.64,-0.7,Tuesday,3466.0
1379,2024.05.07 04:36,sell,0.01,2322.97,2024.05.07 08:21,2315.81,7.09,Tuesday,225.0
1380,2024.05.07 11:18,sell,0.01,2313.94,2024.05.08 01:42,2311.08,3.21,Tuesday,864.0
1381,2024.05.08 08:06,sell,0.01,2305.56,2024.05.10 19:00,2367.44,-60.28,Wednesday,3534.0
1382,2024.05.09 17:14,buy,0.01,2332.14,2024.05.10 01:41,2350.84,18.03,Thursday,507.0
1383,2024.05.13 03:44,buy,0.01,2357.24,2024.05.15 09:38,2369.05,10.55,Monday,3234.0
1384,2024.05.13 13:34,sell,0.01,2347.19,2024.05.13 13:59,2345.03,2.09,Monday,25.0
1385,2024.05.13 19:36,sell,0.01,2337.15,2024.05.17 19:00,2417.49,-77.9,Monday,5724.0
1386,2024.05.15 12:13,buy,0.01,2363.45,2024.05.15 12:30,2374.8,11.28,Wednesday,17.0
1387,2024.05.16 03:14,buy,0.01,2388.27,2024.05.16 06:00,2390.02,1.68,Thursday,166.0
1388,2024.05.16 08:59,buy,0.01,2386.07,2024.05.17 13:24,2399.58,12.84,Thursday,1705.0
1389,2024.05.20 07:57,buy,0.01,2440.42,2024.05.20 09:36,2442.17,1.68,Monday,99.0
1390,2024.05.20 11:54,buy,0.01,2429.96,2024.05.20 19:19,2431.77,1.74,Monday,445.0
1391,2024.05.21 03:12,buy,0.01,2415.28,2024.05.21 08:10,2417.18,1.83,Tuesday,298.0
1392,2024.05.21 13:00,buy,0.01,2426.33,2024.05.21 13:34,2426.67,0.27,Tuesday,34.0
1393,2024.05.22 06:44,buy,0.01,2415.88,2024.05.23 22:00,2327.81,-89.93,Wednesday,2356.0
1394,2024.05.22 10:19,sell,0.01,2417.43,2024.05.22 11:59,2408.85,8.51,Wednesday,100.0
1395,2024.05.22 15:30,sell,0.01,2389.8,2024.05.22 18:05,2389.14,0.59,Wednesday,155.0
1396,2024.05.23 04:17,sell,0.01,2372.85,2024.05.23 06:04,2359.66,13.12,Thursday,107.0
1397,2024.05.23 09:51,sell,0.01,2361.63,2024.05.23 13:55,2355.9,5.66,Thursday,244.0
1398,2024.05.23 19:09,sell,0.01,2333.8,2024.05.23 22:23,2331.9,1.83,Thursday,194.0
1399,2024.05.27 14:04,sell,0.01,2356.05,2024.05.28 01:36,2354.33,2.07,Monday,692.0
1400,2024.05.27 22:10,buy,0.01,2352.36,2024.05.28 12:58,2352.75,-0.28,Monday,888.0
1401,2024.05.28 07:46,sell,0.01,2343.41,2024.05.29 12:26,2342.64,1.12,Tuesday,1720.0
1402,2024.05.29 05:00,buy,0.01,2358.44,2024.05.31 19:00,2322.79,-38.11,Wednesday,3720.0
1403,2024.05.29 22:18,sell,0.01,2338.59,2024.05.30 01:11,2338.1,1.67,Wednesday,173.0
1404,2024.05.30 05:07,sell,0.01,2334.94,2024.05.30 06:24,2327.95,6.92,Thursday,77.0
1405,2024.05.30 12:58,sell,0.01,2342.28,2024.05.31 03:50,2342.11,0.52,Thursday,892.0
1406,2024.06.03 10:27,sell,0.01,2327.8,2024.06.04 14:00,2327.57,0.58,Monday,1653.0
1407,2024.06.04 06:12,buy,0.01,2350.03,2024.06.05 15:54,2352.19,1.49,Tuesday,2022.0
1408,2024.06.05 05:27,sell,0.01,2340.25,2024.06.05 06:37,2332.87,7.31,Wednesday,70.0
1409,2024.06.05 10:16,sell,0.01,2330.79,2024.06.07 12:30,2318.9,13.49,Wednesday,3014.0
1410,2024.06.05 22:59,buy,0.01,2356.51,2024.06.06 01:40,2369.03,10.66,Wednesday,161.0
1411,2024.06.06 14:31,buy,0.01,2363.92,2024.06.06 15:59,2374.14,10.15,Thursday,88.0
1412,2024.06.06 20:12,buy,0.01,2372.92,2024.06.07 01:11,2374.8,1.21,Thursday,299.0
1413,2024.06.10 07:39,sell,0.01,2294.98,2024.06.14 19:00,2334.79,-37.37,Monday,6441.0
1414,2024.06.11 16:01,buy,0.01,2310.59,2024.06.12 01:05,2312.28,1.02,Tuesday,544.0
1415,2024.06.12 05:17,buy,0.01,2312.95,2024.06.12 07:20,2313.15,0.13,Wednesday,123.0
1416,2024.06.12 16:40,buy,0.01,2336.82,2024.06.14 19:00,2334.59,-4.69,Wednesday,3020.0
1417,2024.06.17 04:16,sell,0.01,2324.0,2024.06.17 08:16,2320.67,3.26,Monday,240.0
1418,2024.06.17 05:51,buy,0.01,2320.56,2024.06.17 13:42,2320.85,0.22,Monday,471.0
1419,2024.06.17 10:31,sell,0.01,2321.77,2024.06.17 13:07,2321.6,0.1,Monday,156.0
1420,2024.06.17 22:13,sell,0.01,2319.99,2024.06.18 11:30,2311.5,8.84,Monday,797.0
1421,2024.06.18 05:29,buy,0.01,2320.75,2024.06.18 14:11,2323.1,2.28,Tuesday,522.0
1422,2024.06.18 14:19,sell,0.01,2324.46,2024.06.18 15:15,2324.14,0.25,Tuesday,56.0
1423,2024.06.18 20:04,sell,0.01,2329.52,2024.06.19 12:52,2329.35,0.52,Tuesday,1008.0
1424,2024.06.19 04:09,buy,0.01,2328.05,2024.06.19 09:08,2329.84,1.72,Wednesday,299.0
1425,2024.06.20 08:54,buy,0.01,2333.83,2024.06.20 12:35,2339.47,5.57,Thursday,221.0
1426,2024.06.20 15:52,buy,0.01,2355.4,2024.06.21 01:15,2360.31,4.24,Thursday,563.0
1427,2024.06.24 06:55,sell,0.01,2322.99,2024.06.25 15:43,2320.52,2.82,Monday,1968.0
1428,2024.06.24 11:39,buy,0.01,2326.26,2024.06.24 13:47,2329.61,3.28,Monday,128.0
1429,2024.06.25 06:24,buy,0.01,2324.82,2024.06.25 11:08,2333.02,8.13,Tuesday,284.0
1430,2024.06.25 19:20,sell,0.01,2319.42,2024.06.26 01:42,2314.9,4.87,Tuesday,382.0
1431,2024.06.26 04:40,sell,0.01,2316.12,2024.06.26 06:32,2314.23,1.82,Wednesday,112.0
1432,2024.06.26 09:36,sell,0.01,2316.65,2024.06.26 11:42,2309.89,6.69,Wednesday,126.0
1433,2024.06.27 04:27,sell,0.01,2300.46,2024.06.28 19:00,2325.87,-25.06,Thursday,2313.0
1434,2024.07.01 06:09,buy,0.01,2322.53,2024.07.01 07:24,2324.32,1.72,Monday,75.0
1435,2024.07.01 07:31,sell,0.01,2324.43,2024.07.01 14:57,2324.03,0.33,Monday,446.0
1436,2024.07.01 13:11,buy,0.01,2327.86,2024.07.01 13:59,2330.07,2.14,Monday,48.0
1437,2024.07.01 17:05,buy,0.01,2327.57,2024.07.02 03:11,2329.33,1.09,Monday,606.0
1438,2024.07.02 19:39,sell,0.01,2329.69,2024.07.05 17:00,2386.63,-54.92,Tuesday,4161.0
1439,2024.07.03 18:11,buy,0.01,2357.15,2024.07.04 02:45,2357.38,-1.63,Wednesday,514.0
1440,2024.07.04 06:01,buy,0.01,2357.13,2024.07.04 15:21,2357.3,0.1,Thursday,560.0
1441,2024.07.08 05:49,buy,0.01,2382.94,2024.07.11 12:30,2392.62,6.63,Monday,4721.0
1442,2024.07.09 09:54,sell,0.01,2364.24,2024.07.09 13:00,2360.38,3.79,Tuesday,186.0
1443,2024.07.09 18:47,sell,0.01,2364.43,2024.07.12 19:00,2414.28,-47.83,Tuesday,4333.0
1444,2024.07.11 19:45,buy,0.01,2416.86,2024.07.12 19:00,2414.08,-3.45,Thursday,1395.0
1445,2024.07.15 06:36,buy,0.01,2405.13,2024.07.15 09:31,2408.36,3.16,Monday,175.0
1446,2024.07.15 12:56,buy,0.01,2414.61,2024.07.15 15:37,2432.82,18.14,Monday,161.0
1447,2024.07.15 19:25,buy,0.01,2422.24,2024.07.16 03:21,2427.27,4.36,Monday,476.0
1448,2024.07.16 06:28,buy,0.01,2430.85,2024.07.16 08:08,2434.29,3.37,Tuesday,100.0
1449,2024.07.16 10:41,buy,0.01,2440.45,2024.07.16 13:56,2442.68,2.16,Tuesday,195.0
1450,2024.07.16 17:09,buy,0.01,2460.13,2024.07.17 00:59,2468.9,8.1,Tuesday,470.0
1451,2024.07.17 03:04,buy,0.01,2473.92,2024.07.17 08:25,2474.09,0.1,Wednesday,321.0
1452,2024.07.17 14:51,buy,0.01,2470.42,2024.07.18 08:27,2470.59,-1.69,Wednesday,1056.0
1453,2024.07.18 14:07,buy,0.01,2465.05,2024.07.18 15:16,2465.23,0.11,Thursday,69.0
1454,2024.07.18 18:28,buy,0.01,2452.9,2024.07.19 19:00,2398.51,-55.06,Thursday,1472.0
1455,2024.07.22 07:26,buy,0.01,2403.49,2024.07.22 11:18,2403.66,0.1,Monday,232.0
1456,2024.07.22 16:53,sell,0.01,2392.54,2024.07.23 06:41,2392.37,0.52,Monday,828.0
1457,2024.07.24 03:16,sell,0.01,2414.99,2024.07.24 09:52,2414.82,0.1,Wednesday,396.0
1458,2024.07.24 10:54,buy,0.01,2414.63,2024.07.24 12:41,2416.32,1.62,Wednesday,107.0
1459,2024.07.24 19:37,sell,0.01,2405.84,2024.07.24 22:29,2397.1,8.67,Wednesday,172.0
1460,2024.07.25 04:01,sell,0.01,2374.25,2024.07.25 05:41,2374.08,0.1,Thursday,100.0
1461,2024.07.25 08:24,sell,0.01,2374.52,2024.07.25 12:17,2367.03,7.42,Thursday,233.0
1462,2024.07.25 15:55,sell,0.01,2363.52,2024.07.25 16:22,2361.66,1.79,Thursday,27.0
1463,2024.07.25 18:45,sell,0.01,2359.37,2024.07.26 19:00,2384.48,-24.76,Thursday,1455.0
1464,2024.07.29 06:11,buy,0.01,2394.15,2024.07.30 17:03,2405.93,11.11,Monday,2092.0
1465,2024.07.29 10:43,sell,0.01,2393.49,2024.07.29 12:24,2389.72,3.7,Monday,101.0
1466,2024.07.29 22:10,sell,0.01,2382.67,2024.07.30 01:39,2380.79,2.23,Monday,209.0
1467,2024.07.30 04:50,sell,0.01,2386.58,2024.08.02 09:00,2462.12,-73.52,Tuesday,4570.0
1468,2024.07.30 19:54,buy,0.01,2407.28,2024.07.31 01:00,2407.45,-0.5,Tuesday,306.0
1469,2024.07.31 10:59,buy,0.01,2418.45,2024.07.31 12:05,2418.62,0.1,Wednesday,66.0
1470,2024.08.01 08:51,buy,0.01,2434.48,2024.08.01 12:40,2450.53,15.98,Thursday,229.0
1471,2024.08.01 17:26,buy,0.01,2438.91,2024.08.02 01:00,2448.07,8.49,Thursday,454.0
1472,2024.08.05 08:44,buy,0.01,2426.52,2024.08.09 11:31,2428.43,-1.74,Monday,5927.0
1473,2024.08.05 15:41,sell,0.01,2407.42,2024.08.05 16:17,2404.52,2.83,Monday,36.0
1474,2024.08.05 22:34,sell,0.01,2410.61,2024.08.06 00:10,2408.77,2.19,Monday,96.0
1475,2024.08.06 09:06,sell,0.01,2411.57,2024.08.06 12:39,2397.16,14.34,Tuesday,213.0
1476,2024.08.06 17:47,sell,0.01,2391.27,2024.08.06 22:00,2391.0,0.2,Tuesday,253.0
1477,2024.08.07 06:51,sell,0.01,2393.71,2024.08.07 08:36,2393.54,0.1,Wednesday,105.0
1478,2024.08.07 11:02,sell,0.01,2397.22,2024.08.07 16:13,2396.2,0.95,Wednesday,311.0
1479,2024.08.07 19:35,sell,0.01,2389.69,2024.08.08 00:24,2386.13,4.74,Wednesday,289.0
1480,2024.08.08 03:22,sell,0.01,2389.6,2024.08.09 19:00,2429.9,-39.95,Thursday,2378.0
1481,2024.08.12 03:01,buy,0.01,2426.63,2024.08.12 05:46,2429.93,3.23,Monday,165.0
1482,2024.08.13 08:59,buy,0.01,2460.99,2024.08.13 12:30,2468.06,7.0,Tuesday,211.0
1483,2024.08.13 20:42,buy,0.01,2467.28,2024.08.14 01:46,2467.52,-0.43,Tuesday,304.0
1484,2024.08.14 08:49,buy,0.01,2475.78,2024.08.16 13:01,2487.41,9.17,Wednesday,3132.0
1485,2024.08.14 20:41,sell,0.01,2447.79,2024.08.15 13:06,2438.43,10.54,Wednesday,985.0
1486,2024.08.19 09:07,buy,0.01,2502.93,2024.08.19 17:13,2503.1,0.1,Monday,486.0
1487,2024.08.19 20:29,buy,0.01,2504.18,2024.08.20 08:14,2516.64,11.79,Monday,705.0
1488,2024.08.20 13:19,buy,0.01,2525.28,2024.08.20 13:32,2527.56,2.21,Tuesday,13.0
1489,2024.08.21 03:47,buy,0.01,2516.54,2024.08.23 19:00,2509.61,-9.39,Wednesday,3793.0
1490,2024.08.26 18:09,buy,0.01,2518.34,2024.08.27 23:40,2524.89,5.88,Monday,1771.0
1491,2024.08.28 04:26,buy,0.01,2514.37,2024.08.29 07:01,2516.05,-0.18,Wednesday,1595.0
1492,2024.08.29 18:04,buy,0.01,2525.48,2024.08.30 19:00,2502.32,-23.83,Thursday,1496.0
1493,2024.09.03 12:20,buy,0.01,2497.21,2024.09.05 12:30,2516.7,17.03,Tuesday,2890.0
1494,2024.09.05 22:56,buy,0.01,2516.13,2024.09.06 07:59,2516.3,-0.5,Thursday,543.0
1495,2024.09.09 04:57,buy,0.01,2498.11,2024.09.09 13:00,2499.93,1.75,Monday,483.0
1496,2024.09.09 17:06,buy,0.01,2503.24,2024.09.10 01:52,2503.41,-0.5,Monday,526.0
1497,2024.09.10 07:27,buy,0.01,2504.95,2024.09.10 10:59,2505.12,0.1,Tuesday,212.0
1498,2024.09.10 14:11,buy,0.01,2505.71,2024.09.10 15:55,2513.05,7.27,Tuesday,104.0
1499,2024.09.11 08:14,buy,0.01,2523.2,2024.09.12 12:58,2530.48,5.42,Wednesday,1724.0
1500,2024.09.12 16:28,buy,0.01,2546.19,2024.09.13 01:14,2562.9,16.04,Thursday,526.0
1501,2024.09.16 04:37,buy,0.01,2585.71,2024.09.18 18:07,2585.99,-0.98,Monday,3690.0
1502,2024.09.18 20:14,buy,0.01,2553.69,2024.09.18 23:27,2557.05,3.29,Wednesday,193.0
1503,2024.09.19 19:34,buy,0.01,2586.56,2024.09.20 07:45,2605.08,17.85,Thursday,731.0
1504,2024.09.23 05:24,buy,0.01,2627.94,2024.09.23 14:02,2630.11,2.1,Monday,518.0
1505,2024.09.23 16:49,buy,0.01,2628.08,2024.09.24 05:40,2634.64,5.89,Monday,771.0
1506,2024.09.24 09:40,buy,0.01,2629.04,2024.09.24 11:06,2630.75,1.64,Tuesday,86.0
1507,2024.09.24 19:24,buy,0.01,2659.51,2024.09.24 20:36,2659.73,0.15,Tuesday,72.0
1508,2024.09.25 04:34,buy,0.01,2658.53,2024.09.25 13:42,2660.48,1.88,Wednesday,548.0
1509,2024.09.25 15:47,buy,0.01,2658.2,2024.09.25 20:33,2658.37,0.1,Wednesday,286.0
1510,2024.09.26 15:20,buy,0.01,2666.12,2024.09.26 16:05,2668.02,1.83,Thursday,45.0
1511,2024.09.30 09:33,buy,0.01,2650.54,2024.10.01 12:57,2652.35,1.14,Monday,1644.0
1512,2024.10.01 17:52,buy,0.01,2662.86,2024.10.04 06:46,2663.03,-2.88,Tuesday,3654.0
1513,2024.10.07 03:10,buy,0.01,2646.26,2024.10.07 09:03,2651.36,5.03,Monday,353.0
1514,2024.10.08 03:01,buy,0.01,2635.75,2024.10.08 06:28,2641.19,5.37,Tuesday,207.0
1515,2024.10.08 13:06,buy,0.01,2645.25,2024.10.11 12:36,2645.42,-2.88,Tuesday,4290.0
1516,2024.10.14 08:32,buy,0.01,2659.76,2024.10.15 14:58,2659.93,-0.5,Monday,1826.0
1517,2024.10.16 05:10,buy,0.01,2667.09,2024.10.16 10:10,2677.29,10.13,Wednesday,300.0
1518,2024.10.16 12:54,buy,0.01,2680.53,2024.10.16 13:49,2680.7,0.1,Wednesday,55.0
1519,2024.10.17 08:19,buy,0.01,2682.13,2024.10.17 11:49,2683.84,1.64,Thursday,210.0
1520,2024.10.17 19:25,buy,0.01,2691.97,2024.10.18 02:54,2706.65,14.01,Thursday,449.0
1521,2024.10.21 04:40,buy,0.01,2730.44,2024.10.21 10:08,2732.13,1.62,Monday,328.0
1522,2024.10.21 15:03,buy,0.01,2725.07,2024.10.22 05:32,2731.73,5.99,Monday,869.0
1523,2024.10.22 07:49,buy,0.01,2733.82,2024.10.22 09:00,2733.99,0.1,Tuesday,71.0
1524,2024.10.22 16:00,buy,0.01,2737.64,2024.10.22 18:47,2744.05,6.34,Tuesday,167.0
1525,2024.10.23 03:22,buy,0.01,2739.07,2024.10.23 06:39,2748.69,9.55,Wednesday,197.0
1526,2024.10.23 09:05,buy,0.01,2756.85,2024.10.25 19:00,2742.03,-17.28,Wednesday,3475.0
1527,2024.10.28 04:19,buy,0.01,2729.9,2024.10.28 06:56,2739.84,9.87,Monday,157.0
1528,2024.10.28 15:56,buy,0.01,2741.92,2024.10.29 02:36,2753.62,11.03,Monday,640.0
1529,2024.10.29 07:51,buy,0.01,2753.39,2024.10.29 14:01,2761.08,7.62,Tuesday,370.0
1530,2024.10.29 17:54,buy,0.01,2769.42,2024.10.30 02:29,2777.61,7.52,Tuesday,515.0
1531,2024.10.30 12:33,buy,0.01,2777.96,2024.10.30 13:22,2783.17,5.14,Wednesday,49.0
1532,2024.10.30 18:31,buy,0.01,2788.59,2024.11.01 19:00,2736.12,-54.93,Wednesday,2909.0
1533,2024.11.04 08:17,buy,0.01,2736.08,2024.11.04 10:48,2739.63,3.48,Monday,151.0
1534,2024.11.04 17:07,buy,0.01,2733.7,2024.11.05 00:00,2735.39,1.02,Monday,413.0
1535,2024.11.05 11:10,buy,0.01,2739.6,2024.11.05 14:43,2744.85,5.18,Tuesday,213.0
1536,2024.11.06 03:42,buy,0.01,2734.4,2024.11.06 05:30,2738.2,3.73,Wednesday,108.0
1537,2024.11.06 21:37,buy,0.01,2660.43,2024.11.07 08:05,2662.14,-0.15,Wednesday,628.0
1538,2024.11.11 06:15,buy,0.01,2671.01,2024.11.11 10:26,2671.23,0.15,Monday,251.0
1539,2024.11.11 21:23,buy,0.01,2622.82,2024.11.12 02:03,2622.99,-0.5,Monday,280.0
1540,2024.11.12 06:19,buy,0.01,2606.0,2024.11.12 06:40,2606.17,0.1,Tuesday,21.0
1541,2024.11.12 09:22,buy,0.01,2593.64,2024.11.12 11:21,2593.85,0.14,Tuesday,119.0
1542,2024.11.12 21:45,buy,0.01,2597.73,2024.11.13 02:04,2606.17,7.77,Tuesday,259.0
1543,2024.11.13 05:46,buy,0.01,2605.4,2024.11.13 10:00,2607.52,2.05,Wednesday,254.0
1544,2024.11.13 17:47,buy,0.01,2582.97,2024.11.15 19:00,2567.36,-18.07,Wednesday,2953.0
1545,2024.11.18 03:35,buy,0.01,2589.42,2024.11.18 10:05,2593.19,3.7,Monday,390.0
1546,2024.11.18 21:02,buy,0.01,2610.5,2024.11.19 01:30,2612.28,1.11,Monday,268.0
1547,2024.11.19 13:48,buy,0.01,2634.28,2024.11.20 01:28,2636.01,1.06,Tuesday,700.0
1548,2024.11.20 04:22,buy,0.01,2637.96,2024.11.20 14:50,2642.15,4.12,Wednesday,628.0
1549,2024.11.20 17:45,buy,0.01,2650.95,2024.11.21 01:04,2656.29,3.48,Wednesday,439.0
1550,2024.11.21 05:35,buy,0.01,2655.73,2024.11.21 08:53,2665.73,9.93,Thursday,198.0
1551,2024.11.21 15:15,buy,0.01,2665.89,2024.11.21 15:48,2666.14,0.18,Thursday,33.0
1552,2024.11.25 03:46,buy,0.01,2672.61,2024.11.25 12:00,2684.6,11.92,Monday,494.0
1553,2024.11.25 14:57,buy,0.01,2639.08,2024.11.27 06:03,2640.95,0.61,Monday,2346.0
1554,2024.11.27 14:41,buy,0.01,2653.32,2024.11.29 02:39,2658.02,2.24,Wednesday,2158.0
1555,2024.12.02 04:39,buy,0.01,2629.78,2024.12.02 11:30,2638.26,8.41,Monday,411.0
1556,2024.12.03 05:00,buy,0.01,2639.87,2024.12.03 07:08,2645.27,5.33,Tuesday,128.0
1557,2024.12.03 15:31,buy,0.01,2639.41,2024.12.03 17:20,2644.52,5.04,Tuesday,109.0
1558,2024.12.03 19:43,buy,0.01,2641.35,2024.12.04 02:27,2643.29,1.27,Tuesday,404.0
1559,2024.12.04 07:57,buy,0.01,2640.82,2024.12.04 12:20,2642.58,1.69,Wednesday,263.0
1560,2024.12.04 20:43,buy,0.01,2648.84,2024.12.05 06:13,2650.57,-0.13,Wednesday,570.0
1561,2024.12.05 08:33,buy,0.01,2645.17,2024.12.05 12:26,2648.54,3.3,Thursday,233.0
1562,2024.12.05 15:26,buy,0.01,2636.61,2024.12.05 16:28,2638.51,1.83,Thursday,62.0
1563,2024.12.09 04:24,buy,0.01,2637.67,2024.12.09 08:36,2646.09,8.35,Monday,252.0
1564,2024.12.09 16:49,buy,0.01,2668.41,2024.12.10 05:25,2668.78,-0.3,Monday,756.0
1565,2024.12.10 10:09,buy,0.01,2665.07,2024.12.10 11:13,2671.94,6.8,Tuesday,64.0
1566,2024.12.10 13:30,buy,0.01,2674.76,2024.12.10 15:22,2686.24,11.41,Tuesday,112.0
1567,2024.12.11 03:01,buy,0.01,2699.85,2024.12.11 14:08,2700.02,0.1,Wednesday,667.0
1568,2024.12.11 16:21,buy,0.01,2715.55,2024.12.11 17:20,2715.87,0.25,Wednesday,59.0
1569,2024.12.11 21:20,buy,0.01,2717.5,2024.12.12 01:07,2720.92,1.56,Wednesday,227.0
1570,2024.12.12 17:39,buy,0.01,2684.57,2024.12.13 01:53,2687.93,2.69,Thursday,494.0
1571,2024.12.16 12:50,buy,0.01,2660.0,2024.12.16 13:23,2660.17,0.1,Monday,33.0
1572,2024.12.16 20:39,buy,0.01,2652.85,2024.12.17 03:10,2653.02,-0.5,Monday,391.0
1573,2024.12.17 05:24,buy,0.01,2650.99,2024.12.17 08:00,2652.7,1.64,Tuesday,156.0
1574,2024.12.17 13:13,buy,0.01,2645.41,2024.12.18 02:27,2647.16,1.08,Tuesday,794.0
1575,2024.12.18 04:50,buy,0.01,2645.34,2024.12.18 06:15,2645.51,0.1,Wednesday,85.0
1576,2024.12.18 14:44,buy,0.01,2638.77,2024.12.20 19:00,2625.85,-15.38,Wednesday,3136.0
1577,2024.12.23 11:02,buy,0.01,2619.57,2024.12.26 06:05,2624.52,1.9,Monday,4023.0
1578,2024.12.26 12:41,buy,0.01,2626.65,2024.12.26 13:22,2626.85,0.13,Thursday,41.0
1579,2024.12.30 04:54,buy,0.01,2622.2,2024.12.31 16:22,2622.48,-0.39,Monday,2128.0
1580,2025.01.02 04:05,buy,0.01,2633.06,2025.01.02 10:01,2634.86,1.73,Thursday,356.0
1581,2025.01.06 05:12,buy,0.01,2635.49,2025.01.06 12:07,2644.17,8.61,Monday,415.0
1582,2025.01.06 19:23,buy,0.01,2634.27,2025.01.07 06:48,2641.66,6.72,Monday,685.0
1583,2025.01.07 09:06,buy,0.01,2641.74,2025.01.07 11:21,2641.91,0.1,Tuesday,135.0
1584,2025.01.07 15:58,buy,0.01,2648.57,2025.01.07 16:31,2648.76,0.12,Tuesday,33.0
1585,2025.01.07 18:56,buy,0.01,2648.08,2025.01.08 08:28,2649.89,1.14,Tuesday,812.0
1586,2025.01.08 21:49,buy,0.01,2662.47,2025.01.09 07:56,2662.64,-1.69,Wednesday,607.0
1587,2025.01.09 17:28,buy,0.01,2665.97,2025.01.10 07:42,2674.18,7.54,Thursday,854.0
1588,2025.01.13 04:56,buy,0.01,2685.74,2025.01.13 07:38,2685.91,0.1,Monday,162.0
1589,2025.01.13 11:02,buy,0.01,2679.73,2025.01.15 07:56,2680.01,-0.98,Monday,2694.0
1590,2025.01.15 10:11,buy,0.01,2686.12,2025.01.15 13:33,2688.42,2.23,Wednesday,202.0
1591,2025.01.16 04:01,buy,0.01,2697.32,2025.01.16 08:31,2699.2,1.81,Thursday,270.0
1592,2025.01.20 08:16,buy,0.01,2705.39,2025.01.20 11:24,2707.21,1.75,Monday,188.0
1593,2025.01.20 15:49,buy,0.01,2708.29,2025.01.21 03:06,2721.79,12.83,Monday,677.0
1594,2025.01.21 05:52,buy,0.01,2726.28,2025.01.21 08:00,2728.08,1.73,Tuesday,128.0
1595,2025.01.21 10:56,buy,0.01,2719.91,2025.01.21 13:58,2725.07,5.09,Tuesday,182.0
1596,2025.01.21 19:39,buy,0.01,2742.54,2025.01.22 06:06,2754.01,10.8,Tuesday,627.0
1597,2025.01.22 11:39,buy,0.01,2756.96,2025.01.22 13:22,2757.13,0.1,Wednesday,103.0
1598,2025.01.22 17:33,buy,0.01,2757.18,2025.01.24 03:17,2772.91,13.27,Wednesday,2024.0
1599,2025.01.27 12:56,buy,0.01,2762.22,2025.01.30 09:21,2771.91,6.64,Monday,4105.0
1600,2025.01.30 12:21,buy,0.01,2778.68,2025.01.30 13:30,2778.98,0.23,Thursday,69.0
1601,2025.01.30 17:17,buy,0.01,2790.72,2025.01.30 18:32,2792.51,1.72,Thursday,75.0
1602,2025.02.03 03:05,buy,0.01,2777.22,2025.02.03 04:31,2777.64,0.35,Monday,86.0
1603,2025.02.03 06:57,buy,0.01,2786.57,2025.02.03 09:17,2795.29,8.65,Monday,140.0
1604,2025.02.03 15:59,buy,0.01,2817.87,2025.02.03 16:10,2820.74,2.8,Monday,11.0
1605,2025.02.03 21:09,buy,0.01,2816.74,2025.02.04 02:21,2820.18,2.77,Monday,312.0
1606,2025.02.04 05:25,buy,0.01,2816.6,2025.02.04 10:13,2816.77,0.1,Tuesday,288.0
1607,2025.02.05 04:22,buy,0.01,2856.11,2025.02.05 07:02,2856.28,0.1,Wednesday,160.0
1608,2025.02.05 09:32,buy,0.01,2869.52,2025.02.05 10:40,2872.05,2.46,Wednesday,68.0
1609,2025.02.05 21:08,buy,0.01,2861.88,2025.02.06 01:08,2865.44,1.7,Wednesday,240.0
1610,2025.02.06 07:17,buy,0.01,2860.16,2025.02.06 12:21,2865.15,4.92,Thursday,304.0
1611,2025.02.06 17:12,buy,0.01,2850.24,2025.02.07 05:02,2865.38,14.47,Thursday,710.0
1612,2025.02.10 14:00,buy,0.01,2900.86,2025.02.10 15:02,2904.58,3.65,Monday,62.0
1613,2025.02.10 17:10,buy,0.01,2900.97,2025.02.10 19:31,2902.74,1.7,Monday,141.0
1614,2025.02.11 04:12,buy,0.01,2919.04,2025.02.11 06:17,2924.31,5.2,Tuesday,125.0
1615,2025.02.12 05:11,buy,0.01,2884.96,2025.02.12 06:25,2890.15,5.12,Wednesday,74.0
1616,2025.02.12 10:11,buy,0.01,2887.32,2025.02.12 14:44,2892.7,5.31,Wednesday,273.0
1617,2025.02.12 17:56,buy,0.01,2902.93,2025.02.13 01:00,2904.86,0.07,Wednesday,424.0
1618,2025.02.13 17:45,buy,0.01,2916.29,2025.02.13 20:47,2924.87,8.51,Thursday,182.0
1619,2025.02.17 10:47,buy,0.01,2898.71,2025.02.17 11:13,2898.88,0.1,Monday,26.0
1620,2025.02.17 14:12,buy,0.01,2897.6,2025.02.17 15:06,2899.47,1.8,Monday,54.0
1621,2025.02.19 03:48,buy,0.01,2929.33,2025.02.19 06:40,2931.61,2.21,Wednesday,172.0
1622,2025.02.19 10:33,buy,0.01,2944.29,2025.02.20 07:41,2950.13,3.98,Wednesday,1268.0
1623,2025.02.20 09:53,buy,0.01,2951.15,2025.02.21 19:00,2941.62,-10.2,Thursday,1987.0
1624,2025.02.24 06:15,buy,0.01,2938.15,2025.02.24 08:39,2939.86,1.64,Monday,144.0
1625,2025.02.24 11:12,buy,0.01,2938.99,2025.02.24 12:07,2946.36,7.3,Monday,55.0
1626,2025.02.24 15:47,buy,0.01,2937.08,2025.02.24 23:17,2948.57,11.42,Monday,450.0
1627,2025.02.25 03:09,buy,0.01,2948.67,2025.02.27 17:00,2877.25,-73.88,Tuesday,3711.0
1628,2025.02.27 21:18,buy,0.01,2874.37,2025.02.28 01:14,2879.65,4.61,Thursday,236.0
1629,2025.03.03 04:20,buy,0.01,2863.96,2025.03.03 05:32,2864.13,0.1,Monday,72.0
1630,2025.03.03 07:39,buy,0.01,2861.7,2025.03.03 09:41,2866.95,5.18,Monday,122.0
1631,2025.03.03 18:59,buy,0.01,2889.33,2025.03.04 01:01,2889.5,-0.5,Monday,362.0
1632,2025.03.04 03:25,buy,0.01,2891.13,2025.03.04 07:33,2897.11,5.91,Tuesday,248.0
1633,2025.03.04 11:45,buy,0.01,2918.84,2025.03.04 13:27,2922.36,3.45,Tuesday,102.0
1634,2025.03.04 21:37,buy,0.01,2914.6,2025.03.05 06:39,2916.37,1.1,Tuesday,542.0
1635,2025.03.05 12:13,buy,0.01,2916.07,2025.03.05 15:10,2916.24,0.1,Wednesday,177.0
1636,2025.03.05 18:59,buy,0.01,2917.07,2025.03.05 21:15,2918.75,1.61,Wednesday,136.0
1637,2025.03.06 04:42,buy,0.01,2916.95,2025.03.06 07:21,2918.72,1.7,Thursday,159.0
1638,2025.03.10 14:49,buy,0.01,2905.91,2025.03.10 15:04,2906.29,0.31,Monday,15.0
1639,2025.03.10 17:22,buy,0.01,2893.22,2025.03.11 03:30,2894.9,1.01,Monday,608.0
1640,2025.03.11 09:51,buy,0.01,2910.83,2025.03.11 12:17,2911.0,0.1,Tuesday,146.0
1641,2025.03.11 14:53,buy,0.01,2914.55,2025.03.11 15:24,2914.72,0.1,Tuesday,31.0
1642,2025.03.11 20:33,buy,0.01,2916.0,2025.03.12 06:29,2916.17,-0.5,Tuesday,596.0
1643,2025.03.12 10:52,buy,0.01,2914.15,2025.03.12 12:33,2919.03,4.81,Wednesday,101.0
1644,2025.03.13 06:27,buy,0.01,2938.55,2025.03.13 10:15,2943.89,5.27,Thursday,228.0
1645,2025.03.13 22:24,buy,0.01,2984.36,2025.03.14 00:28,2984.79,-0.24,Thursday,124.0
1646,2025.04.01 14:47,buy,0.01,3127.54,2025.04.01 15:17,3127.79,0.18,Tuesday,30.0
1647,2025.04.01 19:07,buy,0.01,3113.92,2025.04.01 20:51,3115.78,1.79,Tuesday,104.0
1648,2025.04.02 04:09,buy,0.01,3125.87,2025.04.02 09:03,3129.31,3.37,Wednesday,294.0
1649,2025.04.02 13:41,buy,0.01,3129.07,2025.04.02 16:50,3129.32,0.18,Wednesday,189.0
1650,2025.04.03 06:45,buy,0.01,3124.42,2025.04.03 06:51,3127.12,2.63,Thursday,6.0
1651,2025.04.03 16:50,buy,0.01,3109.35,2025.04.03 20:48,3115.71,6.29,Thursday,238.0
1652,2025.04.07 04:18,buy,0.01,3027.2,2025.04.07 04:43,3027.99,0.72,Monday,25.0
1653,2025.04.07 15:50,buy,0.01,2982.01,2025.04.07 16:02,2982.6,0.52,Monday,12.0
1654,2025.04.07 19:12,buy,0.01,2969.76,2025.04.07 19:42,2977.89,8.06,Monday,30.0
1655,2025.04.08 07:54,buy,0.01,3003.97,2025.04.08 08:39,3004.23,0.19,Tuesday,45.0
1656,2025.04.08 12:43,buy,0.01,3009.51,2025.04.08 13:14,3016.28,6.7,Tuesday,31.0
1657,2025.04.08 16:21,buy,0.01,2996.77,2025.04.09 01:42,2997.06,-0.38,Tuesday,561.0
1658,2025.04.10 11:37,buy,0.01,3121.94,2025.04.10 12:15,3124.11,2.1,Thursday,38.0
1659,2025.04.14 10:47,buy,0.01,3210.36,2025.04.14 11:24,3220.92,10.49,Monday,37.0
1660,2025.04.14 14:21,buy,0.01,3201.91,2025.04.14 14:56,3211.06,9.08,Monday,35.0
1661,2025.04.14 18:50,buy,0.01,3204.14,2025.04.14 20:16,3209.51,5.3,Monday,86.0
1662,2025.04.15 18:37,buy,0.01,3228.22,2025.04.15 20:18,3228.64,0.35,Tuesday,101.0
1663,2025.04.16 09:57,buy,0.01,3304.24,2025.04.16 11:56,3306.32,2.01,Wednesday,119.0
1664,2025.04.16 17:05,buy,0.01,3326.79,2025.04.16 17:41,3328.63,1.77,Wednesday,36.0
1665,2025.04.17 11:53,buy,0.01,3323.89,2025.04.17 12:15,3337.13,13.17,Thursday,22.0
1666,2025.04.21 04:30,buy,0.01,3374.54,2025.04.21 05:10,3381.37,6.76,Monday,40.0
1667,2025.04.21 08:09,buy,0.01,3385.86,2025.04.21 09:48,3392.91,6.98,Monday,99.0
1668,2025.04.22 04:39,buy,0.01,3482.99,2025.04.22 05:05,3483.16,0.1,Tuesday,26.0
1669,2025.04.22 10:59,buy,0.01,3453.75,2025.04.22 11:21,3454.21,0.39,Tuesday,22.0
1670,2025.04.23 04:14,buy,0.01,3341.41,2025.04.23 05:09,3341.58,0.1,Wednesday,55.0
1671,2025.04.23 18:57,buy,0.01,3281.96,2025.04.23 19:32,3292.37,10.34,Wednesday,35.0
1672,2025.04.24 06:31,buy,0.01,3320.8,2025.04.24 06:56,3323.41,2.54,Thursday,25.0
1673,2025.04.24 10:05,buy,0.01,3334.05,2025.04.24 11:39,3339.54,5.42,Thursday,94.0
1674,2025.04.24 14:20,buy,0.01,3309.64,2025.04.24 14:36,3319.62,9.91,Thursday,16.0
1675,2025.04.28 04:34,buy,0.01,3292.84,2025.04.28 05:16,3294.83,1.92,Monday,42.0
1676,2025.04.28 05:22,sell,0.01,3296.97,2025.04.28 05:50,3293.25,3.65,Monday,28.0
1677,2025.04.28 09:09,buy,0.01,3285.86,2025.04.28 10:58,3287.57,1.64,Monday,109.0
1678,2025.04.28 17:27,sell,0.01,3335.79,2025.04.29 01:01,3331.29,4.85,Monday,454.0
1679,2025.04.28 18:18,buy,0.01,3337.69,2025.04.28 19:15,3347.11,9.35,Monday,57.0
1680,2025.04.29 03:31,buy,0.01,3314.27,2025.04.29 06:39,3318.58,4.24,Tuesday,188.0
1681,2025.04.29 10:25,sell,0.01,3309.14,2025.04.29 12:22,3304.47,4.6,Tuesday,117.0
1682,2025.04.29 11:32,buy,0.01,3314.28,2025.04.29 13:31,3314.71,0.36,Tuesday,119.0
1683,2025.04.29 16:00,buy,0.01,3312.41,2025.04.29 16:07,3312.58,0.1,Tuesday,7.0
1684,2025.04.29 19:24,sell,0.01,3322.97,2025.04.29 20:02,3322.58,0.32,Tuesday,38.0
1685,2025.04.30 08:52,buy,0.01,3285.52,2025.04.30 12:25,3287.84,2.25,Wednesday,213.0
1686,2025.04.30 14:41,sell,0.01,3297.06,2025.04.30 14:48,3296.88,0.11,Wednesday,7.0
1687,2025.04.30 20:09,buy,0.01,3294.72,2025.05.02 19:00,3226.11,-71.07,Wednesday,2811.0
1688,2025.05.01 19:03,sell,0.01,3225.17,2025.05.02 19:00,3226.31,-0.79,Thursday,1437.0
1689,2025.05.05 05:01,buy,0.01,3256.56,2025.05.05 05:28,3256.83,0.2,Monday,27.0
1690,2025.05.05 11:57,buy,0.01,3312.68,2025.05.05 12:28,3316.03,3.28,Monday,31.0
1691,2025.05.06 03:27,buy,0.01,3363.34,2025.05.06 06:24,3363.72,0.31,Tuesday,177.0
1692,2025.05.06 09:50,buy,0.01,3378.85,2025.05.06 10:21,3379.02,0.1,Tuesday,31.0
1693,2025.05.07 08:22,buy,0.01,3386.07,2025.05.07 10:23,3386.73,0.59,Wednesday,121.0
1694,2025.05.07 15:42,buy,0.01,3385.9,2025.05.07 18:04,3387.96,1.99,Wednesday,142.0
1695,2025.05.07 20:39,buy,0.01,3368.07,2025.05.07 22:08,3368.28,0.14,Wednesday,89.0
1696,2025.05.08 05:27,buy,0.01,3371.99,2025.05.08 05:37,3374.35,2.29,Thursday,10.0
1697,2025.05.08 16:40,buy,0.01,3308.94,2025.05.08 16:50,3310.95,1.94,Thursday,10.0
1698,2025.05.12 04:37,sell,0.01,3277.77,2025.05.12 05:34,3276.0,1.7,Monday,57.0
1699,2025.05.12 05:04,buy,0.01,3278.23,2025.05.15 04:52,3138.26,-143.02,Monday,4308.0
1700,2025.05.12 13:23,sell,0.01,3241.58,2025.05.12 13:36,3235.92,5.59,Monday,13.0
1701,2025.05.13 10:44,sell,0.01,3253.31,2025.05.13 12:26,3241.99,11.25,Tuesday,102.0
1702,2025.05.13 16:15,sell,0.01,3256.59,2025.05.13 17:54,3246.39,10.13,Tuesday,99.0
1703,2025.05.14 15:36,sell,0.01,3184.75,2025.05.14 16:22,3183.07,1.61,Wednesday,46.0
1704,2025.05.14 20:11,sell,0.01,3180.41,2025.05.15 01:51,3175.72,5.87,Wednesday,340.0
1705,2025.05.15 11:30,sell,0.01,3175.52,2025.05.16 10:54,3173.89,1.98,Thursday,1404.0
1706,2025.05.15 18:02,buy,0.01,3221.04,2025.05.15 23:00,3247.29,26.18,Thursday,298.0
1707,2025.05.19 03:13,sell,0.01,3226.24,2025.05.19 03:50,3211.96,14.21,Monday,37.0
1708,2025.05.19 16:21,buy,0.01,3228.77,2025.05.19 17:05,3228.94,0.1,Monday,44.0
1709,2025.05.19 20:27,sell,0.01,3230.34,2025.05.19 23:48,3223.27,7.0,Monday,201.0
1710,2025.05.20 05:20,sell,0.01,3215.94,2025.05.20 05:59,3213.82,2.05,Tuesday,39.0
1711,2025.05.20 08:20,sell,0.01,3221.05,2025.05.26 02:37,3354.53,-131.04,Tuesday,8297.0
1712,2025.05.20 20:55,buy,0.01,3290.18,2025.05.20 22:14,3299.16,8.91,Tuesday,79.0
1713,2025.05.21 04:44,buy,0.01,3303.98,2025.05.21 05:48,3311.09,7.04,Wednesday,64.0
1714,2025.05.21 11:59,buy,0.01,3309.44,2025.05.21 15:31,3310.03,0.52,Wednesday,212.0
1715,2025.05.22 04:35,buy,0.01,3336.05,2025.05.26 00:08,3341.48,4.17,Thursday,5493.0
1716,2025.05.26 09:48,buy,0.01,3327.84,2025.05.26 12:24,3329.88,1.97,Monday,156.0
1717,2025.05.27 07:43,buy,0.01,3308.14,2025.05.28 00:55,3310.15,1.34,Tuesday,1032.0
1718,2025.05.27 13:30,sell,0.01,3296.2,2025.05.27 14:00,3288.36,7.77,Tuesday,30.0
1719,2025.05.27 16:53,sell,0.01,3295.8,2025.05.28 03:38,3295.63,0.52,Tuesday,645.0
1720,2025.05.28 03:52,buy,0.01,3297.53,2025.05.28 06:04,3304.65,7.05,Wednesday,132.0
1721,2025.05.28 08:06,sell,0.01,3319.35,2025.05.28 08:49,3319.09,0.19,Wednesday,43.0
1722,2025.05.28 10:32,buy,0.01,3318.79,2025.05.29 16:23,3325.3,4.65,Wednesday,1791.0
1723,2025.05.29 09:56,sell,0.01,3280.91,2025.05.30 14:03,3275.69,5.57,Thursday,1687.0
1724,2025.05.29 19:29,buy,0.01,3319.05,2025.05.30 19:00,3293.55,-26.17,Thursday,1411.0
1725,2025.06.02 04:09,buy,0.01,3309.93,2025.06.02 04:59,3313.83,3.83,Monday,50.0
1726,2025.06.03 09:51,buy,0.01,3359.28,2025.06.04 02:29,3368.24,8.29,Tuesday,998.0
1727,2025.06.03 17:33,sell,0.01,3352.81,2025.06.04 01:03,3351.78,1.38,Tuesday,450.0
1728,2025.06.04 08:19,buy,0.01,3355.05,2025.06.04 09:40,3360.37,5.25,Wednesday,81.0
1729,2025.06.05 07:59,buy,0.01,3370.42,2025.06.05 09:05,3373.85,3.36,Thursday,66.0
1730,2025.06.05 19:44,sell,0.01,3356.94,2025.06.05 19:50,3356.77,0.1,Thursday,6.0
1731,2025.06.09 04:20,sell,0.01,3311.17,2025.06.10 01:56,3307.45,4.07,Monday,1296.0
1732,2025.06.09 07:52,buy,0.01,3325.4,2025.06.09 16:02,3327.32,1.85,Monday,490.0
1733,2025.06.10 05:23,sell,0.01,3311.09,2025.06.13 19:00,3436.74,-123.63,Tuesday,5137.0
1734,2025.06.10 15:26,buy,0.01,3324.71,2025.06.10 15:40,3325.08,0.3,Tuesday,14.0
1735,2025.06.11 06:05,buy,0.01,3338.54,2025.06.11 08:38,3342.92,4.31,Wednesday,153.0
1736,2025.06.11 18:00,buy,0.01,3324.3,2025.06.11 18:31,3342.19,17.82,Wednesday,31.0
1737,2025.06.16 04:27,buy,0.01,3430.54,2025.06.27 13:00,3269.98,-168.38,Monday,16353.0
1738,2025.06.16 19:05,sell,0.01,3384.71,2025.06.17 03:12,3384.33,0.73,Monday,487.0
1739,2025.06.17 05:38,sell,0.01,3391.98,2025.06.17 06:47,3386.11,5.8,Tuesday,69.0
1740,2025.06.17 13:45,sell,0.01,3395.14,2025.06.17 13:56,3392.24,2.83,Tuesday,11.0
1741,2025.06.17 22:33,sell,0.01,3392.27,2025.06.18 00:50,3387.83,4.79,Tuesday,137.0
1742,2025.06.18 04:56,sell,0.01,3395.69,2025.06.18 05:35,3390.75,4.87,Wednesday,39.0
1743,2025.06.18 08:23,sell,0.01,3386.34,2025.06.18 10:34,3379.67,6.6,Wednesday,131.0
1744,2025.06.18 13:00,sell,0.01,3386.51,2025.06.18 14:21,3377.75,8.69,Wednesday,81.0
1745,2025.06.19 08:19,sell,0.01,3363.46,2025.06.23 00:41,3362.32,1.91,Thursday,5302.0
1746,2025.06.23 06:28,sell,0.01,3355.04,2025.06.23 22:27,3354.28,0.69,Monday,959.0
1747,2025.06.24 07:17,sell,0.01,3319.96,2025.06.24 12:20,3316.65,3.24,Tuesday,303.0
1748,2025.06.24 16:12,sell,0.01,3312.52,2025.06.27 03:30,3303.55,10.99,Tuesday,3558.0
1749,2025.06.30 06:56,sell,0.01,3292.0,2025.06.30 09:24,3285.93,6.0,Monday,148.0
1750,2025.06.30 14:23,sell,0.01,3282.55,2025.07.11 19:00,3356.11,-68.2,Monday,16117.0
1751,2025.07.01 03:52,buy,0.01,3321.45,2025.07.01 06:07,3326.79,5.27,Tuesday,135.0
1752,2025.07.01 11:57,buy,0.01,3349.65,2025.07.01 12:25,3352.71,2.99,Tuesday,28.0
1753,2025.07.02 14:19,buy,0.01,3334.71,2025.07.02 15:17,3338.55,3.77,Wednesday,58.0
1754,2025.07.03 04:14,buy,0.01,3348.65,2025.07.03 06:11,3359.49,10.77,Thursday,117.0
1755,2025.07.03 10:00,buy,0.01,3345.75,2025.07.03 11:04,3350.73,4.91,Thursday,64.0
1756,2025.07.03 17:59,buy,0.01,3329.42,2025.07.04 01:35,3329.59,-0.5,Thursday,456.0
1757,2025.07.07 04:03,buy,0.01,3310.21,2025.07.07 06:26,3310.47,0.19,Monday,143.0
1758,2025.07.08 04:45,buy,0.01,3330.58,2025.07.08 06:10,3332.25,1.6,Tuesday,85.0
1759,2025.07.08 12:13,buy,0.01,3327.69,2025.07.11 00:59,3331.1,0.36,Tuesday,3646.0
1760,2025.07.14 03:36,buy,0.01,3357.44,2025.07.14 05:03,3357.61,0.1,Monday,87.0
1761,2025.07.14 10:46,buy,0.01,3371.39,2025.07.16 15:30,3373.19,0.54,Monday,3164.0
1762,2025.07.15 05:43,sell,0.01,3364.16,2025.07.15 06:13,3363.99,0.1,Tuesday,30.0
1763,2025.07.15 20:29,sell,0.01,3328.03,2025.07.15 23:10,3327.86,0.1,Tuesday,161.0
1764,2025.07.16 03:55,sell,0.01,3334.43,2025.07.16 13:41,3330.86,3.5,Wednesday,586.0
1765,2025.07.16 18:33,sell,0.01,3353.29,2025.07.16 22:03,3351.25,1.97,Wednesday,210.0
1766,2025.07.17 12:39,sell,0.01,3317.58,2025.07.17 12:46,3315.24,2.27,Thursday,7.0
1767,2025.07.17 14:55,sell,0.01,3333.55,2025.07.18 19:00,3351.38,-17.48,Thursday,1685.0
1768,2025.07.21 03:50,buy,0.01,3351.49,2025.07.21 07:23,3365.11,13.55,Monday,213.0
1769,2025.07.21 15:55,buy,0.01,3397.91,2025.07.21 23:35,3398.09,0.11,Monday,460.0
1770,2025.07.22 03:52,buy,0.01,3392.8,2025.07.22 13:15,3409.04,16.17,Tuesday,563.0
1771,2025.07.23 10:35,buy,0.01,3422.58,2025.07.23 12:21,3424.46,1.81,Wednesday,106.0
1772,2025.07.23 16:35,buy,0.01,3383.77,2025.07.23 16:55,3385.96,2.12,Wednesday,20.0
1773,2025.07.23 22:30,sell,0.01,3388.47,2025.07.24 01:09,3388.06,1.59,Wednesday,159.0
1774,2025.07.24 04:06,sell,0.01,3383.98,2025.07.24 05:49,3378.55,5.36,Thursday,103.0
1775,2025.07.24 09:44,buy,0.01,3363.51,2025.07.24 13:57,3367.3,3.72,Thursday,253.0
1776,2025.07.24 19:01,sell,0.01,3372.01,2025.07.24 23:08,3370.28,1.66,Thursday,247.0
1777,2025.07.28 04:33,sell,0.01,3340.61,2025.07.28 06:56,3339.97,0.57,Monday,143.0
1778,2025.07.28 19:00,sell,0.01,3313.52,2025.07.29 01:20,3313.21,0.66,Monday,380.0
1779,2025.07.29 08:35,sell,0.01,3327.8,2025.07.29 09:29,3326.1,1.63,Tuesday,54.0
1780,2025.07.29 18:05,sell,0.01,3328.45,2025.07.29 20:44,3326.67,1.71,Tuesday,159.0
1781,2025.07.30 12:05,buy,0.01,3330.37,2025.08.11 00:05,3387.28,49.68,Wednesday,16560.0
1782,2025.07.30 17:43,sell,0.01,3298.75,2025.07.30 18:34,3296.3,2.38,Wednesday,51.0
1783,2025.07.31 08:05,sell,0.01,3305.1,2025.07.31 11:03,3297.76,7.27,Thursday,178.0
1784,2025.07.31 17:05,sell,0.01,3296.22,2025.07.31 19:44,3294.5,1.65,Thursday,159.0
1785,2025.07.31 22:36,sell,0.01,3293.29,2025.08.11 00:00,3293.12,3.86,Thursday,14484.0
1786,2025.08.11 08:08,buy,0.01,3360.55,2025.08.11 09:00,3360.72,0.1,Monday,52.0
1787,2025.08.11 11:53,buy,0.01,3352.88,2025.08.11 13:05,3353.13,0.18,Monday,72.0
1788,2025.08.11 15:08,buy,0.01,3345.82,2025.08.11 15:47,3347.53,1.64,Monday,39.0
1789,2025.08.11 18:33,buy,0.01,3354.9,2025.08.12 15:29,3355.2,-0.37,Monday,1256.0
1790,2025.08.12 07:59,sell,0.01,3355.1,2025.08.12 09:06,3349.95,5.08,Tuesday,67.0
1791,2025.08.12 17:56,sell,0.01,3347.57,2025.08.13 01:07,3347.4,0.52,Tuesday,431.0
1792,2025.08.13 09:00,sell,0.01,3360.09,2025.08.13 12:37,3359.48,0.54,Wednesday,217.0
1793,2025.08.13 17:54,buy,0.01,3353.78,2025.08.14 00:36,3370.03,14.39,Wednesday,402.0
1794,2025.08.13 19:39,sell,0.01,3355.67,2025.08.14 08:05,3345.48,11.37,Wednesday,746.0
1795,2025.08.14 08:35,buy,0.01,3349.07,2025.08.14 09:46,3354.25,5.11,Thursday,71.0
1796,2025.08.14 12:25,sell,0.01,3354.54,2025.08.14 12:30,3344.94,9.53,Thursday,5.0
1797,2025.08.14 17:29,sell,0.01,3337.75,2025.08.15 00:52,3337.58,0.52,Thursday,443.0
1798,2025.08.18 04:04,sell,0.01,3348.12,2025.08.18 14:04,3336.5,11.55,Monday,600.0
1799,2025.08.18 18:09,sell,0.01,3333.4,2025.08.19 00:06,3330.98,2.77,Monday,357.0
1800,2025.08.19 05:43,sell,0.01,3338.73,2025.08.19 07:05,3338.56,0.1,Tuesday,82.0
1801,2025.08.19 11:24,sell,0.01,3342.6,2025.08.19 13:14,3329.7,12.83,Tuesday,110.0
1802,2025.08.19 15:31,buy,0.01,3325.82,2025.08.20 13:01,3340.7,14.21,Tuesday,1290.0
1803,2025.08.19 16:18,sell,0.01,3321.38,2025.08.19 17:43,3319.47,1.84,Tuesday,85.0
1804,2025.08.20 03:55,sell,0.01,3317.91,2025.08.22 19:00,3372.77,-53.26,Wednesday,3785.0
1805,2025.08.20 15:46,buy,0.01,3341.25,2025.08.20 23:45,3346.5,5.18,Wednesday,479.0
1806,2025.08.21 09:56,buy,0.01,3341.02,2025.08.21 13:45,3342.85,1.76,Thursday,229.0
1807,2025.08.21 18:26,buy,0.01,3338.78,2025.08.22 14:00,3342.0,2.55,Thursday,1174.0
1808,2025.08.25 20:10,buy,0.01,3365.2,2025.08.26 00:17,3370.85,4.98,Monday,247.0
1809,2025.08.26 06:43,buy,0.01,3375.69,2025.08.26 09:00,3375.86,0.1,Tuesday,137.0
1810,2025.08.26 12:18,buy,0.01,3377.98,2025.08.26 16:09,3385.18,7.13,Tuesday,231.0
1811,2025.08.27 07:33,buy,0.01,3375.41,2025.08.27 09:50,3380.27,4.79,Wednesday,137.0
1812,2025.08.27 22:40,buy,0.01,3396.55,2025.08.28 10:03,3396.78,-1.63,Wednesday,683.0
1813,2025.09.01 03:45,buy,0.01,3474.06,2025.09.01 04:27,3474.23,0.1,Monday,42.0
1814,2025.09.01 15:01,buy,0.01,3475.83,2025.09.01 23:28,3476.86,0.96,Monday,507.0
1815,2025.09.02 05:45,buy,0.01,3496.08,2025.09.02 14:31,3500.72,4.57,Tuesday,526.0
1816,2025.09.03 06:41,buy,0.01,3535.05,2025.09.03 08:34,3537.1,1.98,Wednesday,113.0
1817,2025.09.03 11:00,buy,0.01,3540.11,2025.09.03 12:13,3544.22,4.04,Wednesday,73.0
1818,2025.09.04 05:15,buy,0.01,3531.4,2025.09.04 06:37,3537.03,5.56,Thursday,82.0
1819,2025.09.04 09:09,buy,0.01,3542.9,2025.09.04 11:53,3545.32,2.35,Thursday,164.0
1820,2025.09.08 03:44,buy,0.01,3584.62,2025.09.08 06:19,3589.99,5.3,Monday,155.0
1821,2025.09.08 11:25,buy,0.01,3616.34,2025.09.08 12:09,3616.61,0.2,Monday,44.0
1822,2025.09.08 17:34,buy,0.01,3635.74,2025.09.09 01:07,3637.55,1.14,Monday,453.0
1823,2025.09.09 13:02,buy,0.01,3647.6,2025.09.09 13:06,3647.94,0.27,Tuesday,4.0
1824,2025.09.10 03:25,buy,0.01,3634.75,2025.09.10 05:39,3639.83,5.01,Wednesday,134.0
1825,2025.09.10 04:47,sell,0.01,3641.54,2025.09.10 19:48,3639.4,2.07,Wednesday,901.0
1826,2025.09.10 13:41,buy,0.01,3650.4,2025.09.10 14:25,3650.67,0.2,Wednesday,44.0
1827,2025.09.11 03:58,buy,0.01,3631.64,2025.09.11 06:55,3633.56,1.85,Thursday,177.0
1828,2025.09.11 09:22,sell,0.01,3617.38,2025.09.11 12:30,3615.67,1.64,Thursday,188.0
1829,2025.09.11 12:13,buy,0.01,3618.26,2025.09.11 12:25,3622.12,3.79,Thursday,12.0
1830,2025.09.11 15:44,sell,0.01,3634.55,2025.09.11 19:05,3634.38,0.1,Thursday,201.0
1831,2025.09.15 05:06,buy,0.01,3644.68,2025.09.15 13:48,3659.56,14.81,Monday,522.0
1832,2025.09.15 13:15,sell,0.01,3649.48,2025.09.18 06:11,3637.69,13.81,Monday,3896.0
1833,2025.09.16 08:50,buy,0.01,3695.02,2025.09.16 12:05,3695.19,0.1,Tuesday,195.0
1834,2025.09.16 15:28,buy,0.01,3684.85,2025.09.16 16:44,3686.53,1.61,Tuesday,76.0
1835,2025.09.16 19:54,buy,0.01,3690.12,2025.09.17 01:00,3690.29,-0.5,Tuesday,306.0
1836,2025.09.17 05:53,buy,0.01,3677.82,2025.09.17 13:40,3677.99,0.1,Wednesday,467.0
1837,2025.09.17 22:21,buy,0.01,3662.88,2025.09.18 00:01,3666.25,1.51,Wednesday,100.0
1838,2025.09.18 03:34,buy,0.01,3662.07,2025.09.18 10:09,3667.66,5.52,Thursday,395.0
1839,2025.09.18 09:57,sell,0.01,3670.94,2025.09.18 11:19,3670.77,0.1,Thursday,82.0
1840,2025.09.18 15:25,buy,0.01,3640.03,2025.09.18 18:01,3641.76,1.66,Thursday,156.0
1841,2025.09.18 16:37,sell,0.01,3643.97,2025.09.19 00:00,3641.87,2.45,Thursday,443.0
1842,2025.09.18 20:51,buy,0.01,3644.15,2025.09.19 01:26,3646.85,2.03,Thursday,275.0
1843,2025.09.22 11:57,buy,0.01,3722.35,2025.09.22 19:28,3743.62,21.2,Monday,451.0
1844,2025.09.22 22:37,buy,0.01,3744.07,2025.09.23 01:01,3745.76,1.02,Monday,144.0
1845,2025.09.23 03:17,buy,0.01,3739.91,2025.09.23 05:53,3753.53,13.55,Tuesday,156.0
1846,2025.09.24 14:36,buy,0.01,3756.35,2025.09.25 08:28,3756.52,-1.69,Wednesday,1072.0
1847,2025.09.24 20:25,sell,0.01,3731.86,2025.09.25 13:51,3727.43,5.61,Wednesday,1046.0
1848,2025.09.25 15:04,buy,0.01,3729.22,2025.09.25 15:23,3734.14,4.85,Thursday,19.0
1849,2025.09.25 18:56,sell,0.01,3756.87,2025.09.25 19:09,3756.56,0.24,Thursday,13.0
1850,2025.09.29 17:50,buy,0.01,3827.63,2025.09.29 22:01,3829.52,1.82,Monday,251.0
1851,2025.09.30 07:19,buy,0.01,3853.2,2025.09.30 20:02,3855.2,1.93,Tuesday,763.0
1852,2025.09.30 14:48,sell,0.01,3848.2,2025.09.30 15:10,3838.05,10.08,Tuesday,22.0
1853,2025.10.01 05:55,buy,0.01,3863.38,2025.10.01 07:43,3868.99,5.54,Wednesday,108.0
1854,2025.10.02 03:53,buy,0.01,3864.84,2025.10.02 05:34,3866.85,1.94,Thursday,101.0
1855,2025.10.02 19:36,sell,0.01,3857.15,2025.10.02 20:06,3856.83,0.25,Thursday,30.0
1856,2025.10.07 05:43,buy,0.01,3962.26,2025.10.07 12:22,3967.02,4.69,Tuesday,399.0
1857,2025.10.08 08:13,buy,0.01,4037.53,2025.10.08 10:16,4044.71,7.11,Wednesday,123.0
1858,2025.10.08 17:56,buy,0.01,4052.18,2025.10.09 13:15,4052.35,-1.69,Wednesday,1159.0
1859,2025.10.09 20:27,sell,0.01,3976.45,2025.10.09 22:12,3962.16,14.22,Thursday,105.0
1860,2025.10.13 07:20,buy,0.01,4069.41,2025.10.13 07:31,4071.36,1.88,Monday,11.0
1861,2025.10.13 11:49,buy,0.01,4076.6,2025.10.13 12:35,4081.11,4.44,Monday,46.0
1862,2025.10.14 18:37,buy,0.01,4146.27,2025.10.14 19:06,4146.44,0.1,Tuesday,29.0
1863,2025.10.15 09:51,buy,0.01,4192.2,2025.10.15 10:24,4201.07,8.8,Wednesday,33.0
1864,2025.10.16 04:10,buy,0.01,4234.37,2025.10.16 04:40,4234.54,0.1,Thursday,30.0
1865,2025.10.16 08:08,buy,0.01,4232.95,2025.10.16 10:09,4237.74,4.72,Thursday,121.0
1866,2025.10.20 05:18,sell,0.01,4261.26,2025.10.20 05:24,4251.54,9.65,Monday,6.0
1867,2025.10.20 10:29,buy,0.01,4255.5,2025.10.20 10:58,4255.67,0.1,Monday,29.0
1868,2025.10.20 14:59,sell,0.01,4331.5,2025.10.21 05:35,4321.99,9.86,Monday,876.0
1869,2025.10.23 19:15,buy,0.01,4135.06,2025.10.24 01:11,4137.52,1.79,Thursday,356.0
1870,2025.10.27 12:38,sell,0.01,4032.99,2025.10.27 13:32,4024.93,7.99,Monday,54.0
1871,2025.10.27 18:17,sell,0.01,4008.03,2025.10.27 18:47,4006.29,1.67,Monday,30.0
1872,2025.10.28 15:43,sell,0.01,3963.3,2025.10.28 16:05,3958.74,4.49,Tuesday,22.0
1873,2025.10.28 20:53,sell,0.01,3953.28,2025.10.28 22:07,3948.98,4.23,Tuesday,74.0
1874,2025.10.29 04:54,sell,0.01,3955.86,2025.10.29 05:02,3955.62,0.17,Wednesday,8.0
1875,2025.10.29 17:46,buy,0.01,3992.55,2025.10.29 18:02,4003.03,10.41,Wednesday,16.0
1876,2025.10.30 19:54,sell,0.01,4024.1,2025.10.30 19:59,4023.93,0.1,Thursday,5.0
1877,2025.11.03 05:52,sell,0.01,4014.3,2025.11.03 06:08,4014.13,0.1,Monday,16.0
1878,2025.11.03 21:00,buy,0.01,4010.31,2025.11.06 08:41,4012.15,-1.21,Monday,3581.0
1879,2025.11.04 07:07,sell,0.01,3985.03,2025.11.04 13:36,3982.28,2.68,Tuesday,389.0
1880,2025.11.04 20:59,sell,0.01,3938.11,2025.11.04 23:03,3934.48,3.56,Tuesday,124.0
1881,2025.11.05 08:35,sell,0.01,3981.38,2025.11.05 09:04,3980.93,0.38,Wednesday,29.0
1882,2025.11.05 20:35,sell,0.01,3986.19,2025.11.05 23:00,3977.6,8.52,Wednesday,145.0
1883,2025.11.06 03:58,sell,0.01,3986.31,2025.11.06 06:48,3986.14,0.1,Thursday,170.0
1884,2025.11.06 09:46,sell,0.01,4011.65,2025.11.06 11:02,4009.49,2.09,Thursday,76.0
1885,2025.11.06 17:10,buy,0.01,3983.5,2025.11.06 18:01,3983.87,0.3,Thursday,51.0
1886,2025.11.06 18:14,sell,0.01,3983.19,2025.11.06 23:03,3978.85,4.27,Thursday,289.0
1887,2025.11.10 06:19,sell,0.01,4070.6,2025.11.14 13:23,4069.02,4.02,Monday,6184.0
1888,2025.11.11 05:55,buy,0.01,4133.2,2025.11.11 06:32,4133.51,0.24,Tuesday,37.0
1889,2025.11.11 18:25,buy,0.01,4113.22,2025.11.11 19:59,4121.48,8.19,Tuesday,94.0
1890,2025.11.12 03:42,buy,0.01,4120.21,2025.11.12 07:32,4120.51,0.23,Wednesday,230.0
1891,2025.11.13 04:57,buy,0.01,4207.05,2025.11.13 05:25,4212.14,5.02,Thursday,28.0
1892,2025.12.15 17:34,buy,0.01,4302.0,2025.12.15 17:52,4302.17,0.1,Monday,18.0
1893,2025.12.15 19:21,sell,0.01,4313.01,2025.12.15 19:48,4312.84,0.1,Monday,27.0
1894,2025.12.15 21:20,buy,0.01,4303.96,2025.12.15 23:57,4304.13,0.1,Monday,157.0
1895,2025.12.16 04:32,buy,0.01,4289.35,2025.12.16 13:02,4291.02,1.6,Tuesday,510.0
1896,2025.12.16 12:44,sell,0.01,4291.72,2025.12.19 19:00,4348.59,-54.85,Tuesday,4696.0
1897,2025.12.17 03:30,buy,0.01,4318.59,2025.12.17 04:34,4320.55,1.89,Wednesday,64.0
1898,2025.12.17 06:42,buy,0.01,4328.75,2025.12.17 13:46,4335.88,7.06,Wednesday,424.0
1899,2025.12.17 21:46,buy,0.01,4341.34,2025.12.18 16:14,4363.36,20.16,Wednesday,1108.0
1900,2025.12.18 19:16,buy,0.01,4330.22,2025.12.18 19:43,4330.39,0.1,Thursday,27.0
1901,2025.12.22 05:19,buy,0.01,4399.76,2025.12.22 05:37,4403.84,4.01,Monday,18.0
1902,2025.12.22 10:46,buy,0.01,4409.08,2025.12.22 13:01,4416.75,7.6,Monday,135.0
1903,2025.12.23 03:46,buy,0.01,4486.9,2025.12.23 08:55,4488.65,1.68,Tuesday,309.0
1904,2025.12.23 14:28,buy,0.01,4464.65,2025.12.23 14:29,4464.82,0.1,Tuesday,1.0
1905,2025.12.23 18:55,buy,0.01,4478.45,2025.12.23 19:13,4492.11,13.59,Tuesday,18.0
1906,2025.12.24 03:28,buy,0.01,4490.98,2025.12.24 03:47,4492.96,1.91,Wednesday,19.0
1907,2025.12.29 18:58,sell,0.01,4330.0,2025.12.29 20:39,4329.75,0.18,Monday,101.0
1908,2025.12.30 05:52,sell,0.01,4377.84,2025.12.30 06:27,4368.24,9.53,Tuesday,35.0
1909,2025.12.30 12:36,sell,0.01,4394.36,2025.12.30 13:20,4394.06,0.23,Tuesday,44.0
1910,2025.12.30 16:44,sell,0.01,4365.73,2025.12.30 19:53,4344.97,20.69,Tuesday,189.0
1911,2025.12.30 20:22,buy,0.01,4348.27,2025.12.30 20:41,4350.34,2.0,Tuesday,19.0
1912,2025.12.31 07:17,sell,0.01,4329.99,2025.12.31 08:17,4325.59,4.33,Wednesday,60.0
1913,2025.12.31 11:34,sell,0.01,4311.77,2025.12.31 12:07,4309.64,2.06,Wednesday,33.0
1914,2025.12.31 19:16,sell,0.01,4316.88,2025.12.31 19:46,4312.89,3.92,Wednesday,30.0
1915,2026.01.05 06:09,buy,0.01,4413.95,2026.01.05 06:27,4421.98,7.96,Monday,18.0
1916,2026.01.05 06:59,sell,0.01,4419.8,2026.01.05 11:28,4414.49,5.24,Monday,269.0
1917,2026.01.05 12:17,buy,0.01,4417.85,2026.01.05 14:16,4423.95,6.03,Monday,119.0
1918,2026.01.06 07:38,buy,0.01,4465.03,2026.01.06 08:29,4470.67,5.57,Tuesday,51.0
1919,2026.01.06 18:22,buy,0.01,4491.75,2026.01.06 21:01,4491.92,0.1,Tuesday,159.0
1920,2026.01.07 16:51,sell,0.01,4466.72,2026.01.07 18:20,4451.02,15.63,Wednesday,89.0
1921,2026.01.07 19:41,buy,0.01,4454.87,2026.01.07 20:28,4456.62,1.68,Wednesday,47.0
1922,2026.01.08 06:54,sell,0.01,4433.69,2026.01.08 07:56,4433.52,0.1,Thursday,62.0
1923,2026.01.08 09:07,buy,0.01,4432.56,2026.01.08 14:50,4435.19,2.56,Thursday,343.0
1924,2026.01.08 19:30,buy,0.01,4447.76,2026.01.08 20:40,4472.81,24.98,Thursday,70.0
1925,2026.01.13 05:52,buy,0.01,4592.36,2026.01.13 08:41,4592.86,0.43,Tuesday,169.0
1926,2026.01.14 03:44,buy,0.01,4623.44,2026.01.14 04:29,4625.55,2.04,Wednesday,45.0
1927,2026.01.14 07:03,buy,0.01,4635.24,2026.01.14 07:30,4635.41,0.1,Wednesday,27.0
1928,2026.01.15 04:40,sell,0.01,4594.6,2026.01.15 04:51,4593.83,0.7,Thursday,11.0
1929,2026.01.15 07:13,sell,0.01,4608.23,2026.01.15 08:00,4603.98,4.18,Thursday,47.0
1930,2026.01.15 07:23,buy,0.01,4610.68,2026.01.15 10:30,4610.96,0.21,Thursday,187.0
1931,2026.01.15 12:31,buy,0.01,4616.84,2026.01.15 16:21,4618.93,2.02,Thursday,230.0
1932,2026.01.15 18:20,sell,0.01,4618.79,2026.01.15 18:31,4617.37,1.35,Thursday,11.0
1933,2026.01.19 09:43,buy,0.01,4668.17,2026.01.19 12:51,4668.41,0.17,Monday,188.0
1934,2026.01.20 07:30,buy,0.01,4718.3,2026.01.20 07:51,4718.51,0.14,Tuesday,21.0
1935,2026.01.20 19:05,buy,0.01,4758.26,2026.01.20 19:25,4762.15,3.82,Tuesday,20.0
1936,2026.01.27 04:24,buy,0.01,5074.21,2026.01.27 05:52,5080.87,6.59,Tuesday,88.0
1937,2026.01.27 12:42,buy,0.01,5087.06,2026.01.27 13:03,5087.64,0.51,Tuesday,21.0
1938,2026.06.02 05:13,sell,0.01,4517.21,2026.06.02 13:00,4517.04,0.1,Tuesday,467.0
1939,2026.06.02 16:56,buy,0.01,4490.45,2026.06.03 00:46,4492.19,1.07,Tuesday,470.0
1940,2026.06.02 17:45,sell,0.01,4484.39,2026.06.02 18:48,4484.22,0.1,Tuesday,63.0
1941,2026.06.02 20:59,sell,0.01,4487.67,2026.06.02 23:11,4478.69,8.91,Tuesday,132.0
1942,2026.06.03 03:20,sell,0.01,4485.11,2026.06.03 05:13,4472.35,12.69,Wednesday,113.0
1943,2026.06.03 10:32,sell,0.01,4460.51,2026.06.03 10:50,4458.5,1.94,Wednesday,18.0
1944,2026.06.04 16:39,sell,0.01,4482.06,2026.06.04 17:26,4478.51,3.48,Thursday,47.0
1945,2026.06.04 18:19,buy,0.01,4478.34,2026.06.04 19:07,4478.51,0.1,Thursday,48.0
1946,2026.06.04 19:41,sell,0.01,4479.25,2026.06.04 22:17,4477.23,1.95,Thursday,156.0
1947,2026.06.08 18:25,sell,0.01,4343.72,2026.06.08 19:50,4329.11,14.54,Monday,85.0
1948,2026.06.09 04:08,sell,0.01,4335.2,2026.06.09 04:35,4328.32,6.81,Tuesday,27.0
1949,2026.06.09 08:56,sell,0.01,4328.88,2026.06.09 09:30,4328.07,0.74,Tuesday,34.0
1950,2026.06.09 11:31,sell,0.01,4337.44,2026.06.09 13:25,4335.43,1.94,Tuesday,114.0
1951,2026.06.09 20:15,sell,0.01,4258.2,2026.06.09 22:00,4253.55,4.58,Tuesday,105.0
1952,2026.08.10 10:13,buy,0.01,4340.5,2026.08.10 14:33,4347.11,6.54,Monday,260.0
1953,2026.08.11 08:15,buy,0.01,4364.95,2026.08.11 08:53,4372.59,7.57,Tuesday,38.0
1954,2026.08.11 17:47,buy,0.01,4375.79,2026.08.12 00:54,4379.27,2.81,Tuesday,427.0
1955,2026.08.12 04:34,buy,0.01,4397.75,2026.08.12 05:15,4399.6,1.78,Wednesday,41.0
1956,2026.08.12 20:36,buy,0.01,4407.21,2026.08.13 00:25,4433.24,24.17,Wednesday,229.0
1957,2026.08.13 09:55,sell,0.01,4380.26,2026.08.13 13:37,4379.73,0.46,Thursday,222.0
1958,2026.08.13 16:41,buy,0.01,4363.77,2026.08.13 17:17,4368.28,4.44,Thursday,36.0
1959,2026.08.17 03:53,sell,0.01,4394.38,2026.08.17 04:41,4393.97,0.34,Monday,48.0
1960,2026.08.17 10:05,buy,0.01,4394.08,2026.08.17 10:19,4395.49,1.34,Monday,14.0
1961,2026.08.17 17:56,buy,0.01,4417.53,2026.08.18 00:00,4425.05,6.85,Monday,364.0
1962,2026.08.18 07:48,sell,0.01,4401.45,2026.08.18 08:12,4391.94,9.44,Tuesday,24.0
1963,2026.08.18 11:20,buy,0.01,4393.17,2026.08.18 12:24,4396.58,3.34,Tuesday,64.0
1964,2026.08.18 18:25,buy,0.01,4357.1,2026.08.19 02:30,4357.29,-0.48,Tuesday,485.0
1965,2026.08.19 07:51,sell,0.01,4355.95,2026.08.19 08:04,4355.46,0.42,Wednesday,13.0
1966,2026.08.19 09:15,buy,0.01,4356.26,2026.08.19 11:17,4369.82,13.49,Wednesday,122.0
1967,2026.08.19 10:39,sell,0.01,4366.91,2026.08.19 12:07,4366.63,0.21,Wednesday,88.0
1968,2026.08.19 18:09,buy,0.01,4489.68,2026.08.19 19:37,4505.24,15.49,Wednesday,88.0
1969,2026.08.19 22:56,buy,0.01,4519.67,2026.08.20 15:01,4524.56,3.03,Wednesday,965.0
1970,2026.08.20 20:50,buy,0.01,4518.38,2026.08.20 23:08,4525.56,7.11,Thursday,138.0
1971,2026.08.24 09:54,buy,0.01,4643.0,2026.08.24 10:11,4645.56,2.49,Monday,17.0
1972,2026.08.24 17:35,buy,0.01,4637.31,2026.08.24 17:45,4637.89,0.51,Monday,10.0
1973,2026.08.25 16:48,buy,0.01,4643.15,2026.08.25 19:23,4663.13,19.91,Tuesday,155.0
1974,2026.08.26 03:59,buy,0.01,4643.99,2026.08.26 05:31,4645.3,1.24,Wednesday,92.0
1975,2026.08.26 09:42,buy,0.01,4620.42,2026.08.26 10:02,4620.67,0.18,Wednesday,20.0
1976,2026.08.26 16:14,buy,0.01,4598.61,2026.08.26 18:08,4600.36,1.68,Wednesday,114.0
1977,2026.08.27 18:14,buy,0.01,4605.04,2026.08.27 19:15,4613.78,8.67,Thursday,61.0
1978,2026.08.31 06:13,sell,0.01,4433.13,2026.08.31 13:47,4429.97,3.09,Monday,454.0
1979,2026.08.31 08:53,buy,0.01,4434.94,2026.08.31 09:10,4435.77,0.76,Monday,17.0
1980,2026.09.01 06:57,sell,0.01,4429.9,2026.09.01 07:31,4422.98,6.85,Tuesday,34.0
1981,2026.09.02 17:52,buy,0.01,4376.72,2026.09.02 20:12,4387.16,10.37,Wednesday,140.0
1982,2026.09.02 22:26,sell,0.01,4388.63,2026.09.02 23:44,4385.08,3.48,Wednesday,78.0
1983,2026.09.07 12:48,sell,0.01,4396.54,2026.09.08 07:40,4395.85,1.04,Monday,1132.0
1984,2026.09.09 03:24,sell,0.01,4377.82,2026.09.09 04:23,4375.84,1.91,Wednesday,59.0
1985,2026.09.09 09:01,buy,0.01,4401.16,2026.09.09 11:34,4404.5,3.27,Wednesday,153.0
1986,2026.09.09 11:12,sell,0.01,4404.0,2026.09.09 12:20,4399.97,3.96,Wednesday,68.0
1987,2026.09.09 14:50,sell,0.01,4420.47,2026.09.09 15:00,4420.29,0.11,Wednesday,10.0
1988,2026.09.09 17:47,buy,0.01,4414.9,2026.09.09 18:28,4416.71,1.74,Wednesday,41.0
1989,2026.09.09 20:56,sell,0.01,4400.33,2026.09.10 00:09,4393.81,7.7,Wednesday,193.0
1990,2026.09.10 08:29,buy,0.01,4405.29,2026.09.11 19:00,4346.87,-59.09,Thursday,2071.0
1991,2026.09.14 06:48,sell,0.01,4327.42,2026.09.14 07:05,4321.77,5.58,Monday,17.0
1992,2026.09.14 17:26,sell,0.01,4311.34,2026.09.14 18:33,4311.02,0.25,Monday,67.0
1993,2026.09.15 11:12,sell,0.01,4282.01,2026.09.15 12:27,4276.5,5.44,Tuesday,75.0
1994,2026.09.16 16:57,sell,0.01,4345.41,2026.09.16 18:00,4340.14,5.2,Wednesday,63.0
1995,2026.09.17 04:11,sell,0.01,4294.59,2026.09.17 04:36,4294.42,0.1,Thursday,25.0
1996,2026.09.17 09:35,sell,0.01,4307.32,2026.09.18 19:00,4381.96,-74.29,Thursday,2005.0
1997,2026.09.17 14:00,buy,0.01,4366.55,2026.09.17 14:11,4375.43,8.81,Thursday,11.0
1998,2026.09.21 05:19,buy,0.01,4355.18,2026.09.21 05:32,4357.9,2.65,Monday,13.0
1999,2026.09.21 08:35,sell,0.01,4354.69,2026.09.21 09:15,4354.06,0.56,Monday,40.0
2000,2026.09.21 17:01,buy,0.01,4343.36,2026.09.21 18:35,4347.22,3.79,Monday,94.0
2001,2026.09.22 05:58,buy,0.01,4325.67,2026.09.22 08:58,4331.18,5.44,Tuesday,180.0
2002,2026.09.22 17:05,sell,0.01,4336.96,2026.09.23 05:54,4333.12,4.19,Tuesday,769.0
2003,2026.09.23 20:27,sell,0.01,4284.05,2026.09.24 02:02,4278.09,7.14,Wednesday,335.0
2004,2026.09.24 09:35,sell,0.01,4257.37,2026.09.24 09:48,4254.7,2.6,Thursday,13.0
2005,2026.09.24 19:36,sell,0.01,4272.11,2026.09.24 20:39,4268.37,3.67,Thursday,63.0
2006,2026.09.24 22:44,sell,0.01,4270.52,2026.09.24 23:59,4264.75,5.7,Thursday,75.0
